message_id,event_id,client_id,message_order,speaker,text,event_type,lifecycle_stage,product,topic,sentiment,event_date
message_508b92b479f9,event_083e4c73eb20,C001,1,client,Меня не устраивает качество обслуживания. Тема обращения: жалоба на обслуживание.,complaint,жалоба,Страхование,жалоба на обслуживание,negative,2025-05-30
message_11fb6424a80c,event_083e4c73eb20,C001,2,operator,"Мне жаль, что вы столкнулись с такой ситуацией. Я зарегистрирую жалобу.",complaint,жалоба,Страхование,жалоба на обслуживание,negative,2025-05-30
message_9c2a654035e8,event_083e4c73eb20,C001,3,client,Можно ли получить подтверждение после завершения операции?,complaint,жалоба,Страхование,жалоба на обслуживание,negative,2025-05-30
message_e1157375f8ab,event_083e4c73eb20,C001,4,system,Системное уведомление: настроение обращения определено как «negative».,complaint,жалоба,Страхование,жалоба на обслуживание,negative,2025-05-30
message_32feb61e6110,event_083e4c73eb20,C001,5,client,Меня зовут Алевтина Игоревна Николаева. Прошу учесть мой прошлый опыт и текущий продукт.,complaint,жалоба,Страхование,жалоба на обслуживание,negative,2025-05-30
message_d6dc7514be67,event_083e4c73eb20,C001,6,system,Системное уведомление: клиенту присвоен статус обращения «in_progress».,complaint,жалоба,Страхование,жалоба на обслуживание,negative,2025-05-30
message_5c80086c7fdd,event_083e4c73eb20,C001,7,operator,Я зафиксировал обращение. Статус сейчас: in_progress.,complaint,жалоба,Страхование,жалоба на обслуживание,negative,2025-05-30
message_43e1ab93d089,event_13fa3c53a9e9,C001,1,client,Хочу оставить жалобу. По продукту «Страхование» возникла неприятная ситуация.,complaint,жалоба,Страхование,ошибка в приложении,negative,2025-04-20
message_c29919ec37f6,event_13fa3c53a9e9,C001,2,operator,"Мне жаль, что вы столкнулись с такой ситуацией. Я зарегистрирую жалобу.",complaint,жалоба,Страхование,ошибка в приложении,negative,2025-04-20
message_e9f8ba430656,event_13fa3c53a9e9,C001,3,client,Мне удобнее продолжить общение через канал «сайт».,complaint,жалоба,Страхование,ошибка в приложении,negative,2025-04-20
message_a2f74edcefa7,event_13fa3c53a9e9,C001,4,operator,"По этому обращению указан статус «escalated», оценка удовлетворенности будет учтена.",complaint,жалоба,Страхование,ошибка в приложении,negative,2025-04-20
message_9ee0e343220a,event_23cb234e9bed,C001,1,client,Я недоволен ситуацией по продукту «Страхование». Проблема: жалоба на обслуживание.,complaint,жалоба,Страхование,жалоба на обслуживание,negative,2025-01-18
message_b622255797ef,event_23cb234e9bed,C001,2,operator,Понимаю ваше недовольство. Зафиксирую обращение и передам его в работу.,complaint,жалоба,Страхование,жалоба на обслуживание,negative,2025-01-18
message_5ed1c28aa7d0,event_23cb234e9bed,C001,3,client,Можно ли получить подтверждение после завершения операции?,complaint,жалоба,Страхование,жалоба на обслуживание,negative,2025-01-18
message_7b1fa0c58cc4,event_23cb234e9bed,C001,4,system,Системное уведомление: настроение обращения определено как «negative».,complaint,жалоба,Страхование,жалоба на обслуживание,negative,2025-01-18
message_7e2d5451b3cd,event_23cb234e9bed,C001,5,operator,"Если появятся дополнительные вопросы, можно продолжить диалог в этом же канале.",complaint,жалоба,Страхование,жалоба на обслуживание,negative,2025-01-18
message_0f52f5143cb3,event_27771ad1ae68,C001,1,client,У меня есть вопрос по использованию продукта «Дебетовая карта».,usage,использование продукта,Дебетовая карта,комиссия,neutral,2024-12-11
message_866fa64cbe86,event_27771ad1ae68,C001,2,operator,Давайте посмотрим детали операции и найдем ответ.,usage,использование продукта,Дебетовая карта,комиссия,neutral,2024-12-11
message_92f4890685b2,event_27771ad1ae68,C001,3,client,Я хочу понимать сроки и что будет происходить дальше.,usage,использование продукта,Дебетовая карта,комиссия,neutral,2024-12-11
message_6635c4711190,event_27771ad1ae68,C001,4,system,Системное уведомление: клиенту присвоен статус обращения «completed».,usage,использование продукта,Дебетовая карта,комиссия,neutral,2024-12-11
message_215e0f4840f9,event_27771ad1ae68,C001,5,operator,Я вижу историю клиента и учитываю этап «использование продукта».,usage,использование продукта,Дебетовая карта,комиссия,neutral,2024-12-11
message_0e6b652c8a7a,event_27771ad1ae68,C001,6,system,Системное уведомление: настроение обращения определено как «neutral».,usage,использование продукта,Дебетовая карта,комиссия,neutral,2024-12-11
message_8260cb2fa08d,event_27771ad1ae68,C001,7,client,Меня зовут Алевтина Игоревна Николаева. Прошу учесть мой прошлый опыт и текущий продукт.,usage,использование продукта,Дебетовая карта,комиссия,neutral,2024-12-11
message_fb9f05378cf1,event_27771ad1ae68,C001,8,operator,Отправлю вам подтверждение и краткое резюме по теме «комиссия».,usage,использование продукта,Дебетовая карта,комиссия,neutral,2024-12-11
message_f8cf73881388,event_27f9b4ebb9c8,C001,1,client,"Ситуация по теме «техническая ошибка» затянулась, нужна эскалация.",escalation,эскалация,Страхование,техническая ошибка,negative,2025-06-27
message_755ad68990f2,event_27f9b4ebb9c8,C001,2,operator,Я передаю обращение на следующий уровень поддержки и отмечаю срочность.,escalation,эскалация,Страхование,техническая ошибка,negative,2025-06-27
message_4c7de3a189e3,event_27f9b4ebb9c8,C001,3,client,Можно ли получить подтверждение после завершения операции?,escalation,эскалация,Страхование,техническая ошибка,negative,2025-06-27
message_758145ab230c,event_27f9b4ebb9c8,C001,4,system,Системное уведомление: клиенту присвоен статус обращения «escalated».,escalation,эскалация,Страхование,техническая ошибка,negative,2025-06-27
message_ae41ef553faf,event_27f9b4ebb9c8,C001,5,system,Системное уведомление: настроение обращения определено как «negative».,escalation,эскалация,Страхование,техническая ошибка,negative,2025-06-27
message_cfaf014ce20e,event_27f9b4ebb9c8,C001,6,operator,Я зафиксировал обращение. Статус сейчас: escalated.,escalation,эскалация,Страхование,техническая ошибка,negative,2025-06-27
message_c8661c47e887,event_65d9b172fbc2,C001,1,client,"Мне сообщили, что вопрос почти решен. Подтвердите, пожалуйста.",problem_resolved,решение проблемы,Страхование,техническая ошибка,positive,2025-04-01
message_0c152405d793,event_65d9b172fbc2,C001,2,operator,"По вашему обращению есть результат. Проблема закрыта, данные обновлены.",problem_resolved,решение проблемы,Страхование,техническая ошибка,positive,2025-04-01
message_71866daedc80,event_65d9b172fbc2,C001,3,client,Можно ли получить подтверждение после завершения операции?,problem_resolved,решение проблемы,Страхование,техническая ошибка,positive,2025-04-01
message_df4bd7728c38,event_65d9b172fbc2,C001,4,operator,Я вижу историю клиента и учитываю этап «решение проблемы».,problem_resolved,решение проблемы,Страхование,техническая ошибка,positive,2025-04-01
message_9de39e6ba4fe,event_65d9b172fbc2,C001,5,client,Меня зовут Алевтина Игоревна Николаева. Прошу учесть мой прошлый опыт и текущий продукт.,problem_resolved,решение проблемы,Страхование,техническая ошибка,positive,2025-04-01
message_cd4e85a3f2bc,event_65d9b172fbc2,C001,6,system,Системное уведомление: настроение обращения определено как «positive».,problem_resolved,решение проблемы,Страхование,техническая ошибка,positive,2025-04-01
message_71c59e4e9661,event_65d9b172fbc2,C001,7,operator,"Информация передана в работу, ориентировочный срок решения зависит от проверки.",problem_resolved,решение проблемы,Страхование,техническая ошибка,positive,2025-04-01
message_254ae0f7ca1b,event_8c29135abac0,C001,1,client,Прошу передать обращение старшему специалисту. Вопрос по «Страхование» не решен.,escalation,эскалация,Страхование,блокировка карты,negative,2025-02-24
message_e7945ed9103a,event_8c29135abac0,C001,2,operator,Эскалация оформлена. Специалист проверит историю обращений.,escalation,эскалация,Страхование,блокировка карты,negative,2025-02-24
message_4d397156e12d,event_8c29135abac0,C001,3,client,Мне удобнее продолжить общение через канал «офис».,escalation,эскалация,Страхование,блокировка карты,negative,2025-02-24
message_15e597b6c1ab,event_8c29135abac0,C001,4,system,Системное уведомление: история взаимодействий клиента обновлена.,escalation,эскалация,Страхование,блокировка карты,negative,2025-02-24
message_cbb11d9fda43,event_8c29135abac0,C001,5,operator,"Если появятся дополнительные вопросы, можно продолжить диалог в этом же канале.",escalation,эскалация,Страхование,блокировка карты,negative,2025-02-24
message_6b3832a31893,event_9574cad4294c,C001,1,client,"Обращаюсь в поддержку, потому что есть проблема: техническая ошибка.",support_question,вопрос в поддержку,Страхование,техническая ошибка,positive,2025-05-15
message_7cc3c13c3c9f,event_9574cad4294c,C001,2,operator,Понимаю. Сейчас проверю обращение и предложу решение.,support_question,вопрос в поддержку,Страхование,техническая ошибка,positive,2025-05-15
message_0efdb07fa575,event_9574cad4294c,C001,3,client,Мне удобнее продолжить общение через канал «мобильное приложение».,support_question,вопрос в поддержку,Страхование,техническая ошибка,positive,2025-05-15
message_545090183cc5,event_9574cad4294c,C001,4,client,Меня зовут Алевтина Игоревна Николаева. Прошу учесть мой прошлый опыт и текущий продукт.,support_question,вопрос в поддержку,Страхование,техническая ошибка,positive,2025-05-15
message_42df4a3331a1,event_9574cad4294c,C001,5,system,Системное уведомление: тема обращения классифицирована как «техническая ошибка».,support_question,вопрос в поддержку,Страхование,техническая ошибка,positive,2025-05-15
message_b5618d640c3a,event_9574cad4294c,C001,6,system,Системное уведомление: настроение обращения определено как «positive».,support_question,вопрос в поддержку,Страхование,техническая ошибка,positive,2025-05-15
message_767b9a4df7c9,event_9574cad4294c,C001,7,operator,Я вижу историю клиента и учитываю этап «вопрос в поддержку».,support_question,вопрос в поддержку,Страхование,техническая ошибка,positive,2025-05-15
message_1cb67de5968f,event_9574cad4294c,C001,8,operator,Я зафиксировал обращение. Статус сейчас: resolved.,support_question,вопрос в поддержку,Страхование,техническая ошибка,positive,2025-05-15
message_ca44667fb050,event_0d8e4d9e5b33,C002,1,client,"Подскажите, пожалуйста, как правильно действовать по теме «комиссия».",usage,использование продукта,Страхование,комиссия,positive,2024-11-11
message_ccfe68fd1b0e,event_0d8e4d9e5b33,C002,2,operator,Давайте посмотрим детали операции и найдем ответ.,usage,использование продукта,Страхование,комиссия,positive,2024-11-11
message_a1d3966f26a3,event_0d8e4d9e5b33,C002,3,client,Я хочу понимать сроки и что будет происходить дальше.,usage,использование продукта,Страхование,комиссия,positive,2024-11-11
message_a914440f8284,event_0d8e4d9e5b33,C002,4,system,Системное уведомление: настроение обращения определено как «positive».,usage,использование продукта,Страхование,комиссия,positive,2024-11-11
message_856f8384811b,event_0d8e4d9e5b33,C002,5,operator,Я вижу историю клиента и учитываю этап «использование продукта».,usage,использование продукта,Страхование,комиссия,positive,2024-11-11
message_8e18ab9bc4c1,event_0d8e4d9e5b33,C002,6,system,Системное уведомление: клиенту присвоен статус обращения «completed».,usage,использование продукта,Страхование,комиссия,positive,2024-11-11
message_c2b7f3b8a343,event_0d8e4d9e5b33,C002,7,client,Меня зовут Зиновьева Валентина Тимофеевна. Прошу учесть мой прошлый опыт и текущий продукт.,usage,использование продукта,Страхование,комиссия,positive,2024-11-11
message_bb3479831f84,event_0d8e4d9e5b33,C002,8,operator,"Если появятся дополнительные вопросы, можно продолжить диалог в этом же канале.",usage,использование продукта,Страхование,комиссия,positive,2024-11-11
message_68094da24515,event_1d9133db1e58,C002,1,client,"Я уже обращался, но проблема с продуктом «Потребительский кредит» остается.",escalation,эскалация,Потребительский кредит,блокировка карты,negative,2024-12-30
message_280480dccff2,event_1d9133db1e58,C002,2,operator,Эскалация оформлена. Специалист проверит историю обращений.,escalation,эскалация,Потребительский кредит,блокировка карты,negative,2024-12-30
message_2c48610c2aa8,event_1d9133db1e58,C002,3,client,Мне удобнее продолжить общение через канал «чат».,escalation,эскалация,Потребительский кредит,блокировка карты,negative,2024-12-30
message_33bb1ae9d038,event_1d9133db1e58,C002,4,operator,Я вижу историю клиента и учитываю этап «эскалация».,escalation,эскалация,Потребительский кредит,блокировка карты,negative,2024-12-30
message_15baca0b4b10,event_1d9133db1e58,C002,5,client,Меня зовут Зиновьева Валентина Тимофеевна. Прошу учесть мой прошлый опыт и текущий продукт.,escalation,эскалация,Потребительский кредит,блокировка карты,negative,2024-12-30
message_b42fa5a02c31,event_1d9133db1e58,C002,6,operator,Я зафиксировал обращение. Статус сейчас: escalated.,escalation,эскалация,Потребительский кредит,блокировка карты,negative,2024-12-30
message_a7793cca36fb,event_240a45d6b2a1,C002,1,client,"Мне сообщили, что вопрос почти решен. Подтвердите, пожалуйста.",problem_resolved,решение проблемы,Накопительный счет,возврат средств,positive,2025-01-19
message_956feead680e,event_240a45d6b2a1,C002,2,operator,"Проверила статус: решение уже применено, сейчас объясню детали.",problem_resolved,решение проблемы,Накопительный счет,возврат средств,positive,2025-01-19
message_3fc9e5246b41,event_240a45d6b2a1,C002,3,client,Я хочу понимать сроки и что будет происходить дальше.,problem_resolved,решение проблемы,Накопительный счет,возврат средств,positive,2025-01-19
message_21a83f6633bb,event_240a45d6b2a1,C002,4,system,Системное уведомление: тема обращения классифицирована как «возврат средств».,problem_resolved,решение проблемы,Накопительный счет,возврат средств,positive,2025-01-19
message_7a30c501beb6,event_240a45d6b2a1,C002,5,operator,"Информация передана в работу, ориентировочный срок решения зависит от проверки.",problem_resolved,решение проблемы,Накопительный счет,возврат средств,positive,2025-01-19
message_140425a4d8dc,event_33213a837f9a,C002,1,client,Хочу оставить жалобу. По продукту «Накопительный счет» возникла неприятная ситуация.,complaint,жалоба,Накопительный счет,блокировка карты,negative,2024-11-25
message_84722204b65d,event_33213a837f9a,C002,2,operator,"Давайте подробно опишем проблему, чтобы ее можно было проверить.",complaint,жалоба,Накопительный счет,блокировка карты,negative,2024-11-25
message_7bc6896c8f39,event_33213a837f9a,C002,3,client,"Уточните, пожалуйста, это повлияет на мои текущие продукты?",complaint,жалоба,Накопительный счет,блокировка карты,negative,2024-11-25
message_cd5b73915e08,event_33213a837f9a,C002,4,system,Системное уведомление: клиенту присвоен статус обращения «in_progress».,complaint,жалоба,Накопительный счет,блокировка карты,negative,2024-11-25
message_b9fba591329d,event_33213a837f9a,C002,5,client,Меня зовут Зиновьева Валентина Тимофеевна. Прошу учесть мой прошлый опыт и текущий продукт.,complaint,жалоба,Накопительный счет,блокировка карты,negative,2024-11-25
message_3d005507c668,event_33213a837f9a,C002,6,system,Системное уведомление: настроение обращения определено как «negative».,complaint,жалоба,Накопительный счет,блокировка карты,negative,2024-11-25
message_7d25fe5c62e1,event_33213a837f9a,C002,7,operator,Я вижу историю клиента и учитываю этап «жалоба».,complaint,жалоба,Накопительный счет,блокировка карты,negative,2024-11-25
message_6697a150033e,event_33213a837f9a,C002,8,operator,"Если появятся дополнительные вопросы, можно продолжить диалог в этом же канале.",complaint,жалоба,Накопительный счет,блокировка карты,negative,2024-11-25
message_bb8cc785fa17,event_7dce7853327a,C002,1,client,"После прошлой ситуации хочу понять, какие условия вы можете предложить.",retention,удержание,Накопительный счет,консультация по тарифам,positive,2025-01-26
message_ff16b8c28d64,event_7dce7853327a,C002,2,operator,Могу предложить индивидуальные условия и контроль следующего обращения.,retention,удержание,Накопительный счет,консультация по тарифам,positive,2025-01-26
message_89d821ef92cd,event_7dce7853327a,C002,3,client,"Уточните, пожалуйста, это повлияет на мои текущие продукты?",retention,удержание,Накопительный счет,консультация по тарифам,positive,2025-01-26
message_8c97e42e1eda,event_7dce7853327a,C002,4,client,Меня зовут Зиновьева Валентина Тимофеевна. Прошу учесть мой прошлый опыт и текущий продукт.,retention,удержание,Накопительный счет,консультация по тарифам,positive,2025-01-26
message_f93429df9f71,event_7dce7853327a,C002,5,operator,Я вижу историю клиента и учитываю этап «удержание».,retention,удержание,Накопительный счет,консультация по тарифам,positive,2025-01-26
message_70e2f445c71f,event_7dce7853327a,C002,6,system,Системное уведомление: история взаимодействий клиента обновлена.,retention,удержание,Накопительный счет,консультация по тарифам,positive,2025-01-26
message_3e9eba6940a9,event_7dce7853327a,C002,7,operator,Отправлю вам подтверждение и краткое резюме по теме «консультация по тарифам».,retention,удержание,Накопительный счет,консультация по тарифам,positive,2025-01-26
message_b5c34c307ef7,event_76c822a306f4,C003,1,client,После последнего опыта я хочу уйти из банка.,churn,уход клиента,Кредитная карта,комиссия,negative,2024-10-09
message_90b153f5606d,event_76c822a306f4,C003,2,operator,"Понимаю. Зафиксирую причину ухода и проверю, что нужно закрыть.",churn,уход клиента,Кредитная карта,комиссия,negative,2024-10-09
message_c7db9c366d1b,event_76c822a306f4,C003,3,client,"Уточните, пожалуйста, это повлияет на мои текущие продукты?",churn,уход клиента,Кредитная карта,комиссия,negative,2024-10-09
message_004712ec5bed,event_76c822a306f4,C003,4,operator,Я вижу историю клиента и учитываю этап «уход клиента».,churn,уход клиента,Кредитная карта,комиссия,negative,2024-10-09
message_9df4bc30ad30,event_76c822a306f4,C003,5,system,Системное уведомление: клиенту присвоен статус обращения «lost».,churn,уход клиента,Кредитная карта,комиссия,negative,2024-10-09
message_882e91565904,event_76c822a306f4,C003,6,client,Меня зовут Родионов Амос Аксёнович. Прошу учесть мой прошлый опыт и текущий продукт.,churn,уход клиента,Кредитная карта,комиссия,negative,2024-10-09
message_576c0a9c281a,event_76c822a306f4,C003,7,operator,"По этому обращению указан статус «lost», оценка удовлетворенности будет учтена.",churn,уход клиента,Кредитная карта,комиссия,negative,2024-10-09
message_9ded3edd6dd1,event_8d7423c933c5,C003,1,client,Меня не устраивает качество обслуживания. Тема обращения: комиссия.,complaint,жалоба,Накопительный счет,комиссия,neutral,2024-09-04
message_4cd107d7427e,event_8d7423c933c5,C003,2,operator,Понимаю ваше недовольство. Зафиксирую обращение и передам его в работу.,complaint,жалоба,Накопительный счет,комиссия,neutral,2024-09-04
message_7866ed5e909a,event_8d7423c933c5,C003,3,client,"Уточните, пожалуйста, это повлияет на мои текущие продукты?",complaint,жалоба,Накопительный счет,комиссия,neutral,2024-09-04
message_fbc6fbd83816,event_8d7423c933c5,C003,4,operator,Я зафиксировал обращение. Статус сейчас: escalated.,complaint,жалоба,Накопительный счет,комиссия,neutral,2024-09-04
message_d2ddd023e112,event_b1f221297bf6,C003,1,client,"Подскажите, пожалуйста, как правильно действовать по теме «изменение персональных данных».",usage,использование продукта,Кредитная карта,изменение персональных данных,neutral,2024-08-19
message_01856a3388c9,event_b1f221297bf6,C003,2,operator,Я помогу разобраться с использованием продукта.,usage,использование продукта,Кредитная карта,изменение персональных данных,neutral,2024-08-19
message_4b3ef5e359fd,event_b1f221297bf6,C003,3,client,"Уточните, пожалуйста, это повлияет на мои текущие продукты?",usage,использование продукта,Кредитная карта,изменение персональных данных,neutral,2024-08-19
message_5949d2837810,event_b1f221297bf6,C003,4,operator,Я вижу историю клиента и учитываю этап «использование продукта».,usage,использование продукта,Кредитная карта,изменение персональных данных,neutral,2024-08-19
message_097d45c80a02,event_b1f221297bf6,C003,5,system,Системное уведомление: история взаимодействий клиента обновлена.,usage,использование продукта,Кредитная карта,изменение персональных данных,neutral,2024-08-19
message_b17e66c50478,event_b1f221297bf6,C003,6,client,Меня зовут Родионов Амос Аксёнович. Прошу учесть мой прошлый опыт и текущий продукт.,usage,использование продукта,Кредитная карта,изменение персональных данных,neutral,2024-08-19
message_da7dfc59cf26,event_b1f221297bf6,C003,7,operator,"По этому обращению указан статус «completed», оценка удовлетворенности будет учтена.",usage,использование продукта,Кредитная карта,изменение персональных данных,neutral,2024-08-19
message_8ef736353086,event_1c0c1f40b7e7,C004,1,client,"Здравствуйте, хочу понять, как у вас работает продукт «Ипотека». Интересуют консультация по тарифам.",introduction,знакомство,Ипотека,консультация по тарифам,neutral,2024-11-21
message_d0f8b330f98a,event_1c0c1f40b7e7,C004,2,operator,Здравствуйте. Я помогу сориентироваться по условиям и ограничениям.,introduction,знакомство,Ипотека,консультация по тарифам,neutral,2024-11-21
message_c6cf8b42bb87,event_1c0c1f40b7e7,C004,3,client,Можно ли получить подтверждение после завершения операции?,introduction,знакомство,Ипотека,консультация по тарифам,neutral,2024-11-21
message_b20ceb478c85,event_1c0c1f40b7e7,C004,4,operator,Я зафиксировал обращение. Статус сейчас: completed.,introduction,знакомство,Ипотека,консультация по тарифам,neutral,2024-11-21
message_b9d5855bd366,event_32f0087e4868,C005,1,client,После предыдущего опыта хочу рассмотреть повторную покупку продукта «Ипотека».,repeat_purchase,повторная покупка,Ипотека,оформление продукта,positive,2024-12-22
message_d735f574cba0,event_32f0087e4868,C005,2,operator,"Рада, что вы вернулись. Проверю доступные условия для нового продукта.",repeat_purchase,повторная покупка,Ипотека,оформление продукта,positive,2024-12-22
message_86a233d6e0e4,event_32f0087e4868,C005,3,client,Я хочу понимать сроки и что будет происходить дальше.,repeat_purchase,повторная покупка,Ипотека,оформление продукта,positive,2024-12-22
message_618f82e90f1f,event_32f0087e4868,C005,4,operator,Я вижу историю клиента и учитываю этап «повторная покупка».,repeat_purchase,повторная покупка,Ипотека,оформление продукта,positive,2024-12-22
message_6d6656fdf72e,event_32f0087e4868,C005,5,operator,Отправлю вам подтверждение и краткое резюме по теме «оформление продукта».,repeat_purchase,повторная покупка,Ипотека,оформление продукта,positive,2024-12-22
message_ba2326ec926d,event_793eb5cc3758,C005,1,client,Я принял решение оформить «Инвестиционный счет». Помогите завершить заявку.,purchase,покупка,Инвестиционный счет,условия продукта,positive,2024-10-28
message_71fc1f109143,event_793eb5cc3758,C005,2,operator,"Отлично, я помогу оформить заявку и проверю необходимые данные.",purchase,покупка,Инвестиционный счет,условия продукта,positive,2024-10-28
message_697881cd7b25,event_793eb5cc3758,C005,3,client,"Важно, чтобы решение было понятным и без скрытых условий.",purchase,покупка,Инвестиционный счет,условия продукта,positive,2024-10-28
message_d74eaa406909,event_793eb5cc3758,C005,4,client,Меня зовут Лазарева София Николаевна. Прошу учесть мой прошлый опыт и текущий продукт.,purchase,покупка,Инвестиционный счет,условия продукта,positive,2024-10-28
message_839388d7cf37,event_793eb5cc3758,C005,5,operator,Я вижу историю клиента и учитываю этап «покупка».,purchase,покупка,Инвестиционный счет,условия продукта,positive,2024-10-28
message_3830bbb451c6,event_793eb5cc3758,C005,6,system,Системное уведомление: клиенту присвоен статус обращения «completed».,purchase,покупка,Инвестиционный счет,условия продукта,positive,2024-10-28
message_43d6edcc7cb2,event_793eb5cc3758,C005,7,operator,Я зафиксировал обращение. Статус сейчас: completed.,purchase,покупка,Инвестиционный счет,условия продукта,positive,2024-10-28
message_989d0ac053d3,event_7c2d07c505cf,C005,1,client,Добрый день. Я впервые обращаюсь в банк и хочу узнать про «Накопительный счет».,introduction,знакомство,Накопительный счет,оформление продукта,neutral,2024-09-28
message_73cacc0f7212,event_7c2d07c505cf,C005,2,operator,Здравствуйте. Расскажу основные условия и помогу выбрать подходящий вариант.,introduction,знакомство,Накопительный счет,оформление продукта,neutral,2024-09-28
message_dcb87efdf279,event_7c2d07c505cf,C005,3,client,Я хочу понимать сроки и что будет происходить дальше.,introduction,знакомство,Накопительный счет,оформление продукта,neutral,2024-09-28
message_4507ade241e0,event_7c2d07c505cf,C005,4,operator,"По этому обращению указан статус «completed», оценка удовлетворенности будет учтена.",introduction,знакомство,Накопительный счет,оформление продукта,neutral,2024-09-28
message_b1c2ca7627b0,event_a05b43d094d4,C005,1,client,Пользуюсь продуктом «Инвестиционный счет» и хочу уточнить вопрос: условия продукта.,usage,использование продукта,Инвестиционный счет,условия продукта,neutral,2024-11-25
message_576f409bec66,event_a05b43d094d4,C005,2,operator,Я помогу разобраться с использованием продукта.,usage,использование продукта,Инвестиционный счет,условия продукта,neutral,2024-11-25
message_b007b1d8b066,event_a05b43d094d4,C005,3,client,Можно ли получить подтверждение после завершения операции?,usage,использование продукта,Инвестиционный счет,условия продукта,neutral,2024-11-25
message_be5a22246f83,event_a05b43d094d4,C005,4,system,Системное уведомление: настроение обращения определено как «neutral».,usage,использование продукта,Инвестиционный счет,условия продукта,neutral,2024-11-25
message_a84b9cfbc360,event_a05b43d094d4,C005,5,client,Меня зовут Лазарева София Николаевна. Прошу учесть мой прошлый опыт и текущий продукт.,usage,использование продукта,Инвестиционный счет,условия продукта,neutral,2024-11-25
message_1e91aa19a95a,event_a05b43d094d4,C005,6,system,Системное уведомление: обращение зарегистрировано и связано с продуктом «Инвестиционный счет».,usage,использование продукта,Инвестиционный счет,условия продукта,neutral,2024-11-25
message_a01a4a96ced1,event_a05b43d094d4,C005,7,operator,Я вижу историю клиента и учитываю этап «использование продукта».,usage,использование продукта,Инвестиционный счет,условия продукта,neutral,2024-11-25
message_244efc0d8279,event_a05b43d094d4,C005,8,operator,Я зафиксировал обращение. Статус сейчас: completed.,usage,использование продукта,Инвестиционный счет,условия продукта,neutral,2024-11-25
message_79cc3c238d2e,event_e29857fe2fc9,C005,1,client,Рассматриваю «Страхование» и хочу уточнить условия перед оформлением.,product_interest,интерес к продукту,Страхование,повышение лимита,neutral,2024-10-16
message_1e012a64f7f5,event_e29857fe2fc9,C005,2,operator,"Могу рассказать про тариф, лимиты, комиссии и порядок оформления.",product_interest,интерес к продукту,Страхование,повышение лимита,neutral,2024-10-16
message_b51afaa15c04,event_e29857fe2fc9,C005,3,client,Я хочу понимать сроки и что будет происходить дальше.,product_interest,интерес к продукту,Страхование,повышение лимита,neutral,2024-10-16
message_31da77aff0e8,event_e29857fe2fc9,C005,4,client,Меня зовут Лазарева София Николаевна. Прошу учесть мой прошлый опыт и текущий продукт.,product_interest,интерес к продукту,Страхование,повышение лимита,neutral,2024-10-16
message_fd874b2c6a62,event_e29857fe2fc9,C005,5,system,Системное уведомление: история взаимодействий клиента обновлена.,product_interest,интерес к продукту,Страхование,повышение лимита,neutral,2024-10-16
message_b42f48c24b6a,event_e29857fe2fc9,C005,6,operator,Я зафиксировал обращение. Статус сейчас: completed.,product_interest,интерес к продукту,Страхование,повышение лимита,neutral,2024-10-16
message_2cd0f9ed9b4d,event_a90922b8c751,C006,1,client,Хочу оставить жалобу. По продукту «Кредитная карта» возникла неприятная ситуация.,complaint,жалоба,Кредитная карта,блокировка карты,negative,2024-11-14
message_d8dafbd59031,event_a90922b8c751,C006,2,operator,"Мне жаль, что вы столкнулись с такой ситуацией. Я зарегистрирую жалобу.",complaint,жалоба,Кредитная карта,блокировка карты,negative,2024-11-14
message_9382e5342b40,event_a90922b8c751,C006,3,client,Можно ли получить подтверждение после завершения операции?,complaint,жалоба,Кредитная карта,блокировка карты,negative,2024-11-14
message_bcf89cc4e181,event_a90922b8c751,C006,4,client,Меня зовут Сафонов Клавдий Абрамович. Прошу учесть мой прошлый опыт и текущий продукт.,complaint,жалоба,Кредитная карта,блокировка карты,negative,2024-11-14
message_bf459e843315,event_a90922b8c751,C006,5,system,Системное уведомление: настроение обращения определено как «negative».,complaint,жалоба,Кредитная карта,блокировка карты,negative,2024-11-14
message_9048e06626a6,event_a90922b8c751,C006,6,operator,"Информация передана в работу, ориентировочный срок решения зависит от проверки.",complaint,жалоба,Кредитная карта,блокировка карты,negative,2024-11-14
message_e2c299817796,event_cf43f0366792,C006,1,client,"Не вижу смысла продолжать обслуживание, хочу завершить отношения с банком.",churn,уход клиента,Кредитная карта,жалоба на обслуживание,negative,2024-12-08
message_8b62cfc900bb,event_cf43f0366792,C006,2,operator,"Мне жаль, что вы приняли такое решение. Я помогу корректно завершить обслуживание.",churn,уход клиента,Кредитная карта,жалоба на обслуживание,negative,2024-12-08
message_475454eaa2f7,event_cf43f0366792,C006,3,client,Можно ли получить подтверждение после завершения операции?,churn,уход клиента,Кредитная карта,жалоба на обслуживание,negative,2024-12-08
message_126e369cb71d,event_cf43f0366792,C006,4,system,Системное уведомление: клиенту присвоен статус обращения «lost».,churn,уход клиента,Кредитная карта,жалоба на обслуживание,negative,2024-12-08
message_1bd6f7fc661e,event_cf43f0366792,C006,5,operator,Я вижу историю клиента и учитываю этап «уход клиента».,churn,уход клиента,Кредитная карта,жалоба на обслуживание,negative,2024-12-08
message_73ddd1c58c65,event_cf43f0366792,C006,6,system,Системное уведомление: настроение обращения определено как «negative».,churn,уход клиента,Кредитная карта,жалоба на обслуживание,negative,2024-12-08
message_f3d318109c97,event_cf43f0366792,C006,7,client,Меня зовут Сафонов Клавдий Абрамович. Прошу учесть мой прошлый опыт и текущий продукт.,churn,уход клиента,Кредитная карта,жалоба на обслуживание,negative,2024-12-08
message_d31ef103d9a5,event_cf43f0366792,C006,8,operator,"По этому обращению указан статус «lost», оценка удовлетворенности будет учтена.",churn,уход клиента,Кредитная карта,жалоба на обслуживание,negative,2024-12-08
message_98ae42704d4f,event_0a092504170b,C007,1,client,"Хочу оформить «Кредитная карта». Подскажите, что нужно сделать.",purchase,покупка,Кредитная карта,оформление продукта,positive,2025-01-21
message_5d442c464a44,event_0a092504170b,C007,2,operator,Для оформления понадобится подтвердить данные и выбрать параметры продукта.,purchase,покупка,Кредитная карта,оформление продукта,positive,2025-01-21
message_ed5e9bd3e722,event_0a092504170b,C007,3,client,"Важно, чтобы решение было понятным и без скрытых условий.",purchase,покупка,Кредитная карта,оформление продукта,positive,2025-01-21
message_066dfc58a8b9,event_0a092504170b,C007,4,system,Системное уведомление: настроение обращения определено как «positive».,purchase,покупка,Кредитная карта,оформление продукта,positive,2025-01-21
message_beecdfbb1822,event_0a092504170b,C007,5,operator,"Информация передана в работу, ориентировочный срок решения зависит от проверки.",purchase,покупка,Кредитная карта,оформление продукта,positive,2025-01-21
message_fbe824e0dbcb,event_438d7c6d946a,C007,1,client,Хочу оставить жалобу. По продукту «Страхование» возникла неприятная ситуация.,complaint,жалоба,Страхование,жалоба на обслуживание,negative,2025-03-18
message_9e108c95ce2e,event_438d7c6d946a,C007,2,operator,Понимаю ваше недовольство. Зафиксирую обращение и передам его в работу.,complaint,жалоба,Страхование,жалоба на обслуживание,negative,2025-03-18
message_a639fd6e9f71,event_438d7c6d946a,C007,3,client,"Важно, чтобы решение было понятным и без скрытых условий.",complaint,жалоба,Страхование,жалоба на обслуживание,negative,2025-03-18
message_a148ad0ffe61,event_438d7c6d946a,C007,4,client,Меня зовут Гордей Федосьевич Александров. Прошу учесть мой прошлый опыт и текущий продукт.,complaint,жалоба,Страхование,жалоба на обслуживание,negative,2025-03-18
message_66ee108aebff,event_438d7c6d946a,C007,5,operator,"Информация передана в работу, ориентировочный срок решения зависит от проверки.",complaint,жалоба,Страхование,жалоба на обслуживание,negative,2025-03-18
message_7e7e2b16e9c7,event_7d25c29698b6,C007,1,client,Я решил прекратить обслуживание. Прошу закрыть все вопросы по «Кредитная карта».,churn,уход клиента,Кредитная карта,жалоба на обслуживание,negative,2025-04-23
message_a2faa365e250,event_7d25c29698b6,C007,2,operator,"Мне жаль, что вы приняли такое решение. Я помогу корректно завершить обслуживание.",churn,уход клиента,Кредитная карта,жалоба на обслуживание,negative,2025-04-23
message_991bd9492006,event_7d25c29698b6,C007,3,client,Мне удобнее продолжить общение через канал «мобильное приложение».,churn,уход клиента,Кредитная карта,жалоба на обслуживание,negative,2025-04-23
message_6d3d810ea323,event_7d25c29698b6,C007,4,client,Меня зовут Гордей Федосьевич Александров. Прошу учесть мой прошлый опыт и текущий продукт.,churn,уход клиента,Кредитная карта,жалоба на обслуживание,negative,2025-04-23
message_4d74f0eda95b,event_7d25c29698b6,C007,5,system,Системное уведомление: настроение обращения определено как «negative».,churn,уход клиента,Кредитная карта,жалоба на обслуживание,negative,2025-04-23
message_8225a5de42c9,event_7d25c29698b6,C007,6,system,Системное уведомление: обращение зарегистрировано и связано с продуктом «Кредитная карта».,churn,уход клиента,Кредитная карта,жалоба на обслуживание,negative,2025-04-23
message_c86e97f7f877,event_7d25c29698b6,C007,7,operator,Я зафиксировал обращение. Статус сейчас: lost.,churn,уход клиента,Кредитная карта,жалоба на обслуживание,negative,2025-04-23
message_e42e469fa49a,event_a12be4513720,C007,1,client,"Здравствуйте, хочу понять, как у вас работает продукт «Кредитная карта». Интересуют оформление продукта.",introduction,знакомство,Кредитная карта,оформление продукта,positive,2025-01-09
message_359aa0005774,event_a12be4513720,C007,2,operator,Здравствуйте. Расскажу основные условия и помогу выбрать подходящий вариант.,introduction,знакомство,Кредитная карта,оформление продукта,positive,2025-01-09
message_947804d6f000,event_a12be4513720,C007,3,client,Я хочу понимать сроки и что будет происходить дальше.,introduction,знакомство,Кредитная карта,оформление продукта,positive,2025-01-09
message_8e2769c071ff,event_a12be4513720,C007,4,system,Системное уведомление: история взаимодействий клиента обновлена.,introduction,знакомство,Кредитная карта,оформление продукта,positive,2025-01-09
message_7a0eab917c33,event_a12be4513720,C007,5,operator,Я зафиксировал обращение. Статус сейчас: completed.,introduction,знакомство,Кредитная карта,оформление продукта,positive,2025-01-09
message_d1978dea4ef6,event_ca232430e006,C007,1,client,"Подскажите, пожалуйста, как правильно действовать по теме «условия продукта».",usage,использование продукта,Кредитная карта,условия продукта,neutral,2025-02-15
message_40497b4ea174,event_ca232430e006,C007,2,operator,Я помогу разобраться с использованием продукта.,usage,использование продукта,Кредитная карта,условия продукта,neutral,2025-02-15
message_efbd89de7900,event_ca232430e006,C007,3,client,Мне удобнее продолжить общение через канал «мобильное приложение».,usage,использование продукта,Кредитная карта,условия продукта,neutral,2025-02-15
message_a6eab9e40305,event_ca232430e006,C007,4,client,Меня зовут Гордей Федосьевич Александров. Прошу учесть мой прошлый опыт и текущий продукт.,usage,использование продукта,Кредитная карта,условия продукта,neutral,2025-02-15
message_737e3b57eded,event_ca232430e006,C007,5,operator,"Информация передана в работу, ориентировочный срок решения зависит от проверки.",usage,использование продукта,Кредитная карта,условия продукта,neutral,2025-02-15
message_319bc2abab01,event_e45f9057a3b8,C007,1,client,"Ситуация по теме «блокировка карты» затянулась, нужна эскалация.",escalation,эскалация,Кредитная карта,блокировка карты,negative,2025-03-25
message_4c632a42ba59,event_e45f9057a3b8,C007,2,operator,Я передаю обращение на следующий уровень поддержки и отмечаю срочность.,escalation,эскалация,Кредитная карта,блокировка карты,negative,2025-03-25
message_a3aad4feaf6c,event_e45f9057a3b8,C007,3,client,Можно ли получить подтверждение после завершения операции?,escalation,эскалация,Кредитная карта,блокировка карты,negative,2025-03-25
message_19a175bff972,event_e45f9057a3b8,C007,4,client,Меня зовут Гордей Федосьевич Александров. Прошу учесть мой прошлый опыт и текущий продукт.,escalation,эскалация,Кредитная карта,блокировка карты,negative,2025-03-25
message_bc788293a0bf,event_e45f9057a3b8,C007,5,system,Системное уведомление: история взаимодействий клиента обновлена.,escalation,эскалация,Кредитная карта,блокировка карты,negative,2025-03-25
message_b2f8b8c0b26d,event_e45f9057a3b8,C007,6,operator,"Если появятся дополнительные вопросы, можно продолжить диалог в этом же канале.",escalation,эскалация,Кредитная карта,блокировка карты,negative,2025-03-25
message_0781e70ed4e4,event_004fc7ecd9a4,C008,1,client,Я принял решение оформить «Кредитная карта». Помогите завершить заявку.,purchase,покупка,Кредитная карта,оформление продукта,positive,2025-02-01
message_fbc210c53fcc,event_004fc7ecd9a4,C008,2,operator,Запускаю процесс оформления. Я буду сопровождать вас на каждом шаге.,purchase,покупка,Кредитная карта,оформление продукта,positive,2025-02-01
message_9174bae10b4d,event_004fc7ecd9a4,C008,3,client,Мне удобнее продолжить общение через канал «email».,purchase,покупка,Кредитная карта,оформление продукта,positive,2025-02-01
message_e3f2dddcf15a,event_004fc7ecd9a4,C008,4,operator,"Если появятся дополнительные вопросы, можно продолжить диалог в этом же канале.",purchase,покупка,Кредитная карта,оформление продукта,positive,2025-02-01
message_cb5c4d0c4c77,event_993373bca03d,C008,1,client,Меня не устраивает качество обслуживания. Тема обращения: возврат средств.,complaint,жалоба,Кредитная карта,возврат средств,negative,2025-04-05
message_2c01ac72ed4c,event_993373bca03d,C008,2,operator,Понимаю ваше недовольство. Зафиксирую обращение и передам его в работу.,complaint,жалоба,Кредитная карта,возврат средств,negative,2025-04-05
message_715a5027d586,event_993373bca03d,C008,3,client,Я хочу понимать сроки и что будет происходить дальше.,complaint,жалоба,Кредитная карта,возврат средств,negative,2025-04-05
message_558df37f8717,event_993373bca03d,C008,4,operator,Я вижу историю клиента и учитываю этап «жалоба».,complaint,жалоба,Кредитная карта,возврат средств,negative,2025-04-05
message_4b75fab3244a,event_993373bca03d,C008,5,system,Системное уведомление: настроение обращения определено как «negative».,complaint,жалоба,Кредитная карта,возврат средств,negative,2025-04-05
message_cd9a33b7d9d1,event_993373bca03d,C008,6,operator,Я зафиксировал обращение. Статус сейчас: resolved.,complaint,жалоба,Кредитная карта,возврат средств,negative,2025-04-05
message_b8a3be10528e,event_9b9f167c9e7e,C008,1,client,Добрый день. Я впервые обращаюсь в банк и хочу узнать про «Дебетовая карта».,introduction,знакомство,Дебетовая карта,условия продукта,positive,2024-12-25
message_9edf0c40dbb3,event_9b9f167c9e7e,C008,2,operator,Здравствуйте. Я помогу сориентироваться по условиям и ограничениям.,introduction,знакомство,Дебетовая карта,условия продукта,positive,2024-12-25
message_b50e780bc69d,event_9b9f167c9e7e,C008,3,client,"Уточните, пожалуйста, это повлияет на мои текущие продукты?",introduction,знакомство,Дебетовая карта,условия продукта,positive,2024-12-25
message_3a82b5b37dde,event_9b9f167c9e7e,C008,4,operator,"Если появятся дополнительные вопросы, можно продолжить диалог в этом же канале.",introduction,знакомство,Дебетовая карта,условия продукта,positive,2024-12-25
message_d6a877ed2c10,event_a8f7a0d3ddb7,C008,1,client,"Не вижу смысла продолжать обслуживание, хочу завершить отношения с банком.",churn,уход клиента,Дебетовая карта,комиссия,neutral,2025-05-13
message_5722007a99e0,event_a8f7a0d3ddb7,C008,2,operator,Сейчас оформим завершение обслуживания и подтвердим финальный статус.,churn,уход клиента,Дебетовая карта,комиссия,neutral,2025-05-13
message_5eb2ab85a8f9,event_a8f7a0d3ddb7,C008,3,client,"Важно, чтобы решение было понятным и без скрытых условий.",churn,уход клиента,Дебетовая карта,комиссия,neutral,2025-05-13
message_10d00e851267,event_a8f7a0d3ddb7,C008,4,client,Меня зовут Рябов Мартын Бориславович. Прошу учесть мой прошлый опыт и текущий продукт.,churn,уход клиента,Дебетовая карта,комиссия,neutral,2025-05-13
message_4c1d3f40e5b1,event_a8f7a0d3ddb7,C008,5,operator,Я вижу историю клиента и учитываю этап «уход клиента».,churn,уход клиента,Дебетовая карта,комиссия,neutral,2025-05-13
message_1c6848105ab5,event_a8f7a0d3ddb7,C008,6,system,Системное уведомление: настроение обращения определено как «neutral».,churn,уход клиента,Дебетовая карта,комиссия,neutral,2025-05-13
message_7a42ccc446c9,event_a8f7a0d3ddb7,C008,7,operator,"По этому обращению указан статус «lost», оценка удовлетворенности будет учтена.",churn,уход клиента,Дебетовая карта,комиссия,neutral,2025-05-13
message_ff5831721213,event_c69e5ebe6d36,C008,1,client,"Подскажите, пожалуйста, как правильно действовать по теме «изменение персональных данных».",usage,использование продукта,Дебетовая карта,изменение персональных данных,positive,2025-03-13
message_8bd4f6db0fa5,event_c69e5ebe6d36,C008,2,operator,Сейчас проверю информацию по продукту и объясню порядок действий.,usage,использование продукта,Дебетовая карта,изменение персональных данных,positive,2025-03-13
message_59ebcabe3b32,event_c69e5ebe6d36,C008,3,client,Я хочу понимать сроки и что будет происходить дальше.,usage,использование продукта,Дебетовая карта,изменение персональных данных,positive,2025-03-13
message_9861e6e3df6a,event_c69e5ebe6d36,C008,4,operator,"Если появятся дополнительные вопросы, можно продолжить диалог в этом же канале.",usage,использование продукта,Дебетовая карта,изменение персональных данных,positive,2025-03-13
message_bc73df6145de,event_1b7ae55a4026,C009,1,client,Интересует дополнительный продукт «Потребительский кредит». Расскажите про оформление.,repeat_purchase,повторная покупка,Потребительский кредит,оформление продукта,neutral,2025-04-28
message_c7a5609245b1,event_1b7ae55a4026,C009,2,operator,Сейчас подберу вариант с учетом уже подключенных продуктов.,repeat_purchase,повторная покупка,Потребительский кредит,оформление продукта,neutral,2025-04-28
message_2baff1860269,event_1b7ae55a4026,C009,3,client,Можно ли получить подтверждение после завершения операции?,repeat_purchase,повторная покупка,Потребительский кредит,оформление продукта,neutral,2025-04-28
message_02857bad7009,event_1b7ae55a4026,C009,4,operator,"Информация передана в работу, ориентировочный срок решения зависит от проверки.",repeat_purchase,повторная покупка,Потребительский кредит,оформление продукта,neutral,2025-04-28
message_9ec20f11d4c9,event_681a0f4b121f,C009,1,client,Проверяю статус проблемы по продукту «Кредитная карта». Есть ли решение?,problem_resolved,решение проблемы,Кредитная карта,техническая ошибка,positive,2025-02-17
message_fe15927b6a14,event_681a0f4b121f,C009,2,operator,"По вашему обращению есть результат. Проблема закрыта, данные обновлены.",problem_resolved,решение проблемы,Кредитная карта,техническая ошибка,positive,2025-02-17
message_42538ddbe049,event_681a0f4b121f,C009,3,client,Я хочу понимать сроки и что будет происходить дальше.,problem_resolved,решение проблемы,Кредитная карта,техническая ошибка,positive,2025-02-17
message_ca41a4a690d1,event_681a0f4b121f,C009,4,client,Меня зовут Белов Мирон Изотович. Прошу учесть мой прошлый опыт и текущий продукт.,problem_resolved,решение проблемы,Кредитная карта,техническая ошибка,positive,2025-02-17
message_af66e29fabf5,event_681a0f4b121f,C009,5,operator,Я вижу историю клиента и учитываю этап «решение проблемы».,problem_resolved,решение проблемы,Кредитная карта,техническая ошибка,positive,2025-02-17
message_a4faad54a04b,event_681a0f4b121f,C009,6,system,Системное уведомление: настроение обращения определено как «positive».,problem_resolved,решение проблемы,Кредитная карта,техническая ошибка,positive,2025-02-17
message_a89012bc1c62,event_681a0f4b121f,C009,7,system,Системное уведомление: обращение зарегистрировано и связано с продуктом «Кредитная карта».,problem_resolved,решение проблемы,Кредитная карта,техническая ошибка,positive,2025-02-17
message_96db576054d9,event_681a0f4b121f,C009,8,operator,"По этому обращению указан статус «resolved», оценка удовлетворенности будет учтена.",problem_resolved,решение проблемы,Кредитная карта,техническая ошибка,positive,2025-02-17
message_c2282ef43c5b,event_afcbbd08ccc2,C009,1,client,"Я уже обращался, но проблема с продуктом «Ипотека» остается.",escalation,эскалация,Ипотека,возврат средств,neutral,2025-01-10
message_2d3e454d5459,event_afcbbd08ccc2,C009,2,operator,Понимаю. Подключаю профильную команду для дополнительной проверки.,escalation,эскалация,Ипотека,возврат средств,neutral,2025-01-10
message_6267d13ce0c7,event_afcbbd08ccc2,C009,3,client,"Важно, чтобы решение было понятным и без скрытых условий.",escalation,эскалация,Ипотека,возврат средств,neutral,2025-01-10
message_7cd3900f46f3,event_afcbbd08ccc2,C009,4,system,Системное уведомление: настроение обращения определено как «neutral».,escalation,эскалация,Ипотека,возврат средств,neutral,2025-01-10
message_3ccb2380f4d1,event_afcbbd08ccc2,C009,5,client,Меня зовут Белов Мирон Изотович. Прошу учесть мой прошлый опыт и текущий продукт.,escalation,эскалация,Ипотека,возврат средств,neutral,2025-01-10
message_811ff15498cb,event_afcbbd08ccc2,C009,6,operator,Отправлю вам подтверждение и краткое резюме по теме «возврат средств».,escalation,эскалация,Ипотека,возврат средств,neutral,2025-01-10
message_cfcc8a463f50,event_bc755d97b28a,C009,1,client,Меня не устраивает качество обслуживания. Тема обращения: ошибка в приложении.,complaint,жалоба,Ипотека,ошибка в приложении,negative,2024-11-28
message_4f435f96ff97,event_bc755d97b28a,C009,2,operator,"Мне жаль, что вы столкнулись с такой ситуацией. Я зарегистрирую жалобу.",complaint,жалоба,Ипотека,ошибка в приложении,negative,2024-11-28
message_8b3c2efda199,event_bc755d97b28a,C009,3,client,"Важно, чтобы решение было понятным и без скрытых условий.",complaint,жалоба,Ипотека,ошибка в приложении,negative,2024-11-28
message_84e4465fa347,event_bc755d97b28a,C009,4,client,Меня зовут Белов Мирон Изотович. Прошу учесть мой прошлый опыт и текущий продукт.,complaint,жалоба,Ипотека,ошибка в приложении,negative,2024-11-28
message_7c8200426782,event_bc755d97b28a,C009,5,system,Системное уведомление: история взаимодействий клиента обновлена.,complaint,жалоба,Ипотека,ошибка в приложении,negative,2024-11-28
message_7f7296e29f6d,event_bc755d97b28a,C009,6,operator,"По этому обращению указан статус «in_progress», оценка удовлетворенности будет учтена.",complaint,жалоба,Ипотека,ошибка в приложении,negative,2024-11-28
message_105fecd84914,event_ec4b7dab592d,C009,1,client,"После прошлой ситуации хочу понять, какие условия вы можете предложить.",retention,удержание,Страхование,повышение лимита,positive,2025-03-25
message_9367cf272ed9,event_ec4b7dab592d,C009,2,operator,"Мы ценим, что вы готовы продолжить обслуживание. Предложу варианты удержания.",retention,удержание,Страхование,повышение лимита,positive,2025-03-25
message_da6301052721,event_ec4b7dab592d,C009,3,client,"Важно, чтобы решение было понятным и без скрытых условий.",retention,удержание,Страхование,повышение лимита,positive,2025-03-25
message_98c5b805cfe2,event_ec4b7dab592d,C009,4,operator,Отправлю вам подтверждение и краткое резюме по теме «повышение лимита».,retention,удержание,Страхование,повышение лимита,positive,2025-03-25
message_1ea660b31830,event_fe437fd3e3d4,C009,1,client,Пользуюсь продуктом «Накопительный счет» и хочу уточнить вопрос: изменение персональных данных.,usage,использование продукта,Накопительный счет,изменение персональных данных,neutral,2024-11-20
message_47a23f447665,event_fe437fd3e3d4,C009,2,operator,Давайте посмотрим детали операции и найдем ответ.,usage,использование продукта,Накопительный счет,изменение персональных данных,neutral,2024-11-20
message_86296015166b,event_fe437fd3e3d4,C009,3,client,"Уточните, пожалуйста, это повлияет на мои текущие продукты?",usage,использование продукта,Накопительный счет,изменение персональных данных,neutral,2024-11-20
message_db9109ef1bc9,event_fe437fd3e3d4,C009,4,operator,"Если появятся дополнительные вопросы, можно продолжить диалог в этом же канале.",usage,использование продукта,Накопительный счет,изменение персональных данных,neutral,2024-11-20
message_9fa04a67ff51,event_0f5db095f94f,C010,1,client,Нужна помощь по продукту «Потребительский кредит»: возник вопрос «техническая ошибка».,support_question,вопрос в поддержку,Потребительский кредит,техническая ошибка,neutral,2025-01-04
message_9e3fc392606e,event_0f5db095f94f,C010,2,operator,Я зафиксировал вопрос и проверяю доступные действия.,support_question,вопрос в поддержку,Потребительский кредит,техническая ошибка,neutral,2025-01-04
message_c2243608f7ce,event_0f5db095f94f,C010,3,client,Я хочу понимать сроки и что будет происходить дальше.,support_question,вопрос в поддержку,Потребительский кредит,техническая ошибка,neutral,2025-01-04
message_b58ec0ce6dbf,event_0f5db095f94f,C010,4,operator,Отправлю вам подтверждение и краткое резюме по теме «техническая ошибка».,support_question,вопрос в поддержку,Потребительский кредит,техническая ошибка,neutral,2025-01-04
message_077c61fe7720,event_25b4a89b3bef,C010,1,client,"Подскажите, пожалуйста, как правильно действовать по теме «комиссия».",usage,использование продукта,Потребительский кредит,комиссия,positive,2024-12-18
message_ac6e31a6db73,event_25b4a89b3bef,C010,2,operator,Давайте посмотрим детали операции и найдем ответ.,usage,использование продукта,Потребительский кредит,комиссия,positive,2024-12-18
message_8aabcce11f7c,event_25b4a89b3bef,C010,3,client,"Важно, чтобы решение было понятным и без скрытых условий.",usage,использование продукта,Потребительский кредит,комиссия,positive,2024-12-18
message_f8bfd042cc32,event_25b4a89b3bef,C010,4,system,Системное уведомление: обращение зарегистрировано и связано с продуктом «Потребительский кредит».,usage,использование продукта,Потребительский кредит,комиссия,positive,2024-12-18
message_7d44b4f49fc0,event_25b4a89b3bef,C010,5,operator,"По этому обращению указан статус «completed», оценка удовлетворенности будет учтена.",usage,использование продукта,Потребительский кредит,комиссия,positive,2024-12-18
message_49f8d4459d55,event_4f871ce9f1bd,C010,1,client,Проверяю статус проблемы по продукту «Инвестиционный счет». Есть ли решение?,problem_resolved,решение проблемы,Инвестиционный счет,жалоба на обслуживание,negative,2025-01-20
message_7fb6ef37710a,event_4f871ce9f1bd,C010,2,operator,"Проверила статус: решение уже применено, сейчас объясню детали.",problem_resolved,решение проблемы,Инвестиционный счет,жалоба на обслуживание,negative,2025-01-20
message_076cbbe00d30,event_4f871ce9f1bd,C010,3,client,Мне удобнее продолжить общение через канал «офис».,problem_resolved,решение проблемы,Инвестиционный счет,жалоба на обслуживание,negative,2025-01-20
message_11df7e3aa020,event_4f871ce9f1bd,C010,4,operator,Отправлю вам подтверждение и краткое резюме по теме «жалоба на обслуживание».,problem_resolved,решение проблемы,Инвестиционный счет,жалоба на обслуживание,negative,2025-01-20
message_56b6015c17fa,event_6517e3a01960,C010,1,client,"Здравствуйте, хочу понять, как у вас работает продукт «Инвестиционный счет». Интересуют оформление продукта.",introduction,знакомство,Инвестиционный счет,оформление продукта,positive,2024-09-30
message_05e3bf81191f,event_6517e3a01960,C010,2,operator,Здравствуйте. Я помогу сориентироваться по условиям и ограничениям.,introduction,знакомство,Инвестиционный счет,оформление продукта,positive,2024-09-30
message_08d31a56b64f,event_6517e3a01960,C010,3,client,"Уточните, пожалуйста, это повлияет на мои текущие продукты?",introduction,знакомство,Инвестиционный счет,оформление продукта,positive,2024-09-30
message_4eae150b8c92,event_6517e3a01960,C010,4,system,Системное уведомление: настроение обращения определено как «positive».,introduction,знакомство,Инвестиционный счет,оформление продукта,positive,2024-09-30
message_570bbe65f66d,event_6517e3a01960,C010,5,operator,Я вижу историю клиента и учитываю этап «знакомство».,introduction,знакомство,Инвестиционный счет,оформление продукта,positive,2024-09-30
message_14a9217cee37,event_6517e3a01960,C010,6,operator,Я зафиксировал обращение. Статус сейчас: completed.,introduction,знакомство,Инвестиционный счет,оформление продукта,positive,2024-09-30
message_1653397e3083,event_8b188eea9d21,C010,1,client,"Помогите разобраться, подойдет ли мне «Инвестиционный счет».",consultation,консультация,Инвестиционный счет,условия продукта,neutral,2024-11-14
message_2b145ed6c5f0,event_8b188eea9d21,C010,2,operator,"Конечно, давайте разберем условия и возможные ограничения.",consultation,консультация,Инвестиционный счет,условия продукта,neutral,2024-11-14
message_b543b5512c7c,event_8b188eea9d21,C010,3,client,"Уточните, пожалуйста, это повлияет на мои текущие продукты?",consultation,консультация,Инвестиционный счет,условия продукта,neutral,2024-11-14
message_68167dd57b6e,event_8b188eea9d21,C010,4,operator,"Если появятся дополнительные вопросы, можно продолжить диалог в этом же канале.",consultation,консультация,Инвестиционный счет,условия продукта,neutral,2024-11-14
message_06f055cb77bc,event_d71ea6919cd3,C010,1,client,"Готов подключить продукт «Потребительский кредит», хочу пройти оформление.",purchase,покупка,Потребительский кредит,условия продукта,positive,2024-11-23
message_e52fdad589ff,event_d71ea6919cd3,C010,2,operator,"Отлично, я помогу оформить заявку и проверю необходимые данные.",purchase,покупка,Потребительский кредит,условия продукта,positive,2024-11-23
message_ae5be8f6d0be,event_d71ea6919cd3,C010,3,client,Мне удобнее продолжить общение через канал «офис».,purchase,покупка,Потребительский кредит,условия продукта,positive,2024-11-23
message_2ac1415684ab,event_d71ea6919cd3,C010,4,operator,Я вижу историю клиента и учитываю этап «покупка».,purchase,покупка,Потребительский кредит,условия продукта,positive,2024-11-23
message_6a06b4862a66,event_d71ea6919cd3,C010,5,system,Системное уведомление: настроение обращения определено как «positive».,purchase,покупка,Потребительский кредит,условия продукта,positive,2024-11-23
message_a62cda40f081,event_d71ea6919cd3,C010,6,client,Меня зовут Алина Робертовна Белякова. Прошу учесть мой прошлый опыт и текущий продукт.,purchase,покупка,Потребительский кредит,условия продукта,positive,2024-11-23
message_7eb1fee9a7fc,event_d71ea6919cd3,C010,7,system,Системное уведомление: клиенту присвоен статус обращения «completed».,purchase,покупка,Потребительский кредит,условия продукта,positive,2024-11-23
message_235795ff8802,event_d71ea6919cd3,C010,8,operator,"Информация передана в работу, ориентировочный срок решения зависит от проверки.",purchase,покупка,Потребительский кредит,условия продукта,positive,2024-11-23
message_7f5abdbc3292,event_d768c0c7f4ab,C010,1,client,Рассматриваю «Инвестиционный счет» и хочу уточнить условия перед оформлением.,product_interest,интерес к продукту,Инвестиционный счет,консультация по тарифам,neutral,2024-10-24
message_f364c4da2f6b,event_d768c0c7f4ab,C010,2,operator,"Могу рассказать про тариф, лимиты, комиссии и порядок оформления.",product_interest,интерес к продукту,Инвестиционный счет,консультация по тарифам,neutral,2024-10-24
message_6ad3397a5a81,event_d768c0c7f4ab,C010,3,client,"Уточните, пожалуйста, это повлияет на мои текущие продукты?",product_interest,интерес к продукту,Инвестиционный счет,консультация по тарифам,neutral,2024-10-24
message_f4233609e301,event_d768c0c7f4ab,C010,4,system,Системное уведомление: настроение обращения определено как «neutral».,product_interest,интерес к продукту,Инвестиционный счет,консультация по тарифам,neutral,2024-10-24
message_174bbf8c12ea,event_d768c0c7f4ab,C010,5,client,Меня зовут Алина Робертовна Белякова. Прошу учесть мой прошлый опыт и текущий продукт.,product_interest,интерес к продукту,Инвестиционный счет,консультация по тарифам,neutral,2024-10-24
message_8c17c4ad4a69,event_d768c0c7f4ab,C010,6,operator,Я вижу историю клиента и учитываю этап «интерес к продукту».,product_interest,интерес к продукту,Инвестиционный счет,консультация по тарифам,neutral,2024-10-24
message_3225e508a4b1,event_d768c0c7f4ab,C010,7,operator,"По этому обращению указан статус «completed», оценка удовлетворенности будет учтена.",product_interest,интерес к продукту,Инвестиционный счет,консультация по тарифам,neutral,2024-10-24
message_353ec357735c,event_01e204b94ee1,C011,1,client,Интересует дополнительный продукт «Кредитная карта». Расскажите про оформление.,repeat_purchase,повторная покупка,Кредитная карта,повторная покупка,neutral,2025-04-20
message_f384001c5e6c,event_01e204b94ee1,C011,2,operator,Сейчас подберу вариант с учетом уже подключенных продуктов.,repeat_purchase,повторная покупка,Кредитная карта,повторная покупка,neutral,2025-04-20
message_79a50ae4bf65,event_01e204b94ee1,C011,3,client,"Уточните, пожалуйста, это повлияет на мои текущие продукты?",repeat_purchase,повторная покупка,Кредитная карта,повторная покупка,neutral,2025-04-20
message_7b724f335aa3,event_01e204b94ee1,C011,4,operator,Я зафиксировал обращение. Статус сейчас: completed.,repeat_purchase,повторная покупка,Кредитная карта,повторная покупка,neutral,2025-04-20
message_58304bbb0442,event_28f0d477a5e4,C011,1,client,После предыдущего опыта хочу рассмотреть повторную покупку продукта «Ипотека».,repeat_purchase,повторная покупка,Ипотека,повторная покупка,positive,2025-05-25
message_18d1dd391efc,event_28f0d477a5e4,C011,2,operator,"Рада, что вы вернулись. Проверю доступные условия для нового продукта.",repeat_purchase,повторная покупка,Ипотека,повторная покупка,positive,2025-05-25
message_501b91160147,event_28f0d477a5e4,C011,3,client,Можно ли получить подтверждение после завершения операции?,repeat_purchase,повторная покупка,Ипотека,повторная покупка,positive,2025-05-25
message_34d3bdc7769c,event_28f0d477a5e4,C011,4,client,Меня зовут Стрелкова Марина Артемовна. Прошу учесть мой прошлый опыт и текущий продукт.,repeat_purchase,повторная покупка,Ипотека,повторная покупка,positive,2025-05-25
message_339f0a0f18ad,event_28f0d477a5e4,C011,5,system,Системное уведомление: настроение обращения определено как «positive».,repeat_purchase,повторная покупка,Ипотека,повторная покупка,positive,2025-05-25
message_4355c3469b2a,event_28f0d477a5e4,C011,6,system,Системное уведомление: клиенту присвоен статус обращения «completed».,repeat_purchase,повторная покупка,Ипотека,повторная покупка,positive,2025-05-25
message_7d862c8f515d,event_28f0d477a5e4,C011,7,operator,Отправлю вам подтверждение и краткое резюме по теме «повторная покупка».,repeat_purchase,повторная покупка,Ипотека,повторная покупка,positive,2025-05-25
message_d98d37623209,event_2ec6a02eb4ee,C011,1,client,"Хочу оформить «Накопительный счет». Подскажите, что нужно сделать.",purchase,покупка,Накопительный счет,условия продукта,neutral,2024-11-17
message_a2b6b4ba0f5c,event_2ec6a02eb4ee,C011,2,operator,"Отлично, я помогу оформить заявку и проверю необходимые данные.",purchase,покупка,Накопительный счет,условия продукта,neutral,2024-11-17
message_1da208199014,event_2ec6a02eb4ee,C011,3,client,Я хочу понимать сроки и что будет происходить дальше.,purchase,покупка,Накопительный счет,условия продукта,neutral,2024-11-17
message_058a312da829,event_2ec6a02eb4ee,C011,4,system,Системное уведомление: настроение обращения определено как «neutral».,purchase,покупка,Накопительный счет,условия продукта,neutral,2024-11-17
message_66929a96ff2c,event_2ec6a02eb4ee,C011,5,operator,"Если появятся дополнительные вопросы, можно продолжить диалог в этом же канале.",purchase,покупка,Накопительный счет,условия продукта,neutral,2024-11-17
message_df80c4c8d5ab,event_31297d57fdf6,C011,1,client,"Здравствуйте, хочу понять, как у вас работает продукт «Ипотека». Интересуют консультация по тарифам.",introduction,знакомство,Ипотека,консультация по тарифам,neutral,2024-10-07
message_497cf9c26630,event_31297d57fdf6,C011,2,operator,Здравствуйте. Я помогу сориентироваться по условиям и ограничениям.,introduction,знакомство,Ипотека,консультация по тарифам,neutral,2024-10-07
message_995ab0281dff,event_31297d57fdf6,C011,3,client,Я хочу понимать сроки и что будет происходить дальше.,introduction,знакомство,Ипотека,консультация по тарифам,neutral,2024-10-07
message_443bb6014b93,event_31297d57fdf6,C011,4,operator,Я вижу историю клиента и учитываю этап «знакомство».,introduction,знакомство,Ипотека,консультация по тарифам,neutral,2024-10-07
message_961726a3a95d,event_31297d57fdf6,C011,5,system,Системное уведомление: настроение обращения определено как «neutral».,introduction,знакомство,Ипотека,консультация по тарифам,neutral,2024-10-07
message_267cc179da60,event_31297d57fdf6,C011,6,client,Меня зовут Стрелкова Марина Артемовна. Прошу учесть мой прошлый опыт и текущий продукт.,introduction,знакомство,Ипотека,консультация по тарифам,neutral,2024-10-07
message_71fea9e01039,event_31297d57fdf6,C011,7,system,Системное уведомление: обращение зарегистрировано и связано с продуктом «Ипотека».,introduction,знакомство,Ипотека,консультация по тарифам,neutral,2024-10-07
message_36c7b493bfc8,event_31297d57fdf6,C011,8,operator,Отправлю вам подтверждение и краткое резюме по теме «консультация по тарифам».,introduction,знакомство,Ипотека,консультация по тарифам,neutral,2024-10-07
message_ae7a2aa9ccea,event_9c0778bd1c34,C011,1,client,Я уже клиент банка и хочу оформить еще один продукт: «Дебетовая карта».,repeat_purchase,повторная покупка,Дебетовая карта,оформление продукта,positive,2025-02-04
message_63a6cec0e05a,event_9c0778bd1c34,C011,2,operator,Сейчас подберу вариант с учетом уже подключенных продуктов.,repeat_purchase,повторная покупка,Дебетовая карта,оформление продукта,positive,2025-02-04
message_e4be9a83d1da,event_9c0778bd1c34,C011,3,client,Я хочу понимать сроки и что будет происходить дальше.,repeat_purchase,повторная покупка,Дебетовая карта,оформление продукта,positive,2025-02-04
message_4867e8954b53,event_9c0778bd1c34,C011,4,system,Системное уведомление: настроение обращения определено как «positive».,repeat_purchase,повторная покупка,Дебетовая карта,оформление продукта,positive,2025-02-04
message_222aa193d541,event_9c0778bd1c34,C011,5,operator,"По этому обращению указан статус «completed», оценка удовлетворенности будет учтена.",repeat_purchase,повторная покупка,Дебетовая карта,оформление продукта,positive,2025-02-04
message_03b12f447059,event_a172b5c9ad5c,C011,1,client,Пользуюсь продуктом «Страхование» и хочу уточнить вопрос: условия продукта.,usage,использование продукта,Страхование,условия продукта,positive,2025-02-24
message_b3aa845b244d,event_a172b5c9ad5c,C011,2,operator,Сейчас проверю информацию по продукту и объясню порядок действий.,usage,использование продукта,Страхование,условия продукта,positive,2025-02-24
message_0a3be62cbe27,event_a172b5c9ad5c,C011,3,client,Можно ли получить подтверждение после завершения операции?,usage,использование продукта,Страхование,условия продукта,positive,2025-02-24
message_06744bcdf254,event_a172b5c9ad5c,C011,4,operator,Я вижу историю клиента и учитываю этап «использование продукта».,usage,использование продукта,Страхование,условия продукта,positive,2025-02-24
message_56bc92eff832,event_a172b5c9ad5c,C011,5,system,Системное уведомление: настроение обращения определено как «positive».,usage,использование продукта,Страхование,условия продукта,positive,2025-02-24
message_16f9bf7eb123,event_a172b5c9ad5c,C011,6,operator,Отправлю вам подтверждение и краткое резюме по теме «условия продукта».,usage,использование продукта,Страхование,условия продукта,positive,2025-02-24
message_c9f922e30a80,event_a461a9c10bb9,C011,1,client,Я уже клиент банка и хочу оформить еще один продукт: «Потребительский кредит».,repeat_purchase,повторная покупка,Потребительский кредит,условия продукта,positive,2025-05-01
message_6be1c4a40089,event_a461a9c10bb9,C011,2,operator,Давайте оформим дополнительный продукт и учтем ваш текущий профиль.,repeat_purchase,повторная покупка,Потребительский кредит,условия продукта,positive,2025-05-01
message_41ef8beacfa5,event_a461a9c10bb9,C011,3,client,"Важно, чтобы решение было понятным и без скрытых условий.",repeat_purchase,повторная покупка,Потребительский кредит,условия продукта,positive,2025-05-01
message_a9e08d39de02,event_a461a9c10bb9,C011,4,operator,Я вижу историю клиента и учитываю этап «повторная покупка».,repeat_purchase,повторная покупка,Потребительский кредит,условия продукта,positive,2025-05-01
message_f7dc1de66219,event_a461a9c10bb9,C011,5,operator,Я зафиксировал обращение. Статус сейчас: completed.,repeat_purchase,повторная покупка,Потребительский кредит,условия продукта,positive,2025-05-01
message_8a0509bf8938,event_b4e5147fcef4,C011,1,client,Мне интересен продукт «Страхование». Можете рассказать подробнее про повышение лимита?,product_interest,интерес к продукту,Страхование,повышение лимита,positive,2024-11-06
message_365996a106b6,event_b4e5147fcef4,C011,2,operator,"Могу рассказать про тариф, лимиты, комиссии и порядок оформления.",product_interest,интерес к продукту,Страхование,повышение лимита,positive,2024-11-06
message_125b11b51d94,event_b4e5147fcef4,C011,3,client,"Уточните, пожалуйста, это повлияет на мои текущие продукты?",product_interest,интерес к продукту,Страхование,повышение лимита,positive,2024-11-06
message_290e390cf559,event_b4e5147fcef4,C011,4,system,Системное уведомление: тема обращения классифицирована как «повышение лимита».,product_interest,интерес к продукту,Страхование,повышение лимита,positive,2024-11-06
message_e638e3f6fbf0,event_b4e5147fcef4,C011,5,operator,Отправлю вам подтверждение и краткое резюме по теме «повышение лимита».,product_interest,интерес к продукту,Страхование,повышение лимита,positive,2024-11-06
message_5a107627a4d1,event_b5990ddd8e29,C011,1,client,"Помогите разобраться, подойдет ли мне «Страхование».",consultation,консультация,Страхование,изменение персональных данных,neutral,2025-01-02
message_58be471fa5a5,event_b5990ddd8e29,C011,2,operator,"Конечно, давайте разберем условия и возможные ограничения.",consultation,консультация,Страхование,изменение персональных данных,neutral,2025-01-02
message_71582f4731f9,event_b5990ddd8e29,C011,3,client,"Важно, чтобы решение было понятным и без скрытых условий.",consultation,консультация,Страхование,изменение персональных данных,neutral,2025-01-02
message_596b5c70391f,event_b5990ddd8e29,C011,4,operator,Я вижу историю клиента и учитываю этап «консультация».,consultation,консультация,Страхование,изменение персональных данных,neutral,2025-01-02
message_97c8b7e417d3,event_b5990ddd8e29,C011,5,client,Меня зовут Стрелкова Марина Артемовна. Прошу учесть мой прошлый опыт и текущий продукт.,consultation,консультация,Страхование,изменение персональных данных,neutral,2025-01-02
message_f6120e8c4178,event_b5990ddd8e29,C011,6,system,Системное уведомление: настроение обращения определено как «neutral».,consultation,консультация,Страхование,изменение персональных данных,neutral,2025-01-02
message_37217fc558cc,event_b5990ddd8e29,C011,7,operator,"Информация передана в работу, ориентировочный срок решения зависит от проверки.",consultation,консультация,Страхование,изменение персональных данных,neutral,2025-01-02
message_d2c31a38cf60,event_bf8e68242dbf,C011,1,client,У меня есть вопрос по использованию продукта «Страхование».,usage,использование продукта,Страхование,условия продукта,negative,2024-12-02
message_92e560f36fb3,event_bf8e68242dbf,C011,2,operator,Давайте посмотрим детали операции и найдем ответ.,usage,использование продукта,Страхование,условия продукта,negative,2024-12-02
message_10efc3eae15e,event_bf8e68242dbf,C011,3,client,Можно ли получить подтверждение после завершения операции?,usage,использование продукта,Страхование,условия продукта,negative,2024-12-02
message_2570167bada7,event_bf8e68242dbf,C011,4,system,Системное уведомление: тема обращения классифицирована как «условия продукта».,usage,использование продукта,Страхование,условия продукта,negative,2024-12-02
message_77094d56e35a,event_bf8e68242dbf,C011,5,operator,Я вижу историю клиента и учитываю этап «использование продукта».,usage,использование продукта,Страхование,условия продукта,negative,2024-12-02
message_ea19c3c9f940,event_bf8e68242dbf,C011,6,system,Системное уведомление: настроение обращения определено как «negative».,usage,использование продукта,Страхование,условия продукта,negative,2024-12-02
message_692d6bd66a4a,event_bf8e68242dbf,C011,7,operator,Я зафиксировал обращение. Статус сейчас: completed.,usage,использование продукта,Страхование,условия продукта,negative,2024-12-02
message_bbda3634a9c4,event_dee79f911a48,C011,1,client,Я уже клиент банка и хочу оформить еще один продукт: «Инвестиционный счет».,repeat_purchase,повторная покупка,Инвестиционный счет,оформление продукта,positive,2025-03-06
message_9462904daf8d,event_dee79f911a48,C011,2,operator,"Рада, что вы вернулись. Проверю доступные условия для нового продукта.",repeat_purchase,повторная покупка,Инвестиционный счет,оформление продукта,positive,2025-03-06
message_74a6922174c3,event_dee79f911a48,C011,3,client,"Важно, чтобы решение было понятным и без скрытых условий.",repeat_purchase,повторная покупка,Инвестиционный счет,оформление продукта,positive,2025-03-06
message_09f9e29655af,event_dee79f911a48,C011,4,system,Системное уведомление: клиенту присвоен статус обращения «completed».,repeat_purchase,повторная покупка,Инвестиционный счет,оформление продукта,positive,2025-03-06
message_2fd50ac94402,event_dee79f911a48,C011,5,operator,"Информация передана в работу, ориентировочный срок решения зависит от проверки.",repeat_purchase,повторная покупка,Инвестиционный счет,оформление продукта,positive,2025-03-06
message_f93d543c6467,event_2f01b3a1fc29,C012,1,client,Нужна помощь по продукту «Дебетовая карта»: возник вопрос «изменение персональных данных».,support_question,вопрос в поддержку,Дебетовая карта,изменение персональных данных,neutral,2025-04-13
message_b845f52c113f,event_2f01b3a1fc29,C012,2,operator,Понимаю. Сейчас проверю обращение и предложу решение.,support_question,вопрос в поддержку,Дебетовая карта,изменение персональных данных,neutral,2025-04-13
message_97a402a2b665,event_2f01b3a1fc29,C012,3,client,Я хочу понимать сроки и что будет происходить дальше.,support_question,вопрос в поддержку,Дебетовая карта,изменение персональных данных,neutral,2025-04-13
message_e442a74d816e,event_2f01b3a1fc29,C012,4,client,Меня зовут Ян Иосипович Игнатьев. Прошу учесть мой прошлый опыт и текущий продукт.,support_question,вопрос в поддержку,Дебетовая карта,изменение персональных данных,neutral,2025-04-13
message_83d25a3d15d1,event_2f01b3a1fc29,C012,5,system,Системное уведомление: тема обращения классифицирована как «изменение персональных данных».,support_question,вопрос в поддержку,Дебетовая карта,изменение персональных данных,neutral,2025-04-13
message_c8f54ca931ea,event_2f01b3a1fc29,C012,6,operator,"Если появятся дополнительные вопросы, можно продолжить диалог в этом же канале.",support_question,вопрос в поддержку,Дебетовая карта,изменение персональных данных,neutral,2025-04-13
message_46a23d69ee28,event_3163dbb1dd58,C012,1,client,Хочу оставить жалобу. По продукту «Дебетовая карта» возникла неприятная ситуация.,complaint,жалоба,Дебетовая карта,возврат средств,negative,2024-10-06
message_45fc070e15c7,event_3163dbb1dd58,C012,2,operator,"Мне жаль, что вы столкнулись с такой ситуацией. Я зарегистрирую жалобу.",complaint,жалоба,Дебетовая карта,возврат средств,negative,2024-10-06
message_b4c4f733b0a5,event_3163dbb1dd58,C012,3,client,"Важно, чтобы решение было понятным и без скрытых условий.",complaint,жалоба,Дебетовая карта,возврат средств,negative,2024-10-06
message_5f38505e9fff,event_3163dbb1dd58,C012,4,operator,Я вижу историю клиента и учитываю этап «жалоба».,complaint,жалоба,Дебетовая карта,возврат средств,negative,2024-10-06
message_23f6a9374ca7,event_3163dbb1dd58,C012,5,system,Системное уведомление: история взаимодействий клиента обновлена.,complaint,жалоба,Дебетовая карта,возврат средств,negative,2024-10-06
message_35fe07a124b1,event_3163dbb1dd58,C012,6,system,Системное уведомление: настроение обращения определено как «negative».,complaint,жалоба,Дебетовая карта,возврат средств,negative,2024-10-06
message_afa321661aed,event_3163dbb1dd58,C012,7,client,Меня зовут Ян Иосипович Игнатьев. Прошу учесть мой прошлый опыт и текущий продукт.,complaint,жалоба,Дебетовая карта,возврат средств,negative,2024-10-06
message_3574dcd882d4,event_3163dbb1dd58,C012,8,operator,"По этому обращению указан статус «escalated», оценка удовлетворенности будет учтена.",complaint,жалоба,Дебетовая карта,возврат средств,negative,2024-10-06
message_c07025783760,event_4ca74c4f8d6f,C012,1,client,"Мне сообщили, что вопрос почти решен. Подтвердите, пожалуйста.",problem_resolved,решение проблемы,Дебетовая карта,жалоба на обслуживание,neutral,2024-12-16
message_822b68ddf5f0,event_4ca74c4f8d6f,C012,2,operator,"Вопрос решен. Я расскажу, что было сделано и как проверить результат.",problem_resolved,решение проблемы,Дебетовая карта,жалоба на обслуживание,neutral,2024-12-16
message_07bc49a9b0d1,event_4ca74c4f8d6f,C012,3,client,"Уточните, пожалуйста, это повлияет на мои текущие продукты?",problem_resolved,решение проблемы,Дебетовая карта,жалоба на обслуживание,neutral,2024-12-16
message_fdbe443d90f2,event_4ca74c4f8d6f,C012,4,operator,Я вижу историю клиента и учитываю этап «решение проблемы».,problem_resolved,решение проблемы,Дебетовая карта,жалоба на обслуживание,neutral,2024-12-16
message_849616bda344,event_4ca74c4f8d6f,C012,5,system,Системное уведомление: настроение обращения определено как «neutral».,problem_resolved,решение проблемы,Дебетовая карта,жалоба на обслуживание,neutral,2024-12-16
message_6018b3cf9bdb,event_4ca74c4f8d6f,C012,6,operator,Отправлю вам подтверждение и краткое резюме по теме «жалоба на обслуживание».,problem_resolved,решение проблемы,Дебетовая карта,жалоба на обслуживание,neutral,2024-12-16
message_c73727eb1975,event_4e947e9a6033,C012,1,client,Я уже клиент банка и хочу оформить еще один продукт: «Накопительный счет».,repeat_purchase,повторная покупка,Накопительный счет,условия продукта,positive,2025-03-02
message_303702c9ff3c,event_4e947e9a6033,C012,2,operator,"Рада, что вы вернулись. Проверю доступные условия для нового продукта.",repeat_purchase,повторная покупка,Накопительный счет,условия продукта,positive,2025-03-02
message_be35476bb23f,event_4e947e9a6033,C012,3,client,Я хочу понимать сроки и что будет происходить дальше.,repeat_purchase,повторная покупка,Накопительный счет,условия продукта,positive,2025-03-02
message_03c0635f637e,event_4e947e9a6033,C012,4,system,Системное уведомление: обращение зарегистрировано и связано с продуктом «Накопительный счет».,repeat_purchase,повторная покупка,Накопительный счет,условия продукта,positive,2025-03-02
message_4f62011da1d8,event_4e947e9a6033,C012,5,operator,"По этому обращению указан статус «completed», оценка удовлетворенности будет учтена.",repeat_purchase,повторная покупка,Накопительный счет,условия продукта,positive,2025-03-02
message_527a22c6a535,event_731191183003,C012,1,client,У меня есть вопрос по использованию продукта «Дебетовая карта».,usage,использование продукта,Дебетовая карта,изменение персональных данных,positive,2024-09-03
message_6458cdef7e9d,event_731191183003,C012,2,operator,Давайте посмотрим детали операции и найдем ответ.,usage,использование продукта,Дебетовая карта,изменение персональных данных,positive,2024-09-03
message_8ae4c3504005,event_731191183003,C012,3,client,Я хочу понимать сроки и что будет происходить дальше.,usage,использование продукта,Дебетовая карта,изменение персональных данных,positive,2024-09-03
message_c2dac7369c39,event_731191183003,C012,4,system,Системное уведомление: клиенту присвоен статус обращения «completed».,usage,использование продукта,Дебетовая карта,изменение персональных данных,positive,2024-09-03
message_7d21d903bb9a,event_731191183003,C012,5,system,Системное уведомление: настроение обращения определено как «positive».,usage,использование продукта,Дебетовая карта,изменение персональных данных,positive,2024-09-03
message_70a7487bef8f,event_731191183003,C012,6,operator,Я зафиксировал обращение. Статус сейчас: completed.,usage,использование продукта,Дебетовая карта,изменение персональных данных,positive,2024-09-03
message_c808b3d8f747,event_92ec8a803166,C012,1,client,"После прошлой ситуации хочу понять, какие условия вы можете предложить.",retention,удержание,Дебетовая карта,консультация по тарифам,neutral,2025-01-30
message_3b7792d230bc,event_92ec8a803166,C012,2,operator,"Мы ценим, что вы готовы продолжить обслуживание. Предложу варианты удержания.",retention,удержание,Дебетовая карта,консультация по тарифам,neutral,2025-01-30
message_eb43e69aae3b,event_92ec8a803166,C012,3,client,"Уточните, пожалуйста, это повлияет на мои текущие продукты?",retention,удержание,Дебетовая карта,консультация по тарифам,neutral,2025-01-30
message_a0f0dab3c5b2,event_92ec8a803166,C012,4,client,Меня зовут Ян Иосипович Игнатьев. Прошу учесть мой прошлый опыт и текущий продукт.,retention,удержание,Дебетовая карта,консультация по тарифам,neutral,2025-01-30
message_1d5889a31b7f,event_92ec8a803166,C012,5,system,Системное уведомление: история взаимодействий клиента обновлена.,retention,удержание,Дебетовая карта,консультация по тарифам,neutral,2025-01-30
message_95abb29ffc24,event_92ec8a803166,C012,6,system,Системное уведомление: настроение обращения определено как «neutral».,retention,удержание,Дебетовая карта,консультация по тарифам,neutral,2025-01-30
message_5eaddcb2530f,event_92ec8a803166,C012,7,operator,Я вижу историю клиента и учитываю этап «удержание».,retention,удержание,Дебетовая карта,консультация по тарифам,neutral,2025-01-30
message_9540dc6a275f,event_92ec8a803166,C012,8,operator,Я зафиксировал обращение. Статус сейчас: retained.,retention,удержание,Дебетовая карта,консультация по тарифам,neutral,2025-01-30
message_6944ae19eb75,event_a20ffd583ad5,C012,1,client,Прошу передать обращение старшему специалисту. Вопрос по «Дебетовая карта» не решен.,escalation,эскалация,Дебетовая карта,техническая ошибка,negative,2024-11-14
message_752f16d0e157,event_a20ffd583ad5,C012,2,operator,Понимаю. Подключаю профильную команду для дополнительной проверки.,escalation,эскалация,Дебетовая карта,техническая ошибка,negative,2024-11-14
message_a4f6feeec1bc,event_a20ffd583ad5,C012,3,client,Мне удобнее продолжить общение через канал «мобильное приложение».,escalation,эскалация,Дебетовая карта,техническая ошибка,negative,2024-11-14
message_ab70b420a227,event_a20ffd583ad5,C012,4,system,Системное уведомление: история взаимодействий клиента обновлена.,escalation,эскалация,Дебетовая карта,техническая ошибка,negative,2024-11-14
message_281fb4f549b8,event_a20ffd583ad5,C012,5,system,Системное уведомление: настроение обращения определено как «negative».,escalation,эскалация,Дебетовая карта,техническая ошибка,negative,2024-11-14
message_88442e89b0b7,event_a20ffd583ad5,C012,6,client,Меня зовут Ян Иосипович Игнатьев. Прошу учесть мой прошлый опыт и текущий продукт.,escalation,эскалация,Дебетовая карта,техническая ошибка,negative,2024-11-14
message_b27c129a2cb1,event_a20ffd583ad5,C012,7,operator,Я вижу историю клиента и учитываю этап «эскалация».,escalation,эскалация,Дебетовая карта,техническая ошибка,negative,2024-11-14
message_6775dd0002fe,event_a20ffd583ad5,C012,8,operator,Я зафиксировал обращение. Статус сейчас: escalated.,escalation,эскалация,Дебетовая карта,техническая ошибка,negative,2024-11-14
message_450370d4011e,event_f4e9f24b357b,C013,1,client,"Здравствуйте. Подскажите, пожалуйста, что важно знать про «Потребительский кредит»?",introduction,знакомство,Потребительский кредит,консультация по тарифам,positive,2024-11-15
message_d0cf6d5539d0,event_f4e9f24b357b,C013,2,operator,Здравствуйте. Я помогу сориентироваться по условиям и ограничениям.,introduction,знакомство,Потребительский кредит,консультация по тарифам,positive,2024-11-15
message_60d1d2eeea7f,event_f4e9f24b357b,C013,3,client,Я хочу понимать сроки и что будет происходить дальше.,introduction,знакомство,Потребительский кредит,консультация по тарифам,positive,2024-11-15
message_6c558929a479,event_f4e9f24b357b,C013,4,system,Системное уведомление: клиенту присвоен статус обращения «completed».,introduction,знакомство,Потребительский кредит,консультация по тарифам,positive,2024-11-15
message_1c2a89a657a2,event_f4e9f24b357b,C013,5,client,Меня зовут Виноградов Аникита Давыдович. Прошу учесть мой прошлый опыт и текущий продукт.,introduction,знакомство,Потребительский кредит,консультация по тарифам,positive,2024-11-15
message_3230b05ddd6e,event_f4e9f24b357b,C013,6,operator,"Если появятся дополнительные вопросы, можно продолжить диалог в этом же канале.",introduction,знакомство,Потребительский кредит,консультация по тарифам,positive,2024-11-15
message_7cee30bcc429,event_1a2b9226c415,C014,1,client,Добрый день. Я впервые обращаюсь в банк и хочу узнать про «Инвестиционный счет».,introduction,знакомство,Инвестиционный счет,условия продукта,neutral,2024-08-18
message_44cc4b3b07bf,event_1a2b9226c415,C014,2,operator,Здравствуйте. Расскажу основные условия и помогу выбрать подходящий вариант.,introduction,знакомство,Инвестиционный счет,условия продукта,neutral,2024-08-18
message_10566e3296da,event_1a2b9226c415,C014,3,client,"Важно, чтобы решение было понятным и без скрытых условий.",introduction,знакомство,Инвестиционный счет,условия продукта,neutral,2024-08-18
message_c158dd3d3143,event_1a2b9226c415,C014,4,operator,Я вижу историю клиента и учитываю этап «знакомство».,introduction,знакомство,Инвестиционный счет,условия продукта,neutral,2024-08-18
message_f32ae13bddf3,event_1a2b9226c415,C014,5,operator,Я зафиксировал обращение. Статус сейчас: completed.,introduction,знакомство,Инвестиционный счет,условия продукта,neutral,2024-08-18
message_e50cd96ae856,event_724d42d1789c,C014,1,client,Пользуюсь продуктом «Потребительский кредит» и хочу уточнить вопрос: изменение персональных данных.,usage,использование продукта,Потребительский кредит,изменение персональных данных,positive,2024-11-01
message_be4b1dcd778b,event_724d42d1789c,C014,2,operator,Давайте посмотрим детали операции и найдем ответ.,usage,использование продукта,Потребительский кредит,изменение персональных данных,positive,2024-11-01
message_c349529ae18f,event_724d42d1789c,C014,3,client,"Уточните, пожалуйста, это повлияет на мои текущие продукты?",usage,использование продукта,Потребительский кредит,изменение персональных данных,positive,2024-11-01
message_b4eaf5eeb278,event_724d42d1789c,C014,4,system,Системное уведомление: клиенту присвоен статус обращения «completed».,usage,использование продукта,Потребительский кредит,изменение персональных данных,positive,2024-11-01
message_de26dfe2a6fc,event_724d42d1789c,C014,5,system,Системное уведомление: настроение обращения определено как «positive».,usage,использование продукта,Потребительский кредит,изменение персональных данных,positive,2024-11-01
message_2940850524be,event_724d42d1789c,C014,6,operator,Я вижу историю клиента и учитываю этап «использование продукта».,usage,использование продукта,Потребительский кредит,изменение персональных данных,positive,2024-11-01
message_80b5e9a2eb5b,event_724d42d1789c,C014,7,client,Меня зовут Богдан Даниилович Князев. Прошу учесть мой прошлый опыт и текущий продукт.,usage,использование продукта,Потребительский кредит,изменение персональных данных,positive,2024-11-01
message_6fe0e17c5fc0,event_724d42d1789c,C014,8,operator,"По этому обращению указан статус «completed», оценка удовлетворенности будет учтена.",usage,использование продукта,Потребительский кредит,изменение персональных данных,positive,2024-11-01
message_7d929c8d9590,event_7cf7a4a696ab,C014,1,client,У меня есть вопрос по использованию продукта «Инвестиционный счет».,usage,использование продукта,Инвестиционный счет,изменение персональных данных,positive,2025-01-03
message_0a0dd280d7c5,event_7cf7a4a696ab,C014,2,operator,Я помогу разобраться с использованием продукта.,usage,использование продукта,Инвестиционный счет,изменение персональных данных,positive,2025-01-03
message_a4b767e5962b,event_7cf7a4a696ab,C014,3,client,"Уточните, пожалуйста, это повлияет на мои текущие продукты?",usage,использование продукта,Инвестиционный счет,изменение персональных данных,positive,2025-01-03
message_b15806075cb5,event_7cf7a4a696ab,C014,4,system,Системное уведомление: настроение обращения определено как «positive».,usage,использование продукта,Инвестиционный счет,изменение персональных данных,positive,2025-01-03
message_0f02c74d9ec3,event_7cf7a4a696ab,C014,5,client,Меня зовут Богдан Даниилович Князев. Прошу учесть мой прошлый опыт и текущий продукт.,usage,использование продукта,Инвестиционный счет,изменение персональных данных,positive,2025-01-03
message_670217bfcb9a,event_7cf7a4a696ab,C014,6,operator,Я вижу историю клиента и учитываю этап «использование продукта».,usage,использование продукта,Инвестиционный счет,изменение персональных данных,positive,2025-01-03
message_d73f2846de38,event_7cf7a4a696ab,C014,7,operator,"Информация передана в работу, ориентировочный срок решения зависит от проверки.",usage,использование продукта,Инвестиционный счет,изменение персональных данных,positive,2025-01-03
message_ff739225a62a,event_880a377966a8,C014,1,client,Мне интересен продукт «Инвестиционный счет». Можете рассказать подробнее про повышение лимита?,product_interest,интерес к продукту,Инвестиционный счет,повышение лимита,neutral,2024-10-01
message_8fb8a9011181,event_880a377966a8,C014,2,operator,Сейчас проверю актуальные условия для выбранного продукта.,product_interest,интерес к продукту,Инвестиционный счет,повышение лимита,neutral,2024-10-01
message_51a02127c377,event_880a377966a8,C014,3,client,Я хочу понимать сроки и что будет происходить дальше.,product_interest,интерес к продукту,Инвестиционный счет,повышение лимита,neutral,2024-10-01
message_dd7b482aa04f,event_880a377966a8,C014,4,operator,"Информация передана в работу, ориентировочный срок решения зависит от проверки.",product_interest,интерес к продукту,Инвестиционный счет,повышение лимита,neutral,2024-10-01
message_aaef2f43aab2,event_aaa83bff47f9,C014,1,client,Интересует дополнительный продукт «Ипотека». Расскажите про оформление.,repeat_purchase,повторная покупка,Ипотека,повторная покупка,positive,2024-12-16
message_83e109dcf517,event_aaa83bff47f9,C014,2,operator,Давайте оформим дополнительный продукт и учтем ваш текущий профиль.,repeat_purchase,повторная покупка,Ипотека,повторная покупка,positive,2024-12-16
message_be5a1051f4b8,event_aaa83bff47f9,C014,3,client,Я хочу понимать сроки и что будет происходить дальше.,repeat_purchase,повторная покупка,Ипотека,повторная покупка,positive,2024-12-16
message_dfc63dd35ccb,event_aaa83bff47f9,C014,4,system,Системное уведомление: настроение обращения определено как «positive».,repeat_purchase,повторная покупка,Ипотека,повторная покупка,positive,2024-12-16
message_3febd3d1ab30,event_aaa83bff47f9,C014,5,system,Системное уведомление: тема обращения классифицирована как «повторная покупка».,repeat_purchase,повторная покупка,Ипотека,повторная покупка,positive,2024-12-16
message_0d45e6270705,event_aaa83bff47f9,C014,6,operator,Я вижу историю клиента и учитываю этап «повторная покупка».,repeat_purchase,повторная покупка,Ипотека,повторная покупка,positive,2024-12-16
message_4b612400014a,event_aaa83bff47f9,C014,7,operator,"Если появятся дополнительные вопросы, можно продолжить диалог в этом же канале.",repeat_purchase,повторная покупка,Ипотека,повторная покупка,positive,2024-12-16
message_17137344c8b1,event_cb8713269890,C014,1,client,"Хочу оформить «Потребительский кредит». Подскажите, что нужно сделать.",purchase,покупка,Потребительский кредит,условия продукта,positive,2024-10-11
message_b29a69223d30,event_cb8713269890,C014,2,operator,Запускаю процесс оформления. Я буду сопровождать вас на каждом шаге.,purchase,покупка,Потребительский кредит,условия продукта,positive,2024-10-11
message_f8c2367d1227,event_cb8713269890,C014,3,client,Я хочу понимать сроки и что будет происходить дальше.,purchase,покупка,Потребительский кредит,условия продукта,positive,2024-10-11
message_c8d0b33792a6,event_cb8713269890,C014,4,operator,Я зафиксировал обращение. Статус сейчас: completed.,purchase,покупка,Потребительский кредит,условия продукта,positive,2024-10-11
message_da0fb6592bcf,event_315214396d17,C015,1,client,Не получается разобраться с ситуацией по продукту «Дебетовая карта».,support_question,вопрос в поддержку,Дебетовая карта,техническая ошибка,positive,2025-03-03
message_c62943e8ff60,event_315214396d17,C015,2,operator,Понимаю. Сейчас проверю обращение и предложу решение.,support_question,вопрос в поддержку,Дебетовая карта,техническая ошибка,positive,2025-03-03
message_a04146919bd5,event_315214396d17,C015,3,client,"Важно, чтобы решение было понятным и без скрытых условий.",support_question,вопрос в поддержку,Дебетовая карта,техническая ошибка,positive,2025-03-03
message_9979d0840f41,event_315214396d17,C015,4,system,Системное уведомление: настроение обращения определено как «positive».,support_question,вопрос в поддержку,Дебетовая карта,техническая ошибка,positive,2025-03-03
message_71a9c3065085,event_315214396d17,C015,5,operator,"По этому обращению указан статус «resolved», оценка удовлетворенности будет учтена.",support_question,вопрос в поддержку,Дебетовая карта,техническая ошибка,positive,2025-03-03
message_043495f4084e,event_37a69ac0b0a6,C015,1,client,Хочу закрыть продукт «Дебетовая карта». Подскажите порядок действий.,product_closure,закрытие продукта,Дебетовая карта,комиссия,negative,2025-05-30
message_9110515305fb,event_37a69ac0b0a6,C015,2,operator,"Понимаю. Проверю, нет ли задолженности или незавершенных операций.",product_closure,закрытие продукта,Дебетовая карта,комиссия,negative,2025-05-30
message_2c0208628f7c,event_37a69ac0b0a6,C015,3,client,Можно ли получить подтверждение после завершения операции?,product_closure,закрытие продукта,Дебетовая карта,комиссия,negative,2025-05-30
message_bb0ab37aaae7,event_37a69ac0b0a6,C015,4,system,Системное уведомление: настроение обращения определено как «negative».,product_closure,закрытие продукта,Дебетовая карта,комиссия,negative,2025-05-30
message_8f6016b5d1f3,event_37a69ac0b0a6,C015,5,system,Системное уведомление: тема обращения классифицирована как «комиссия».,product_closure,закрытие продукта,Дебетовая карта,комиссия,negative,2025-05-30
message_232ba4eee75e,event_37a69ac0b0a6,C015,6,operator,"Если появятся дополнительные вопросы, можно продолжить диалог в этом же канале.",product_closure,закрытие продукта,Дебетовая карта,комиссия,negative,2025-05-30
message_bb6a2b11faa8,event_52cf5a4db90a,C015,1,client,Я решил прекратить обслуживание. Прошу закрыть все вопросы по «Накопительный счет».,churn,уход клиента,Накопительный счет,комиссия,negative,2025-06-16
message_e8d27a079297,event_52cf5a4db90a,C015,2,operator,"Понимаю. Зафиксирую причину ухода и проверю, что нужно закрыть.",churn,уход клиента,Накопительный счет,комиссия,negative,2025-06-16
message_52b57fdabe34,event_52cf5a4db90a,C015,3,client,Мне удобнее продолжить общение через канал «сайт».,churn,уход клиента,Накопительный счет,комиссия,negative,2025-06-16
message_3786da2cb043,event_52cf5a4db90a,C015,4,operator,"Если появятся дополнительные вопросы, можно продолжить диалог в этом же канале.",churn,уход клиента,Накопительный счет,комиссия,negative,2025-06-16
message_1913cbd39643,event_780c95fa24f1,C015,1,client,"Ситуация по теме «техническая ошибка» затянулась, нужна эскалация.",escalation,эскалация,Дебетовая карта,техническая ошибка,negative,2024-12-18
message_b6ccb382c409,event_780c95fa24f1,C015,2,operator,Я передаю обращение на следующий уровень поддержки и отмечаю срочность.,escalation,эскалация,Дебетовая карта,техническая ошибка,negative,2024-12-18
message_0bd86eb014bd,event_780c95fa24f1,C015,3,client,"Уточните, пожалуйста, это повлияет на мои текущие продукты?",escalation,эскалация,Дебетовая карта,техническая ошибка,negative,2024-12-18
message_143d05099866,event_780c95fa24f1,C015,4,system,Системное уведомление: настроение обращения определено как «negative».,escalation,эскалация,Дебетовая карта,техническая ошибка,negative,2024-12-18
message_0cd8bf651535,event_780c95fa24f1,C015,5,operator,Я вижу историю клиента и учитываю этап «эскалация».,escalation,эскалация,Дебетовая карта,техническая ошибка,negative,2024-12-18
message_4347562325b6,event_780c95fa24f1,C015,6,operator,"Информация передана в работу, ориентировочный срок решения зависит от проверки.",escalation,эскалация,Дебетовая карта,техническая ошибка,negative,2024-12-18
message_950c78ed42dc,event_7d4967c62c86,C015,1,client,Я недоволен ситуацией по продукту «Накопительный счет». Проблема: просрочка платежа.,complaint,жалоба,Накопительный счет,просрочка платежа,negative,2025-08-13
message_a963a1a5b221,event_7d4967c62c86,C015,2,operator,"Давайте подробно опишем проблему, чтобы ее можно было проверить.",complaint,жалоба,Накопительный счет,просрочка платежа,negative,2025-08-13
message_b37f6497d021,event_7d4967c62c86,C015,3,client,"Уточните, пожалуйста, это повлияет на мои текущие продукты?",complaint,жалоба,Накопительный счет,просрочка платежа,negative,2025-08-13
message_f9e22ae80804,event_7d4967c62c86,C015,4,system,Системное уведомление: настроение обращения определено как «negative».,complaint,жалоба,Накопительный счет,просрочка платежа,negative,2025-08-13
message_1de3edeb3dff,event_7d4967c62c86,C015,5,operator,Я зафиксировал обращение. Статус сейчас: escalated.,complaint,жалоба,Накопительный счет,просрочка платежа,negative,2025-08-13
message_a225a08b4f91,event_9ac0a2c77c0a,C015,1,client,Возвращаюсь по обращению «техническая ошибка». Хотелось бы понять результат.,problem_resolved,решение проблемы,Накопительный счет,техническая ошибка,positive,2025-07-08
message_ae49d615d431,event_9ac0a2c77c0a,C015,2,operator,"Проверила статус: решение уже применено, сейчас объясню детали.",problem_resolved,решение проблемы,Накопительный счет,техническая ошибка,positive,2025-07-08
message_a09d87207b47,event_9ac0a2c77c0a,C015,3,client,"Уточните, пожалуйста, это повлияет на мои текущие продукты?",problem_resolved,решение проблемы,Накопительный счет,техническая ошибка,positive,2025-07-08
message_b88a790d8158,event_9ac0a2c77c0a,C015,4,operator,"Если появятся дополнительные вопросы, можно продолжить диалог в этом же канале.",problem_resolved,решение проблемы,Накопительный счет,техническая ошибка,positive,2025-07-08
message_fa761c922a4c,event_be602d892628,C015,1,client,Хочу оставить жалобу. По продукту «Накопительный счет» возникла неприятная ситуация.,complaint,жалоба,Накопительный счет,ошибка в приложении,negative,2025-02-16
message_03a67f16acf0,event_be602d892628,C015,2,operator,Понимаю ваше недовольство. Зафиксирую обращение и передам его в работу.,complaint,жалоба,Накопительный счет,ошибка в приложении,negative,2025-02-16
message_a25ad1a79915,event_be602d892628,C015,3,client,Мне удобнее продолжить общение через канал «сайт».,complaint,жалоба,Накопительный счет,ошибка в приложении,negative,2025-02-16
message_070f74b1e02d,event_be602d892628,C015,4,client,Меня зовут Матвеева Оксана Михайловна. Прошу учесть мой прошлый опыт и текущий продукт.,complaint,жалоба,Накопительный счет,ошибка в приложении,negative,2025-02-16
message_bbaec851dac8,event_be602d892628,C015,5,system,Системное уведомление: обращение зарегистрировано и связано с продуктом «Накопительный счет».,complaint,жалоба,Накопительный счет,ошибка в приложении,negative,2025-02-16
message_0f3eef576ff9,event_be602d892628,C015,6,operator,Я вижу историю клиента и учитываю этап «жалоба».,complaint,жалоба,Накопительный счет,ошибка в приложении,negative,2025-02-16
message_30bbca1930fd,event_be602d892628,C015,7,operator,Отправлю вам подтверждение и краткое резюме по теме «ошибка в приложении».,complaint,жалоба,Накопительный счет,ошибка в приложении,negative,2025-02-16
message_4981fc70f2d0,event_c5ee7537bdf4,C015,1,client,Хочу оставить жалобу. По продукту «Накопительный счет» возникла неприятная ситуация.,complaint,жалоба,Накопительный счет,просрочка платежа,negative,2025-03-30
message_44a9317900f4,event_c5ee7537bdf4,C015,2,operator,"Мне жаль, что вы столкнулись с такой ситуацией. Я зарегистрирую жалобу.",complaint,жалоба,Накопительный счет,просрочка платежа,negative,2025-03-30
message_ec2f783651e9,event_c5ee7537bdf4,C015,3,client,Можно ли получить подтверждение после завершения операции?,complaint,жалоба,Накопительный счет,просрочка платежа,negative,2025-03-30
message_476d90b5c962,event_c5ee7537bdf4,C015,4,operator,"Информация передана в работу, ориентировочный срок решения зависит от проверки.",complaint,жалоба,Накопительный счет,просрочка платежа,negative,2025-03-30
message_fe11c4ed460e,event_c66fbad9f077,C015,1,client,"Ситуация по теме «техническая ошибка» затянулась, нужна эскалация.",escalation,эскалация,Накопительный счет,техническая ошибка,neutral,2025-04-16
message_c4dcc0448e78,event_c66fbad9f077,C015,2,operator,Понимаю. Подключаю профильную команду для дополнительной проверки.,escalation,эскалация,Накопительный счет,техническая ошибка,neutral,2025-04-16
message_f43f76516185,event_c66fbad9f077,C015,3,client,Я хочу понимать сроки и что будет происходить дальше.,escalation,эскалация,Накопительный счет,техническая ошибка,neutral,2025-04-16
message_1f4ebd013c02,event_c66fbad9f077,C015,4,operator,"Если появятся дополнительные вопросы, можно продолжить диалог в этом же канале.",escalation,эскалация,Накопительный счет,техническая ошибка,neutral,2025-04-16
message_ea0df8f18817,event_d4d88008ca4d,C015,1,client,"Мне сообщили, что вопрос почти решен. Подтвердите, пожалуйста.",problem_resolved,решение проблемы,Дебетовая карта,техническая ошибка,positive,2025-01-27
message_24f952ba7925,event_d4d88008ca4d,C015,2,operator,"Проверила статус: решение уже применено, сейчас объясню детали.",problem_resolved,решение проблемы,Дебетовая карта,техническая ошибка,positive,2025-01-27
message_2a89f03f439c,event_d4d88008ca4d,C015,3,client,"Важно, чтобы решение было понятным и без скрытых условий.",problem_resolved,решение проблемы,Дебетовая карта,техническая ошибка,positive,2025-01-27
message_2105e961af1e,event_d4d88008ca4d,C015,4,operator,Отправлю вам подтверждение и краткое резюме по теме «техническая ошибка».,problem_resolved,решение проблемы,Дебетовая карта,техническая ошибка,positive,2025-01-27
message_9624ad4b87c7,event_e854a4fa7f5b,C015,1,client,Меня не устраивает качество обслуживания. Тема обращения: просрочка платежа.,complaint,жалоба,Дебетовая карта,просрочка платежа,neutral,2024-11-15
message_0fb1ebf8060d,event_e854a4fa7f5b,C015,2,operator,"Мне жаль, что вы столкнулись с такой ситуацией. Я зарегистрирую жалобу.",complaint,жалоба,Дебетовая карта,просрочка платежа,neutral,2024-11-15
message_d5b24eda4e15,event_e854a4fa7f5b,C015,3,client,Я хочу понимать сроки и что будет происходить дальше.,complaint,жалоба,Дебетовая карта,просрочка платежа,neutral,2024-11-15
message_c74c83586401,event_e854a4fa7f5b,C015,4,system,Системное уведомление: настроение обращения определено как «neutral».,complaint,жалоба,Дебетовая карта,просрочка платежа,neutral,2024-11-15
message_6da7db0489ab,event_e854a4fa7f5b,C015,5,system,Системное уведомление: тема обращения классифицирована как «просрочка платежа».,complaint,жалоба,Дебетовая карта,просрочка платежа,neutral,2024-11-15
message_63910a3ced5f,event_e854a4fa7f5b,C015,6,operator,"По этому обращению указан статус «escalated», оценка удовлетворенности будет учтена.",complaint,жалоба,Дебетовая карта,просрочка платежа,neutral,2024-11-15
message_b2dfecfe1cdc,event_f01ad024543e,C015,1,client,Пользуюсь продуктом «Накопительный счет» и хочу уточнить вопрос: комиссия.,usage,использование продукта,Накопительный счет,комиссия,positive,2024-11-05
message_b1a0c8148f60,event_f01ad024543e,C015,2,operator,Сейчас проверю информацию по продукту и объясню порядок действий.,usage,использование продукта,Накопительный счет,комиссия,positive,2024-11-05
message_e8881fd1a23a,event_f01ad024543e,C015,3,client,Мне удобнее продолжить общение через канал «сайт».,usage,использование продукта,Накопительный счет,комиссия,positive,2024-11-05
message_de50afd9860f,event_f01ad024543e,C015,4,operator,Я вижу историю клиента и учитываю этап «использование продукта».,usage,использование продукта,Накопительный счет,комиссия,positive,2024-11-05
message_efb8cc22edd3,event_f01ad024543e,C015,5,system,Системное уведомление: настроение обращения определено как «positive».,usage,использование продукта,Накопительный счет,комиссия,positive,2024-11-05
message_36a6b194e201,event_f01ad024543e,C015,6,client,Меня зовут Матвеева Оксана Михайловна. Прошу учесть мой прошлый опыт и текущий продукт.,usage,использование продукта,Накопительный счет,комиссия,positive,2024-11-05
message_5625ac143c98,event_f01ad024543e,C015,7,system,Системное уведомление: клиенту присвоен статус обращения «completed».,usage,использование продукта,Накопительный счет,комиссия,positive,2024-11-05
message_d1d33ee7f01c,event_f01ad024543e,C015,8,operator,"По этому обращению указан статус «completed», оценка удовлетворенности будет учтена.",usage,использование продукта,Накопительный счет,комиссия,positive,2024-11-05
message_ab946f71a85f,event_1cd9e5524c45,C016,1,client,"Подскажите, пожалуйста, как правильно действовать по теме «изменение персональных данных».",usage,использование продукта,Ипотека,изменение персональных данных,neutral,2025-03-03
message_78262ec99ac6,event_1cd9e5524c45,C016,2,operator,Сейчас проверю информацию по продукту и объясню порядок действий.,usage,использование продукта,Ипотека,изменение персональных данных,neutral,2025-03-03
message_4cfc817112db,event_1cd9e5524c45,C016,3,client,Я хочу понимать сроки и что будет происходить дальше.,usage,использование продукта,Ипотека,изменение персональных данных,neutral,2025-03-03
message_56dbdca6f1ea,event_1cd9e5524c45,C016,4,system,Системное уведомление: обращение зарегистрировано и связано с продуктом «Ипотека».,usage,использование продукта,Ипотека,изменение персональных данных,neutral,2025-03-03
message_17fbd20d6451,event_1cd9e5524c45,C016,5,client,Меня зовут Казакова Евфросиния Ивановна. Прошу учесть мой прошлый опыт и текущий продукт.,usage,использование продукта,Ипотека,изменение персональных данных,neutral,2025-03-03
message_1c21fdcaaea8,event_1cd9e5524c45,C016,6,operator,Я зафиксировал обращение. Статус сейчас: completed.,usage,использование продукта,Ипотека,изменение персональных данных,neutral,2025-03-03
message_99e335e75647,event_1eec34c9d6ac,C016,1,client,"Хочу оформить «Накопительный счет». Подскажите, что нужно сделать.",purchase,покупка,Накопительный счет,оформление продукта,positive,2025-02-06
message_d444626d3bd3,event_1eec34c9d6ac,C016,2,operator,Для оформления понадобится подтвердить данные и выбрать параметры продукта.,purchase,покупка,Накопительный счет,оформление продукта,positive,2025-02-06
message_37b3bce00de9,event_1eec34c9d6ac,C016,3,client,"Важно, чтобы решение было понятным и без скрытых условий.",purchase,покупка,Накопительный счет,оформление продукта,positive,2025-02-06
message_60328feda960,event_1eec34c9d6ac,C016,4,operator,Я вижу историю клиента и учитываю этап «покупка».,purchase,покупка,Накопительный счет,оформление продукта,positive,2025-02-06
message_3961c3b03424,event_1eec34c9d6ac,C016,5,system,Системное уведомление: история взаимодействий клиента обновлена.,purchase,покупка,Накопительный счет,оформление продукта,positive,2025-02-06
message_f3680088e706,event_1eec34c9d6ac,C016,6,operator,"По этому обращению указан статус «completed», оценка удовлетворенности будет учтена.",purchase,покупка,Накопительный счет,оформление продукта,positive,2025-02-06
message_bcae375d93c2,event_56e64ba3dc9a,C016,1,client,Я недоволен ситуацией по продукту «Инвестиционный счет». Проблема: просрочка платежа.,complaint,жалоба,Инвестиционный счет,просрочка платежа,neutral,2025-04-07
message_49a14822cf88,event_56e64ba3dc9a,C016,2,operator,"Давайте подробно опишем проблему, чтобы ее можно было проверить.",complaint,жалоба,Инвестиционный счет,просрочка платежа,neutral,2025-04-07
message_cd26317009d3,event_56e64ba3dc9a,C016,3,client,"Важно, чтобы решение было понятным и без скрытых условий.",complaint,жалоба,Инвестиционный счет,просрочка платежа,neutral,2025-04-07
message_7b975abba615,event_56e64ba3dc9a,C016,4,client,Меня зовут Казакова Евфросиния Ивановна. Прошу учесть мой прошлый опыт и текущий продукт.,complaint,жалоба,Инвестиционный счет,просрочка платежа,neutral,2025-04-07
message_d6e2bcb4da22,event_56e64ba3dc9a,C016,5,system,Системное уведомление: история взаимодействий клиента обновлена.,complaint,жалоба,Инвестиционный счет,просрочка платежа,neutral,2025-04-07
message_954c45050759,event_56e64ba3dc9a,C016,6,operator,Я вижу историю клиента и учитываю этап «жалоба».,complaint,жалоба,Инвестиционный счет,просрочка платежа,neutral,2025-04-07
message_f560869a08cd,event_56e64ba3dc9a,C016,7,system,Системное уведомление: настроение обращения определено как «neutral».,complaint,жалоба,Инвестиционный счет,просрочка платежа,neutral,2025-04-07
message_06fbcbdb7d09,event_56e64ba3dc9a,C016,8,operator,Отправлю вам подтверждение и краткое резюме по теме «просрочка платежа».,complaint,жалоба,Инвестиционный счет,просрочка платежа,neutral,2025-04-07
message_d4cbb6d578d7,event_794b9a0f37b6,C016,1,client,"Ситуация по теме «жалоба на обслуживание» затянулась, нужна эскалация.",escalation,эскалация,Кредитная карта,жалоба на обслуживание,negative,2025-05-12
message_f9b60aebb6c3,event_794b9a0f37b6,C016,2,operator,Я передаю обращение на следующий уровень поддержки и отмечаю срочность.,escalation,эскалация,Кредитная карта,жалоба на обслуживание,negative,2025-05-12
message_0fe48f721754,event_794b9a0f37b6,C016,3,client,Можно ли получить подтверждение после завершения операции?,escalation,эскалация,Кредитная карта,жалоба на обслуживание,negative,2025-05-12
message_b7bae8862a4b,event_794b9a0f37b6,C016,4,operator,Я вижу историю клиента и учитываю этап «эскалация».,escalation,эскалация,Кредитная карта,жалоба на обслуживание,negative,2025-05-12
message_670ddb64a3e6,event_794b9a0f37b6,C016,5,system,Системное уведомление: настроение обращения определено как «negative».,escalation,эскалация,Кредитная карта,жалоба на обслуживание,negative,2025-05-12
message_5309169e067b,event_794b9a0f37b6,C016,6,client,Меня зовут Казакова Евфросиния Ивановна. Прошу учесть мой прошлый опыт и текущий продукт.,escalation,эскалация,Кредитная карта,жалоба на обслуживание,negative,2025-05-12
message_8f9a850d36de,event_794b9a0f37b6,C016,7,operator,Я зафиксировал обращение. Статус сейчас: escalated.,escalation,эскалация,Кредитная карта,жалоба на обслуживание,negative,2025-05-12
message_ecefd8eee554,event_8cdb82c9630e,C016,1,client,Я решил прекратить обслуживание. Прошу закрыть все вопросы по «Инвестиционный счет».,churn,уход клиента,Инвестиционный счет,комиссия,negative,2025-06-16
message_74978603d18f,event_8cdb82c9630e,C016,2,operator,"Мне жаль, что вы приняли такое решение. Я помогу корректно завершить обслуживание.",churn,уход клиента,Инвестиционный счет,комиссия,negative,2025-06-16
message_6a9c7a1bc0be,event_8cdb82c9630e,C016,3,client,Я хочу понимать сроки и что будет происходить дальше.,churn,уход клиента,Инвестиционный счет,комиссия,negative,2025-06-16
message_226d37d71bac,event_8cdb82c9630e,C016,4,system,Системное уведомление: настроение обращения определено как «negative».,churn,уход клиента,Инвестиционный счет,комиссия,negative,2025-06-16
message_d83aacd462c0,event_8cdb82c9630e,C016,5,operator,Я зафиксировал обращение. Статус сейчас: lost.,churn,уход клиента,Инвестиционный счет,комиссия,negative,2025-06-16
message_68983c8ed9f8,event_ba3263fb68e2,C016,1,client,Добрый день. Я впервые обращаюсь в банк и хочу узнать про «Кредитная карта».,introduction,знакомство,Кредитная карта,условия продукта,neutral,2025-01-08
message_19c1d764cdaa,event_ba3263fb68e2,C016,2,operator,Здравствуйте. Я помогу сориентироваться по условиям и ограничениям.,introduction,знакомство,Кредитная карта,условия продукта,neutral,2025-01-08
message_64c92c6b286e,event_ba3263fb68e2,C016,3,client,"Уточните, пожалуйста, это повлияет на мои текущие продукты?",introduction,знакомство,Кредитная карта,условия продукта,neutral,2025-01-08
message_57e0f3d65aba,event_ba3263fb68e2,C016,4,system,Системное уведомление: история взаимодействий клиента обновлена.,introduction,знакомство,Кредитная карта,условия продукта,neutral,2025-01-08
message_677a4494bcd9,event_ba3263fb68e2,C016,5,operator,Я вижу историю клиента и учитываю этап «знакомство».,introduction,знакомство,Кредитная карта,условия продукта,neutral,2025-01-08
message_2686b4e1ccab,event_ba3263fb68e2,C016,6,system,Системное уведомление: настроение обращения определено как «neutral».,introduction,знакомство,Кредитная карта,условия продукта,neutral,2025-01-08
message_04f0316ef3f1,event_ba3263fb68e2,C016,7,operator,Я зафиксировал обращение. Статус сейчас: completed.,introduction,знакомство,Кредитная карта,условия продукта,neutral,2025-01-08
message_5868ac6528cc,event_1a168de29bae,C017,1,client,Мне интересен продукт «Ипотека». Можете рассказать подробнее про повышение лимита?,product_interest,интерес к продукту,Ипотека,повышение лимита,positive,2024-11-21
message_45fa8452ead1,event_1a168de29bae,C017,2,operator,Сейчас проверю актуальные условия для выбранного продукта.,product_interest,интерес к продукту,Ипотека,повышение лимита,positive,2024-11-21
message_7a30a326bd5a,event_1a168de29bae,C017,3,client,"Уточните, пожалуйста, это повлияет на мои текущие продукты?",product_interest,интерес к продукту,Ипотека,повышение лимита,positive,2024-11-21
message_c0d947fef1b7,event_1a168de29bae,C017,4,system,Системное уведомление: настроение обращения определено как «positive».,product_interest,интерес к продукту,Ипотека,повышение лимита,positive,2024-11-21
message_819fdbb5c7fc,event_1a168de29bae,C017,5,client,Меня зовут Аскольд Власович Лукин. Прошу учесть мой прошлый опыт и текущий продукт.,product_interest,интерес к продукту,Ипотека,повышение лимита,positive,2024-11-21
message_92c3dcb33226,event_1a168de29bae,C017,6,operator,Я вижу историю клиента и учитываю этап «интерес к продукту».,product_interest,интерес к продукту,Ипотека,повышение лимита,positive,2024-11-21
message_544b77c2f08e,event_1a168de29bae,C017,7,system,Системное уведомление: история взаимодействий клиента обновлена.,product_interest,интерес к продукту,Ипотека,повышение лимита,positive,2024-11-21
message_0995fd43d57b,event_1a168de29bae,C017,8,operator,"По этому обращению указан статус «completed», оценка удовлетворенности будет учтена.",product_interest,интерес к продукту,Ипотека,повышение лимита,positive,2024-11-21
message_a8b4948e2f39,event_293fd9715cf6,C017,1,client,"Здравствуйте. Подскажите, пожалуйста, что важно знать про «Дебетовая карта»?",introduction,знакомство,Дебетовая карта,оформление продукта,neutral,2024-11-08
message_df18172021c7,event_293fd9715cf6,C017,2,operator,Здравствуйте. Расскажу основные условия и помогу выбрать подходящий вариант.,introduction,знакомство,Дебетовая карта,оформление продукта,neutral,2024-11-08
message_c59331cbe098,event_293fd9715cf6,C017,3,client,Мне удобнее продолжить общение через канал «мобильное приложение».,introduction,знакомство,Дебетовая карта,оформление продукта,neutral,2024-11-08
message_57f72bdc5756,event_293fd9715cf6,C017,4,operator,Я вижу историю клиента и учитываю этап «знакомство».,introduction,знакомство,Дебетовая карта,оформление продукта,neutral,2024-11-08
message_49d785193598,event_293fd9715cf6,C017,5,operator,"По этому обращению указан статус «completed», оценка удовлетворенности будет учтена.",introduction,знакомство,Дебетовая карта,оформление продукта,neutral,2024-11-08
message_b31279991f19,event_3143fb525d29,C017,1,client,"Я готов остаться клиентом, если вопрос по «Страхование» действительно закрыт.",retention,удержание,Страхование,повышение лимита,neutral,2025-05-28
message_50b084c07b58,event_3143fb525d29,C017,2,operator,Могу предложить индивидуальные условия и контроль следующего обращения.,retention,удержание,Страхование,повышение лимита,neutral,2025-05-28
message_02395d6a776e,event_3143fb525d29,C017,3,client,Можно ли получить подтверждение после завершения операции?,retention,удержание,Страхование,повышение лимита,neutral,2025-05-28
message_d3829a822a0d,event_3143fb525d29,C017,4,operator,Я вижу историю клиента и учитываю этап «удержание».,retention,удержание,Страхование,повышение лимита,neutral,2025-05-28
message_db4ee1c115f7,event_3143fb525d29,C017,5,system,Системное уведомление: обращение зарегистрировано и связано с продуктом «Страхование».,retention,удержание,Страхование,повышение лимита,neutral,2025-05-28
message_657ac6e379cc,event_3143fb525d29,C017,6,operator,"Если появятся дополнительные вопросы, можно продолжить диалог в этом же канале.",retention,удержание,Страхование,повышение лимита,neutral,2025-05-28
message_fcad62b7b998,event_37ab80f3e370,C017,1,client,У меня есть вопрос по использованию продукта «Страхование».,usage,использование продукта,Страхование,изменение персональных данных,neutral,2025-07-24
message_dee4271b63da,event_37ab80f3e370,C017,2,operator,Сейчас проверю информацию по продукту и объясню порядок действий.,usage,использование продукта,Страхование,изменение персональных данных,neutral,2025-07-24
message_b90e71d9beee,event_37ab80f3e370,C017,3,client,Мне удобнее продолжить общение через канал «чат».,usage,использование продукта,Страхование,изменение персональных данных,neutral,2025-07-24
message_cb6f0d6ba46f,event_37ab80f3e370,C017,4,system,Системное уведомление: настроение обращения определено как «neutral».,usage,использование продукта,Страхование,изменение персональных данных,neutral,2025-07-24
message_3db02afd4528,event_37ab80f3e370,C017,5,operator,Я вижу историю клиента и учитываю этап «использование продукта».,usage,использование продукта,Страхование,изменение персональных данных,neutral,2025-07-24
message_79b854f66422,event_37ab80f3e370,C017,6,system,Системное уведомление: обращение зарегистрировано и связано с продуктом «Страхование».,usage,использование продукта,Страхование,изменение персональных данных,neutral,2025-07-24
message_27a07f2dfa2d,event_37ab80f3e370,C017,7,client,Меня зовут Аскольд Власович Лукин. Прошу учесть мой прошлый опыт и текущий продукт.,usage,использование продукта,Страхование,изменение персональных данных,neutral,2025-07-24
message_57a581410398,event_37ab80f3e370,C017,8,operator,"Если появятся дополнительные вопросы, можно продолжить диалог в этом же канале.",usage,использование продукта,Страхование,изменение персональных данных,neutral,2025-07-24
message_6c1622e2ecb2,event_5c5c58e9eb46,C017,1,client,Нужна помощь по продукту «Кредитная карта»: возник вопрос «ошибка в приложении».,support_question,вопрос в поддержку,Кредитная карта,ошибка в приложении,neutral,2025-03-26
message_27c8d35100a9,event_5c5c58e9eb46,C017,2,operator,Я зафиксировал вопрос и проверяю доступные действия.,support_question,вопрос в поддержку,Кредитная карта,ошибка в приложении,neutral,2025-03-26
message_e75bf7021a2a,event_5c5c58e9eb46,C017,3,client,Можно ли получить подтверждение после завершения операции?,support_question,вопрос в поддержку,Кредитная карта,ошибка в приложении,neutral,2025-03-26
message_7d15de841237,event_5c5c58e9eb46,C017,4,system,Системное уведомление: настроение обращения определено как «neutral».,support_question,вопрос в поддержку,Кредитная карта,ошибка в приложении,neutral,2025-03-26
message_c5d68be65a83,event_5c5c58e9eb46,C017,5,operator,"По этому обращению указан статус «resolved», оценка удовлетворенности будет учтена.",support_question,вопрос в поддержку,Кредитная карта,ошибка в приложении,neutral,2025-03-26
message_dcf15e43eb72,event_604dc9f58779,C017,1,client,Я принял решение оформить «Страхование». Помогите завершить заявку.,purchase,покупка,Страхование,условия продукта,positive,2025-01-30
message_5c548051f7d3,event_604dc9f58779,C017,2,operator,Для оформления понадобится подтвердить данные и выбрать параметры продукта.,purchase,покупка,Страхование,условия продукта,positive,2025-01-30
message_139ae44894f7,event_604dc9f58779,C017,3,client,Можно ли получить подтверждение после завершения операции?,purchase,покупка,Страхование,условия продукта,positive,2025-01-30
message_17b40d1a6717,event_604dc9f58779,C017,4,system,Системное уведомление: история взаимодействий клиента обновлена.,purchase,покупка,Страхование,условия продукта,positive,2025-01-30
message_46b8d8d1b2ec,event_604dc9f58779,C017,5,client,Меня зовут Аскольд Власович Лукин. Прошу учесть мой прошлый опыт и текущий продукт.,purchase,покупка,Страхование,условия продукта,positive,2025-01-30
message_9d1178b19ca5,event_604dc9f58779,C017,6,operator,"По этому обращению указан статус «completed», оценка удовлетворенности будет учтена.",purchase,покупка,Страхование,условия продукта,positive,2025-01-30
message_4b917506d5c6,event_645b8f0d7ac7,C017,1,client,Возвращаюсь по обращению «техническая ошибка». Хотелось бы понять результат.,problem_resolved,решение проблемы,Инвестиционный счет,техническая ошибка,positive,2025-04-23
message_eeaa56ad7c53,event_645b8f0d7ac7,C017,2,operator,"По вашему обращению есть результат. Проблема закрыта, данные обновлены.",problem_resolved,решение проблемы,Инвестиционный счет,техническая ошибка,positive,2025-04-23
message_befe083ed9c5,event_645b8f0d7ac7,C017,3,client,"Важно, чтобы решение было понятным и без скрытых условий.",problem_resolved,решение проблемы,Инвестиционный счет,техническая ошибка,positive,2025-04-23
message_5dedebf8b2ee,event_645b8f0d7ac7,C017,4,system,Системное уведомление: клиенту присвоен статус обращения «resolved».,problem_resolved,решение проблемы,Инвестиционный счет,техническая ошибка,positive,2025-04-23
message_e3be1b253ea1,event_645b8f0d7ac7,C017,5,client,Меня зовут Аскольд Власович Лукин. Прошу учесть мой прошлый опыт и текущий продукт.,problem_resolved,решение проблемы,Инвестиционный счет,техническая ошибка,positive,2025-04-23
message_c6d7afc37e1a,event_645b8f0d7ac7,C017,6,operator,"Информация передана в работу, ориентировочный срок решения зависит от проверки.",problem_resolved,решение проблемы,Инвестиционный счет,техническая ошибка,positive,2025-04-23
message_df55a8c42bdc,event_6e0f45cec684,C017,1,client,Интересует дополнительный продукт «Накопительный счет». Расскажите про оформление.,repeat_purchase,повторная покупка,Накопительный счет,повторная покупка,positive,2025-06-18
message_2892975d707d,event_6e0f45cec684,C017,2,operator,Давайте оформим дополнительный продукт и учтем ваш текущий профиль.,repeat_purchase,повторная покупка,Накопительный счет,повторная покупка,positive,2025-06-18
message_351afdd821d3,event_6e0f45cec684,C017,3,client,Мне удобнее продолжить общение через канал «офис».,repeat_purchase,повторная покупка,Накопительный счет,повторная покупка,positive,2025-06-18
message_55e59d91beaf,event_6e0f45cec684,C017,4,operator,Я вижу историю клиента и учитываю этап «повторная покупка».,repeat_purchase,повторная покупка,Накопительный счет,повторная покупка,positive,2025-06-18
message_e96b22f5f117,event_6e0f45cec684,C017,5,system,Системное уведомление: настроение обращения определено как «positive».,repeat_purchase,повторная покупка,Накопительный счет,повторная покупка,positive,2025-06-18
message_ca685566b934,event_6e0f45cec684,C017,6,system,Системное уведомление: обращение зарегистрировано и связано с продуктом «Накопительный счет».,repeat_purchase,повторная покупка,Накопительный счет,повторная покупка,positive,2025-06-18
message_865074f84ee1,event_6e0f45cec684,C017,7,operator,"По этому обращению указан статус «completed», оценка удовлетворенности будет учтена.",repeat_purchase,повторная покупка,Накопительный счет,повторная покупка,positive,2025-06-18
message_a448095215da,event_a3ab67050ec8,C017,1,client,"Помогите разобраться, подойдет ли мне «Потребительский кредит».",consultation,консультация,Потребительский кредит,условия продукта,negative,2025-01-04
message_9866d1bfbbdb,event_a3ab67050ec8,C017,2,operator,"Конечно, давайте разберем условия и возможные ограничения.",consultation,консультация,Потребительский кредит,условия продукта,negative,2025-01-04
message_8edec94c6d53,event_a3ab67050ec8,C017,3,client,Я хочу понимать сроки и что будет происходить дальше.,consultation,консультация,Потребительский кредит,условия продукта,negative,2025-01-04
message_c904274d577d,event_a3ab67050ec8,C017,4,operator,"Если появятся дополнительные вопросы, можно продолжить диалог в этом же канале.",consultation,консультация,Потребительский кредит,условия продукта,negative,2025-01-04
message_912f2e82d319,event_bc2d0529cad7,C017,1,client,Пользуюсь продуктом «Дебетовая карта» и хочу уточнить вопрос: условия продукта.,usage,использование продукта,Дебетовая карта,условия продукта,positive,2025-03-05
message_3f40f15b5d6e,event_bc2d0529cad7,C017,2,operator,Давайте посмотрим детали операции и найдем ответ.,usage,использование продукта,Дебетовая карта,условия продукта,positive,2025-03-05
message_043c7fd7faa3,event_bc2d0529cad7,C017,3,client,Можно ли получить подтверждение после завершения операции?,usage,использование продукта,Дебетовая карта,условия продукта,positive,2025-03-05
message_bbf4e9888427,event_bc2d0529cad7,C017,4,operator,"Информация передана в работу, ориентировочный срок решения зависит от проверки.",usage,использование продукта,Дебетовая карта,условия продукта,positive,2025-03-05
message_48ab73be744e,event_c11e16d4ef6a,C017,1,client,"Нужна консультация по продукту «Страхование», особенно по теме «условия продукта».",consultation,консультация,Страхование,условия продукта,neutral,2025-08-16
message_f04f965eda3e,event_c11e16d4ef6a,C017,2,operator,"Конечно, давайте разберем условия и возможные ограничения.",consultation,консультация,Страхование,условия продукта,neutral,2025-08-16
message_b95a0c29ed42,event_c11e16d4ef6a,C017,3,client,Можно ли получить подтверждение после завершения операции?,consultation,консультация,Страхование,условия продукта,neutral,2025-08-16
message_0c571606bf60,event_c11e16d4ef6a,C017,4,operator,Я зафиксировал обращение. Статус сейчас: completed.,consultation,консультация,Страхование,условия продукта,neutral,2025-08-16
message_addef6afef45,event_d4e1bac7722d,C017,1,client,Интересует дополнительный продукт «Ипотека». Расскажите про оформление.,repeat_purchase,повторная покупка,Ипотека,оформление продукта,neutral,2025-09-02
message_551e2e1ab6b2,event_d4e1bac7722d,C017,2,operator,Давайте оформим дополнительный продукт и учтем ваш текущий профиль.,repeat_purchase,повторная покупка,Ипотека,оформление продукта,neutral,2025-09-02
message_8303f1d55031,event_d4e1bac7722d,C017,3,client,"Важно, чтобы решение было понятным и без скрытых условий.",repeat_purchase,повторная покупка,Ипотека,оформление продукта,neutral,2025-09-02
message_798475f3723a,event_d4e1bac7722d,C017,4,system,Системное уведомление: клиенту присвоен статус обращения «completed».,repeat_purchase,повторная покупка,Ипотека,оформление продукта,neutral,2025-09-02
message_68f2deb84187,event_d4e1bac7722d,C017,5,system,Системное уведомление: настроение обращения определено как «neutral».,repeat_purchase,повторная покупка,Ипотека,оформление продукта,neutral,2025-09-02
message_499add9c46a3,event_d4e1bac7722d,C017,6,client,Меня зовут Аскольд Власович Лукин. Прошу учесть мой прошлый опыт и текущий продукт.,repeat_purchase,повторная покупка,Ипотека,оформление продукта,neutral,2025-09-02
message_a4d94ab24202,event_d4e1bac7722d,C017,7,operator,Я зафиксировал обращение. Статус сейчас: completed.,repeat_purchase,повторная покупка,Ипотека,оформление продукта,neutral,2025-09-02
message_880b74a30c4b,event_e6cce9adca42,C018,1,client,Добрый день. Я впервые обращаюсь в банк и хочу узнать про «Дебетовая карта».,introduction,знакомство,Дебетовая карта,консультация по тарифам,positive,2024-11-24
message_f48995b24e8e,event_e6cce9adca42,C018,2,operator,Здравствуйте. Я помогу сориентироваться по условиям и ограничениям.,introduction,знакомство,Дебетовая карта,консультация по тарифам,positive,2024-11-24
message_3ea8d7a428f1,event_e6cce9adca42,C018,3,client,Мне удобнее продолжить общение через канал «сайт».,introduction,знакомство,Дебетовая карта,консультация по тарифам,positive,2024-11-24
message_b654e9f5a128,event_e6cce9adca42,C018,4,operator,Я вижу историю клиента и учитываю этап «знакомство».,introduction,знакомство,Дебетовая карта,консультация по тарифам,positive,2024-11-24
message_2b99aa6ac2c5,event_e6cce9adca42,C018,5,operator,"По этому обращению указан статус «completed», оценка удовлетворенности будет учтена.",introduction,знакомство,Дебетовая карта,консультация по тарифам,positive,2024-11-24
message_f2636efa80fe,event_673480c6a584,C019,1,client,Я недоволен ситуацией по продукту «Ипотека». Проблема: ошибка в приложении.,complaint,жалоба,Ипотека,ошибка в приложении,negative,2024-08-21
message_89332fc1b11a,event_673480c6a584,C019,2,operator,Понимаю ваше недовольство. Зафиксирую обращение и передам его в работу.,complaint,жалоба,Ипотека,ошибка в приложении,negative,2024-08-21
message_dd888c134c28,event_673480c6a584,C019,3,client,"Важно, чтобы решение было понятным и без скрытых условий.",complaint,жалоба,Ипотека,ошибка в приложении,negative,2024-08-21
message_d02c15225a83,event_673480c6a584,C019,4,system,Системное уведомление: настроение обращения определено как «negative».,complaint,жалоба,Ипотека,ошибка в приложении,negative,2024-08-21
message_f558d2989c30,event_673480c6a584,C019,5,system,Системное уведомление: клиенту присвоен статус обращения «escalated».,complaint,жалоба,Ипотека,ошибка в приложении,negative,2024-08-21
message_ea8ce8f0bc93,event_673480c6a584,C019,6,operator,"Информация передана в работу, ориентировочный срок решения зависит от проверки.",complaint,жалоба,Ипотека,ошибка в приложении,negative,2024-08-21
message_8315551b025b,event_852b55ae8ff6,C019,1,client,После последнего опыта я хочу уйти из банка.,churn,уход клиента,Ипотека,комиссия,negative,2024-08-30
message_184dd7b790bf,event_852b55ae8ff6,C019,2,operator,Сейчас оформим завершение обслуживания и подтвердим финальный статус.,churn,уход клиента,Ипотека,комиссия,negative,2024-08-30
message_df775e8ffa76,event_852b55ae8ff6,C019,3,client,Можно ли получить подтверждение после завершения операции?,churn,уход клиента,Ипотека,комиссия,negative,2024-08-30
message_8fdb412c5a79,event_852b55ae8ff6,C019,4,operator,Я вижу историю клиента и учитываю этап «уход клиента».,churn,уход клиента,Ипотека,комиссия,negative,2024-08-30
message_2f5048fd8871,event_852b55ae8ff6,C019,5,operator,"Если появятся дополнительные вопросы, можно продолжить диалог в этом же канале.",churn,уход клиента,Ипотека,комиссия,negative,2024-08-30
message_ec250526ae04,event_569ef04a1039,C020,1,client,"После прошлой ситуации хочу понять, какие условия вы можете предложить.",retention,удержание,Дебетовая карта,повышение лимита,positive,2024-12-19
message_7b809abcf646,event_569ef04a1039,C020,2,operator,Могу предложить индивидуальные условия и контроль следующего обращения.,retention,удержание,Дебетовая карта,повышение лимита,positive,2024-12-19
message_ed0d46e970a9,event_569ef04a1039,C020,3,client,Я хочу понимать сроки и что будет происходить дальше.,retention,удержание,Дебетовая карта,повышение лимита,positive,2024-12-19
message_8a4052858732,event_569ef04a1039,C020,4,client,Меня зовут Анастасия Евгеньевна Бирюкова. Прошу учесть мой прошлый опыт и текущий продукт.,retention,удержание,Дебетовая карта,повышение лимита,positive,2024-12-19
message_db0413bd44b9,event_569ef04a1039,C020,5,operator,Я зафиксировал обращение. Статус сейчас: retained.,retention,удержание,Дебетовая карта,повышение лимита,positive,2024-12-19
message_29d85b8c2787,event_7cf6fe1f85ab,C020,1,client,"Подскажите, пожалуйста, как правильно действовать по теме «комиссия».",usage,использование продукта,Дебетовая карта,комиссия,neutral,2024-08-21
message_7009a3e428a9,event_7cf6fe1f85ab,C020,2,operator,Сейчас проверю информацию по продукту и объясню порядок действий.,usage,использование продукта,Дебетовая карта,комиссия,neutral,2024-08-21
message_6901f1e70a93,event_7cf6fe1f85ab,C020,3,client,Я хочу понимать сроки и что будет происходить дальше.,usage,использование продукта,Дебетовая карта,комиссия,neutral,2024-08-21
message_a8cb9f3d9b3b,event_7cf6fe1f85ab,C020,4,system,Системное уведомление: тема обращения классифицирована как «комиссия».,usage,использование продукта,Дебетовая карта,комиссия,neutral,2024-08-21
message_e9c79beba4f9,event_7cf6fe1f85ab,C020,5,operator,"По этому обращению указан статус «completed», оценка удовлетворенности будет учтена.",usage,использование продукта,Дебетовая карта,комиссия,neutral,2024-08-21
message_9bed43ae1626,event_9a47a4a80e64,C020,1,client,Хочу оставить жалобу. По продукту «Дебетовая карта» возникла неприятная ситуация.,complaint,жалоба,Дебетовая карта,комиссия,negative,2024-09-12
message_0fd35f005b29,event_9a47a4a80e64,C020,2,operator,Понимаю ваше недовольство. Зафиксирую обращение и передам его в работу.,complaint,жалоба,Дебетовая карта,комиссия,negative,2024-09-12
message_88c29bb982c4,event_9a47a4a80e64,C020,3,client,Я хочу понимать сроки и что будет происходить дальше.,complaint,жалоба,Дебетовая карта,комиссия,negative,2024-09-12
message_48f55971b1c4,event_9a47a4a80e64,C020,4,client,Меня зовут Анастасия Евгеньевна Бирюкова. Прошу учесть мой прошлый опыт и текущий продукт.,complaint,жалоба,Дебетовая карта,комиссия,negative,2024-09-12
message_c330b6e72d11,event_9a47a4a80e64,C020,5,system,Системное уведомление: тема обращения классифицирована как «комиссия».,complaint,жалоба,Дебетовая карта,комиссия,negative,2024-09-12
message_52f2cafc0fb5,event_9a47a4a80e64,C020,6,operator,Отправлю вам подтверждение и краткое резюме по теме «комиссия».,complaint,жалоба,Дебетовая карта,комиссия,negative,2024-09-12
message_bf29fd27c9e3,event_bd0c35bb7dc6,C020,1,client,"Я уже обращался, но проблема с продуктом «Дебетовая карта» остается.",escalation,эскалация,Дебетовая карта,возврат средств,negative,2024-10-27
message_4a10079bdad1,event_bd0c35bb7dc6,C020,2,operator,Понимаю. Подключаю профильную команду для дополнительной проверки.,escalation,эскалация,Дебетовая карта,возврат средств,negative,2024-10-27
message_6874b1585caf,event_bd0c35bb7dc6,C020,3,client,"Уточните, пожалуйста, это повлияет на мои текущие продукты?",escalation,эскалация,Дебетовая карта,возврат средств,negative,2024-10-27
message_0e9373e7d185,event_bd0c35bb7dc6,C020,4,operator,"Если появятся дополнительные вопросы, можно продолжить диалог в этом же канале.",escalation,эскалация,Дебетовая карта,возврат средств,negative,2024-10-27
message_fb0dd15d0546,event_c9fd547bd8c3,C020,1,client,Проверяю статус проблемы по продукту «Дебетовая карта». Есть ли решение?,problem_resolved,решение проблемы,Дебетовая карта,возврат средств,positive,2024-11-18
message_125dc0461796,event_c9fd547bd8c3,C020,2,operator,"По вашему обращению есть результат. Проблема закрыта, данные обновлены.",problem_resolved,решение проблемы,Дебетовая карта,возврат средств,positive,2024-11-18
message_b5a3f6c1570d,event_c9fd547bd8c3,C020,3,client,"Уточните, пожалуйста, это повлияет на мои текущие продукты?",problem_resolved,решение проблемы,Дебетовая карта,возврат средств,positive,2024-11-18
message_20ae18390c22,event_c9fd547bd8c3,C020,4,system,Системное уведомление: тема обращения классифицирована как «возврат средств».,problem_resolved,решение проблемы,Дебетовая карта,возврат средств,positive,2024-11-18
message_a77daeb5f22e,event_c9fd547bd8c3,C020,5,client,Меня зовут Анастасия Евгеньевна Бирюкова. Прошу учесть мой прошлый опыт и текущий продукт.,problem_resolved,решение проблемы,Дебетовая карта,возврат средств,positive,2024-11-18
message_f36de2615c00,event_c9fd547bd8c3,C020,6,system,Системное уведомление: настроение обращения определено как «positive».,problem_resolved,решение проблемы,Дебетовая карта,возврат средств,positive,2024-11-18
message_4393d594edb1,event_c9fd547bd8c3,C020,7,operator,"По этому обращению указан статус «resolved», оценка удовлетворенности будет учтена.",problem_resolved,решение проблемы,Дебетовая карта,возврат средств,positive,2024-11-18
message_a45aadc03ff3,event_de84b1891874,C020,1,client,Интересует дополнительный продукт «Кредитная карта». Расскажите про оформление.,repeat_purchase,повторная покупка,Кредитная карта,оформление продукта,positive,2025-01-17
message_60d57374fc38,event_de84b1891874,C020,2,operator,Давайте оформим дополнительный продукт и учтем ваш текущий профиль.,repeat_purchase,повторная покупка,Кредитная карта,оформление продукта,positive,2025-01-17
message_88f57048c3f7,event_de84b1891874,C020,3,client,"Уточните, пожалуйста, это повлияет на мои текущие продукты?",repeat_purchase,повторная покупка,Кредитная карта,оформление продукта,positive,2025-01-17
message_5f01ec6392ff,event_de84b1891874,C020,4,operator,"По этому обращению указан статус «completed», оценка удовлетворенности будет учтена.",repeat_purchase,повторная покупка,Кредитная карта,оформление продукта,positive,2025-01-17
message_7927cf378c47,event_93300e115221,C021,1,client,После последнего опыта я хочу уйти из банка.,churn,уход клиента,Ипотека,комиссия,negative,2024-09-22
message_9451908a411b,event_93300e115221,C021,2,operator,"Мне жаль, что вы приняли такое решение. Я помогу корректно завершить обслуживание.",churn,уход клиента,Ипотека,комиссия,negative,2024-09-22
message_451bc6ff679a,event_93300e115221,C021,3,client,Мне удобнее продолжить общение через канал «мобильное приложение».,churn,уход клиента,Ипотека,комиссия,negative,2024-09-22
message_e6d481a73c1c,event_93300e115221,C021,4,operator,Я вижу историю клиента и учитываю этап «уход клиента».,churn,уход клиента,Ипотека,комиссия,negative,2024-09-22
message_ce349dfdea9f,event_93300e115221,C021,5,system,Системное уведомление: настроение обращения определено как «negative».,churn,уход клиента,Ипотека,комиссия,negative,2024-09-22
message_9cf889ef94a7,event_93300e115221,C021,6,client,Меня зовут Веселов Олег Евстигнеевич. Прошу учесть мой прошлый опыт и текущий продукт.,churn,уход клиента,Ипотека,комиссия,negative,2024-09-22
message_cf69c5687e45,event_93300e115221,C021,7,system,Системное уведомление: тема обращения классифицирована как «комиссия».,churn,уход клиента,Ипотека,комиссия,negative,2024-09-22
message_4d45f3d12b55,event_93300e115221,C021,8,operator,"Информация передана в работу, ориентировочный срок решения зависит от проверки.",churn,уход клиента,Ипотека,комиссия,negative,2024-09-22
message_a167988ddee5,event_fac32dcf828f,C021,1,client,Меня не устраивает качество обслуживания. Тема обращения: просрочка платежа.,complaint,жалоба,Ипотека,просрочка платежа,neutral,2024-09-04
message_c43c31c14575,event_fac32dcf828f,C021,2,operator,"Давайте подробно опишем проблему, чтобы ее можно было проверить.",complaint,жалоба,Ипотека,просрочка платежа,neutral,2024-09-04
message_f381ddef8567,event_fac32dcf828f,C021,3,client,Я хочу понимать сроки и что будет происходить дальше.,complaint,жалоба,Ипотека,просрочка платежа,neutral,2024-09-04
message_8a7d768b8187,event_fac32dcf828f,C021,4,system,Системное уведомление: клиенту присвоен статус обращения «escalated».,complaint,жалоба,Ипотека,просрочка платежа,neutral,2024-09-04
message_087ee1905f84,event_fac32dcf828f,C021,5,client,Меня зовут Веселов Олег Евстигнеевич. Прошу учесть мой прошлый опыт и текущий продукт.,complaint,жалоба,Ипотека,просрочка платежа,neutral,2024-09-04
message_29eee1585556,event_fac32dcf828f,C021,6,operator,Я вижу историю клиента и учитываю этап «жалоба».,complaint,жалоба,Ипотека,просрочка платежа,neutral,2024-09-04
message_9476415b3a80,event_fac32dcf828f,C021,7,system,Системное уведомление: настроение обращения определено как «neutral».,complaint,жалоба,Ипотека,просрочка платежа,neutral,2024-09-04
message_ff698d3d545b,event_fac32dcf828f,C021,8,operator,"По этому обращению указан статус «escalated», оценка удовлетворенности будет учтена.",complaint,жалоба,Ипотека,просрочка платежа,neutral,2024-09-04
message_1c90a4556a0c,event_1e79f3245984,C022,1,client,"Подскажите, пожалуйста, как правильно действовать по теме «комиссия».",usage,использование продукта,Инвестиционный счет,комиссия,positive,2024-09-21
message_2f3ccb4cf2d3,event_1e79f3245984,C022,2,operator,Я помогу разобраться с использованием продукта.,usage,использование продукта,Инвестиционный счет,комиссия,positive,2024-09-21
message_5bc7e745abd1,event_1e79f3245984,C022,3,client,Я хочу понимать сроки и что будет происходить дальше.,usage,использование продукта,Инвестиционный счет,комиссия,positive,2024-09-21
message_e3c718c27434,event_1e79f3245984,C022,4,operator,Я вижу историю клиента и учитываю этап «использование продукта».,usage,использование продукта,Инвестиционный счет,комиссия,positive,2024-09-21
message_dd83fef295d1,event_1e79f3245984,C022,5,system,Системное уведомление: обращение зарегистрировано и связано с продуктом «Инвестиционный счет».,usage,использование продукта,Инвестиционный счет,комиссия,positive,2024-09-21
message_e2ea1d07c388,event_1e79f3245984,C022,6,operator,"По этому обращению указан статус «completed», оценка удовлетворенности будет учтена.",usage,использование продукта,Инвестиционный счет,комиссия,positive,2024-09-21
message_955c709a4acb,event_4e7ae3596ec3,C022,1,client,"Не вижу смысла продолжать обслуживание, хочу завершить отношения с банком.",churn,уход клиента,Дебетовая карта,комиссия,negative,2024-11-13
message_9d99b11fd234,event_4e7ae3596ec3,C022,2,operator,Сейчас оформим завершение обслуживания и подтвердим финальный статус.,churn,уход клиента,Дебетовая карта,комиссия,negative,2024-11-13
message_1199e3ae5cdd,event_4e7ae3596ec3,C022,3,client,Мне удобнее продолжить общение через канал «чат».,churn,уход клиента,Дебетовая карта,комиссия,negative,2024-11-13
message_942442c06253,event_4e7ae3596ec3,C022,4,operator,"Если появятся дополнительные вопросы, можно продолжить диалог в этом же канале.",churn,уход клиента,Дебетовая карта,комиссия,negative,2024-11-13
message_52de040e9936,event_eaa1eb95ebd7,C022,1,client,Хочу оставить жалобу. По продукту «Инвестиционный счет» возникла неприятная ситуация.,complaint,жалоба,Инвестиционный счет,ошибка в приложении,negative,2024-10-14
message_4f1217ce4c3b,event_eaa1eb95ebd7,C022,2,operator,Понимаю ваше недовольство. Зафиксирую обращение и передам его в работу.,complaint,жалоба,Инвестиционный счет,ошибка в приложении,negative,2024-10-14
message_cda1375b7c3e,event_eaa1eb95ebd7,C022,3,client,"Уточните, пожалуйста, это повлияет на мои текущие продукты?",complaint,жалоба,Инвестиционный счет,ошибка в приложении,negative,2024-10-14
message_5ba11f52f734,event_eaa1eb95ebd7,C022,4,operator,Я вижу историю клиента и учитываю этап «жалоба».,complaint,жалоба,Инвестиционный счет,ошибка в приложении,negative,2024-10-14
message_4d808781ce4d,event_eaa1eb95ebd7,C022,5,client,Меня зовут Сысоева Татьяна Кузьминична. Прошу учесть мой прошлый опыт и текущий продукт.,complaint,жалоба,Инвестиционный счет,ошибка в приложении,negative,2024-10-14
message_0e1df40f073b,event_eaa1eb95ebd7,C022,6,operator,"По этому обращению указан статус «resolved», оценка удовлетворенности будет учтена.",complaint,жалоба,Инвестиционный счет,ошибка в приложении,negative,2024-10-14
message_9524c54fbb8e,event_005dbb194333,C023,1,client,"Здравствуйте. Подскажите, пожалуйста, что важно знать про «Потребительский кредит»?",introduction,знакомство,Потребительский кредит,оформление продукта,positive,2024-12-06
message_1ccc0a3752fa,event_005dbb194333,C023,2,operator,"Добрый день. Сейчас поясню, как устроен продукт и какие шаги нужны.",introduction,знакомство,Потребительский кредит,оформление продукта,positive,2024-12-06
message_c0dfb4bb8bb3,event_005dbb194333,C023,3,client,Можно ли получить подтверждение после завершения операции?,introduction,знакомство,Потребительский кредит,оформление продукта,positive,2024-12-06
message_78dfbfea49fc,event_005dbb194333,C023,4,operator,Я вижу историю клиента и учитываю этап «знакомство».,introduction,знакомство,Потребительский кредит,оформление продукта,positive,2024-12-06
message_350c4d9d4677,event_005dbb194333,C023,5,system,Системное уведомление: настроение обращения определено как «positive».,introduction,знакомство,Потребительский кредит,оформление продукта,positive,2024-12-06
message_67b9821f1543,event_005dbb194333,C023,6,system,Системное уведомление: клиенту присвоен статус обращения «completed».,introduction,знакомство,Потребительский кредит,оформление продукта,positive,2024-12-06
message_4caec813e3c5,event_005dbb194333,C023,7,operator,Я зафиксировал обращение. Статус сейчас: completed.,introduction,знакомство,Потребительский кредит,оформление продукта,positive,2024-12-06
message_a7c595b179da,event_5b7c198b3863,C023,1,client,"Помогите разобраться, подойдет ли мне «Ипотека».",consultation,консультация,Ипотека,консультация по тарифам,neutral,2025-02-15
message_3c3f32c1b98c,event_5b7c198b3863,C023,2,operator,Сейчас отвечу по тарифам и помогу выбрать следующий шаг.,consultation,консультация,Ипотека,консультация по тарифам,neutral,2025-02-15
message_68bd51afacdf,event_5b7c198b3863,C023,3,client,"Важно, чтобы решение было понятным и без скрытых условий.",consultation,консультация,Ипотека,консультация по тарифам,neutral,2025-02-15
message_86c383edd78a,event_5b7c198b3863,C023,4,client,Меня зовут Чернов Николай Фокич. Прошу учесть мой прошлый опыт и текущий продукт.,consultation,консультация,Ипотека,консультация по тарифам,neutral,2025-02-15
message_53293c1d5c40,event_5b7c198b3863,C023,5,operator,Я зафиксировал обращение. Статус сейчас: completed.,consultation,консультация,Ипотека,консультация по тарифам,neutral,2025-02-15
message_3ce25f7f96bf,event_a122f25f71aa,C023,1,client,Хочу сравнить условия по продукту «Кредитная карта» с текущими вариантами.,product_interest,интерес к продукту,Кредитная карта,консультация по тарифам,positive,2025-01-20
message_98b8221cb003,event_a122f25f71aa,C023,2,operator,"Могу рассказать про тариф, лимиты, комиссии и порядок оформления.",product_interest,интерес к продукту,Кредитная карта,консультация по тарифам,positive,2025-01-20
message_4606cb539224,event_a122f25f71aa,C023,3,client,Я хочу понимать сроки и что будет происходить дальше.,product_interest,интерес к продукту,Кредитная карта,консультация по тарифам,positive,2025-01-20
message_33c70b154aad,event_a122f25f71aa,C023,4,system,Системное уведомление: настроение обращения определено как «positive».,product_interest,интерес к продукту,Кредитная карта,консультация по тарифам,positive,2025-01-20
message_48d103f99d5b,event_a122f25f71aa,C023,5,operator,Я вижу историю клиента и учитываю этап «интерес к продукту».,product_interest,интерес к продукту,Кредитная карта,консультация по тарифам,positive,2025-01-20
message_72e5d8cf0908,event_a122f25f71aa,C023,6,client,Меня зовут Чернов Николай Фокич. Прошу учесть мой прошлый опыт и текущий продукт.,product_interest,интерес к продукту,Кредитная карта,консультация по тарифам,positive,2025-01-20
message_65f3d127f8f2,event_a122f25f71aa,C023,7,operator,"По этому обращению указан статус «completed», оценка удовлетворенности будет учтена.",product_interest,интерес к продукту,Кредитная карта,консультация по тарифам,positive,2025-01-20
message_90737c74c477,event_2f93c12b9343,C024,1,client,Мне интересен продукт «Страхование». Можете рассказать подробнее про консультация по тарифам?,product_interest,интерес к продукту,Страхование,консультация по тарифам,positive,2025-02-04
message_9871ae944b31,event_2f93c12b9343,C024,2,operator,Понимаю. Давайте уточним ваши цели и подберем подходящие условия.,product_interest,интерес к продукту,Страхование,консультация по тарифам,positive,2025-02-04
message_a504eb1c2faa,event_2f93c12b9343,C024,3,client,"Важно, чтобы решение было понятным и без скрытых условий.",product_interest,интерес к продукту,Страхование,консультация по тарифам,positive,2025-02-04
message_6d796a17eab5,event_2f93c12b9343,C024,4,system,Системное уведомление: настроение обращения определено как «positive».,product_interest,интерес к продукту,Страхование,консультация по тарифам,positive,2025-02-04
message_f7fd6314253c,event_2f93c12b9343,C024,5,client,Меня зовут Кудрявцев Иосиф Евсеевич. Прошу учесть мой прошлый опыт и текущий продукт.,product_interest,интерес к продукту,Страхование,консультация по тарифам,positive,2025-02-04
message_ad8b65d1c6ac,event_2f93c12b9343,C024,6,system,Системное уведомление: клиенту присвоен статус обращения «completed».,product_interest,интерес к продукту,Страхование,консультация по тарифам,positive,2025-02-04
message_5cc1b4496865,event_2f93c12b9343,C024,7,operator,"Если появятся дополнительные вопросы, можно продолжить диалог в этом же канале.",product_interest,интерес к продукту,Страхование,консультация по тарифам,positive,2025-02-04
message_e994bb4d2c6b,event_4a37e700a4c3,C024,1,client,"Здравствуйте, хочу понять, как у вас работает продукт «Потребительский кредит». Интересуют оформление продукта.",introduction,знакомство,Потребительский кредит,оформление продукта,negative,2025-01-05
message_52f3a96121da,event_4a37e700a4c3,C024,2,operator,"Добрый день. Сейчас поясню, как устроен продукт и какие шаги нужны.",introduction,знакомство,Потребительский кредит,оформление продукта,negative,2025-01-05
message_b1308902fc33,event_4a37e700a4c3,C024,3,client,"Важно, чтобы решение было понятным и без скрытых условий.",introduction,знакомство,Потребительский кредит,оформление продукта,negative,2025-01-05
message_9c0e1ef37684,event_4a37e700a4c3,C024,4,system,Системное уведомление: история взаимодействий клиента обновлена.,introduction,знакомство,Потребительский кредит,оформление продукта,negative,2025-01-05
message_5b57bd561c3a,event_4a37e700a4c3,C024,5,operator,Я вижу историю клиента и учитываю этап «знакомство».,introduction,знакомство,Потребительский кредит,оформление продукта,negative,2025-01-05
message_035160a42f3a,event_4a37e700a4c3,C024,6,client,Меня зовут Кудрявцев Иосиф Евсеевич. Прошу учесть мой прошлый опыт и текущий продукт.,introduction,знакомство,Потребительский кредит,оформление продукта,negative,2025-01-05
message_22744aac7be3,event_4a37e700a4c3,C024,7,system,Системное уведомление: настроение обращения определено как «negative».,introduction,знакомство,Потребительский кредит,оформление продукта,negative,2025-01-05
message_3ec475a974f3,event_4a37e700a4c3,C024,8,operator,"Информация передана в работу, ориентировочный срок решения зависит от проверки.",introduction,знакомство,Потребительский кредит,оформление продукта,negative,2025-01-05
message_91bc5e27b3c3,event_441438e60397,C025,1,client,Мне интересен продукт «Потребительский кредит». Можете рассказать подробнее про повышение лимита?,product_interest,интерес к продукту,Потребительский кредит,повышение лимита,neutral,2024-09-13
message_11add80a670c,event_441438e60397,C025,2,operator,Сейчас проверю актуальные условия для выбранного продукта.,product_interest,интерес к продукту,Потребительский кредит,повышение лимита,neutral,2024-09-13
message_3a3a518c2c4c,event_441438e60397,C025,3,client,Мне удобнее продолжить общение через канал «чат».,product_interest,интерес к продукту,Потребительский кредит,повышение лимита,neutral,2024-09-13
message_e278bad34a66,event_441438e60397,C025,4,operator,"По этому обращению указан статус «completed», оценка удовлетворенности будет учтена.",product_interest,интерес к продукту,Потребительский кредит,повышение лимита,neutral,2024-09-13
message_eaced0ec35d2,event_8f387c590f91,C025,1,client,"Здравствуйте, хочу понять, как у вас работает продукт «Дебетовая карта». Интересуют оформление продукта.",introduction,знакомство,Дебетовая карта,оформление продукта,positive,2024-08-09
message_3c476213fd23,event_8f387c590f91,C025,2,operator,Здравствуйте. Расскажу основные условия и помогу выбрать подходящий вариант.,introduction,знакомство,Дебетовая карта,оформление продукта,positive,2024-08-09
message_d2ccb685a631,event_8f387c590f91,C025,3,client,"Важно, чтобы решение было понятным и без скрытых условий.",introduction,знакомство,Дебетовая карта,оформление продукта,positive,2024-08-09
message_9acc6e8bd0cb,event_8f387c590f91,C025,4,system,Системное уведомление: настроение обращения определено как «positive».,introduction,знакомство,Дебетовая карта,оформление продукта,positive,2024-08-09
message_d08e3803c7b9,event_8f387c590f91,C025,5,system,Системное уведомление: клиенту присвоен статус обращения «completed».,introduction,знакомство,Дебетовая карта,оформление продукта,positive,2024-08-09
message_8c24c0cb5526,event_8f387c590f91,C025,6,client,Меня зовут Пахом Трифонович Денисов. Прошу учесть мой прошлый опыт и текущий продукт.,introduction,знакомство,Дебетовая карта,оформление продукта,positive,2024-08-09
message_035a65eef8dc,event_8f387c590f91,C025,7,operator,Я вижу историю клиента и учитываю этап «знакомство».,introduction,знакомство,Дебетовая карта,оформление продукта,positive,2024-08-09
message_c4197767835a,event_8f387c590f91,C025,8,operator,"Информация передана в работу, ориентировочный срок решения зависит от проверки.",introduction,знакомство,Дебетовая карта,оформление продукта,positive,2024-08-09
message_3e68ab7af303,event_16c059d72069,C026,1,client,Добрый день. Я впервые обращаюсь в банк и хочу узнать про «Инвестиционный счет».,introduction,знакомство,Инвестиционный счет,условия продукта,negative,2024-11-10
message_f9e54f73842a,event_16c059d72069,C026,2,operator,Здравствуйте. Я помогу сориентироваться по условиям и ограничениям.,introduction,знакомство,Инвестиционный счет,условия продукта,negative,2024-11-10
message_95b84efc030b,event_16c059d72069,C026,3,client,Мне удобнее продолжить общение через канал «телефон».,introduction,знакомство,Инвестиционный счет,условия продукта,negative,2024-11-10
message_f231b7f5a849,event_16c059d72069,C026,4,client,Меня зовут Кудрявцева Раиса Святославовна. Прошу учесть мой прошлый опыт и текущий продукт.,introduction,знакомство,Инвестиционный счет,условия продукта,negative,2024-11-10
message_e8981e121ca3,event_16c059d72069,C026,5,system,Системное уведомление: тема обращения классифицирована как «условия продукта».,introduction,знакомство,Инвестиционный счет,условия продукта,negative,2024-11-10
message_e3c153ecf2f7,event_16c059d72069,C026,6,operator,"Если появятся дополнительные вопросы, можно продолжить диалог в этом же канале.",introduction,знакомство,Инвестиционный счет,условия продукта,negative,2024-11-10
message_c18218b97e89,event_2ab5f4b56b35,C026,1,client,Проверяю статус проблемы по продукту «Ипотека». Есть ли решение?,problem_resolved,решение проблемы,Ипотека,техническая ошибка,neutral,2025-01-06
message_b1b288f1fc7a,event_2ab5f4b56b35,C026,2,operator,"Вопрос решен. Я расскажу, что было сделано и как проверить результат.",problem_resolved,решение проблемы,Ипотека,техническая ошибка,neutral,2025-01-06
message_f1c8c5f58317,event_2ab5f4b56b35,C026,3,client,"Важно, чтобы решение было понятным и без скрытых условий.",problem_resolved,решение проблемы,Ипотека,техническая ошибка,neutral,2025-01-06
message_9f090b89f9b2,event_2ab5f4b56b35,C026,4,operator,Я вижу историю клиента и учитываю этап «решение проблемы».,problem_resolved,решение проблемы,Ипотека,техническая ошибка,neutral,2025-01-06
message_ca52b14c8ac4,event_2ab5f4b56b35,C026,5,operator,"Если появятся дополнительные вопросы, можно продолжить диалог в этом же канале.",problem_resolved,решение проблемы,Ипотека,техническая ошибка,neutral,2025-01-06
message_9a968741522e,event_ac67b3c3aba8,C026,1,client,Не получается разобраться с ситуацией по продукту «Инвестиционный счет».,support_question,вопрос в поддержку,Инвестиционный счет,изменение персональных данных,positive,2024-12-22
message_8c68f50984b0,event_ac67b3c3aba8,C026,2,operator,"Давайте уточним детали проблемы, чтобы быстрее помочь.",support_question,вопрос в поддержку,Инвестиционный счет,изменение персональных данных,positive,2024-12-22
message_a01d95b167ea,event_ac67b3c3aba8,C026,3,client,Я хочу понимать сроки и что будет происходить дальше.,support_question,вопрос в поддержку,Инвестиционный счет,изменение персональных данных,positive,2024-12-22
message_2521d7e97d7d,event_ac67b3c3aba8,C026,4,client,Меня зовут Кудрявцева Раиса Святославовна. Прошу учесть мой прошлый опыт и текущий продукт.,support_question,вопрос в поддержку,Инвестиционный счет,изменение персональных данных,positive,2024-12-22
message_12caa64eff4f,event_ac67b3c3aba8,C026,5,operator,Я вижу историю клиента и учитываю этап «вопрос в поддержку».,support_question,вопрос в поддержку,Инвестиционный счет,изменение персональных данных,positive,2024-12-22
message_6e8044c3457d,event_ac67b3c3aba8,C026,6,operator,"Информация передана в работу, ориентировочный срок решения зависит от проверки.",support_question,вопрос в поддержку,Инвестиционный счет,изменение персональных данных,positive,2024-12-22
message_9988dcadfea0,event_1984bd2072f5,C027,1,client,"Подскажите, пожалуйста, как правильно действовать по теме «изменение персональных данных».",usage,использование продукта,Страхование,изменение персональных данных,neutral,2025-01-18
message_e1033bf83ed8,event_1984bd2072f5,C027,2,operator,Давайте посмотрим детали операции и найдем ответ.,usage,использование продукта,Страхование,изменение персональных данных,neutral,2025-01-18
message_ca62ac220957,event_1984bd2072f5,C027,3,client,Мне удобнее продолжить общение через канал «офис».,usage,использование продукта,Страхование,изменение персональных данных,neutral,2025-01-18
message_5319c79e95fe,event_1984bd2072f5,C027,4,client,Меня зовут Васильев Венедикт Витальевич. Прошу учесть мой прошлый опыт и текущий продукт.,usage,использование продукта,Страхование,изменение персональных данных,neutral,2025-01-18
message_2dd8629f5b90,event_1984bd2072f5,C027,5,system,Системное уведомление: настроение обращения определено как «neutral».,usage,использование продукта,Страхование,изменение персональных данных,neutral,2025-01-18
message_80de5e4aec93,event_1984bd2072f5,C027,6,operator,Я вижу историю клиента и учитываю этап «использование продукта».,usage,использование продукта,Страхование,изменение персональных данных,neutral,2025-01-18
message_dba7b190fdf1,event_1984bd2072f5,C027,7,operator,"Если появятся дополнительные вопросы, можно продолжить диалог в этом же канале.",usage,использование продукта,Страхование,изменение персональных данных,neutral,2025-01-18
message_b88a228c7785,event_40abdee785ad,C027,1,client,Я недоволен ситуацией по продукту «Страхование». Проблема: комиссия.,complaint,жалоба,Страхование,комиссия,negative,2025-02-17
message_41804aaa273b,event_40abdee785ad,C027,2,operator,"Давайте подробно опишем проблему, чтобы ее можно было проверить.",complaint,жалоба,Страхование,комиссия,negative,2025-02-17
message_afa502458718,event_40abdee785ad,C027,3,client,"Важно, чтобы решение было понятным и без скрытых условий.",complaint,жалоба,Страхование,комиссия,negative,2025-02-17
message_bbe78abfb9ac,event_40abdee785ad,C027,4,operator,Отправлю вам подтверждение и краткое резюме по теме «комиссия».,complaint,жалоба,Страхование,комиссия,negative,2025-02-17
message_12bc1909077d,event_9c644e806eb3,C027,1,client,"Не вижу смысла продолжать обслуживание, хочу завершить отношения с банком.",churn,уход клиента,Страхование,комиссия,neutral,2025-03-31
message_67226f6a6dba,event_9c644e806eb3,C027,2,operator,"Мне жаль, что вы приняли такое решение. Я помогу корректно завершить обслуживание.",churn,уход клиента,Страхование,комиссия,neutral,2025-03-31
message_2d9cf3b6c5d9,event_9c644e806eb3,C027,3,client,Я хочу понимать сроки и что будет происходить дальше.,churn,уход клиента,Страхование,комиссия,neutral,2025-03-31
message_c7a23d89b324,event_9c644e806eb3,C027,4,client,Меня зовут Васильев Венедикт Витальевич. Прошу учесть мой прошлый опыт и текущий продукт.,churn,уход клиента,Страхование,комиссия,neutral,2025-03-31
message_919ae4957a15,event_9c644e806eb3,C027,5,system,Системное уведомление: тема обращения классифицирована как «комиссия».,churn,уход клиента,Страхование,комиссия,neutral,2025-03-31
message_8fef1a5d897a,event_9c644e806eb3,C027,6,operator,Я вижу историю клиента и учитываю этап «уход клиента».,churn,уход клиента,Страхование,комиссия,neutral,2025-03-31
message_567aba161a79,event_9c644e806eb3,C027,7,operator,Я зафиксировал обращение. Статус сейчас: lost.,churn,уход клиента,Страхование,комиссия,neutral,2025-03-31
message_5f9e970fefbb,event_047691e49e5e,C028,1,client,"Я уже обращался, но проблема с продуктом «Дебетовая карта» остается.",escalation,эскалация,Дебетовая карта,жалоба на обслуживание,negative,2024-12-25
message_7bc25058c0be,event_047691e49e5e,C028,2,operator,Эскалация оформлена. Специалист проверит историю обращений.,escalation,эскалация,Дебетовая карта,жалоба на обслуживание,negative,2024-12-25
message_58d646ceb054,event_047691e49e5e,C028,3,client,"Уточните, пожалуйста, это повлияет на мои текущие продукты?",escalation,эскалация,Дебетовая карта,жалоба на обслуживание,negative,2024-12-25
message_8b038de37cbd,event_047691e49e5e,C028,4,operator,Я вижу историю клиента и учитываю этап «эскалация».,escalation,эскалация,Дебетовая карта,жалоба на обслуживание,negative,2024-12-25
message_3484c7a3f32e,event_047691e49e5e,C028,5,client,Меня зовут Панфил Арсенович Блинов. Прошу учесть мой прошлый опыт и текущий продукт.,escalation,эскалация,Дебетовая карта,жалоба на обслуживание,negative,2024-12-25
message_e4db4ad1ecd6,event_047691e49e5e,C028,6,operator,"Информация передана в работу, ориентировочный срок решения зависит от проверки.",escalation,эскалация,Дебетовая карта,жалоба на обслуживание,negative,2024-12-25
message_22b8e426054b,event_1b8c0b245bc3,C028,1,client,Я недоволен ситуацией по продукту «Накопительный счет». Проблема: комиссия.,complaint,жалоба,Накопительный счет,комиссия,negative,2024-11-21
message_fd394d564c17,event_1b8c0b245bc3,C028,2,operator,"Мне жаль, что вы столкнулись с такой ситуацией. Я зарегистрирую жалобу.",complaint,жалоба,Накопительный счет,комиссия,negative,2024-11-21
message_1c16d7c9c80f,event_1b8c0b245bc3,C028,3,client,Можно ли получить подтверждение после завершения операции?,complaint,жалоба,Накопительный счет,комиссия,negative,2024-11-21
message_67a1c0c2b9cf,event_1b8c0b245bc3,C028,4,client,Меня зовут Панфил Арсенович Блинов. Прошу учесть мой прошлый опыт и текущий продукт.,complaint,жалоба,Накопительный счет,комиссия,negative,2024-11-21
message_4323ca571510,event_1b8c0b245bc3,C028,5,system,Системное уведомление: клиенту присвоен статус обращения «escalated».,complaint,жалоба,Накопительный счет,комиссия,negative,2024-11-21
message_ecd8c18ac312,event_1b8c0b245bc3,C028,6,operator,"Информация передана в работу, ориентировочный срок решения зависит от проверки.",complaint,жалоба,Накопительный счет,комиссия,negative,2024-11-21
message_de6498ac1ae3,event_4a2a3516b6b0,C028,1,client,У меня есть вопрос по использованию продукта «Страхование».,usage,использование продукта,Страхование,условия продукта,neutral,2024-11-10
message_8ec8b6b5a78d,event_4a2a3516b6b0,C028,2,operator,Я помогу разобраться с использованием продукта.,usage,использование продукта,Страхование,условия продукта,neutral,2024-11-10
message_4ad667e12088,event_4a2a3516b6b0,C028,3,client,Мне удобнее продолжить общение через канал «сайт».,usage,использование продукта,Страхование,условия продукта,neutral,2024-11-10
message_a55096e3bac0,event_4a2a3516b6b0,C028,4,client,Меня зовут Панфил Арсенович Блинов. Прошу учесть мой прошлый опыт и текущий продукт.,usage,использование продукта,Страхование,условия продукта,neutral,2024-11-10
message_aca0629387ff,event_4a2a3516b6b0,C028,5,system,Системное уведомление: настроение обращения определено как «neutral».,usage,использование продукта,Страхование,условия продукта,neutral,2024-11-10
message_8c15d25b8a6d,event_4a2a3516b6b0,C028,6,operator,Я вижу историю клиента и учитываю этап «использование продукта».,usage,использование продукта,Страхование,условия продукта,neutral,2024-11-10
message_4c5ac5985e1a,event_4a2a3516b6b0,C028,7,system,Системное уведомление: история взаимодействий клиента обновлена.,usage,использование продукта,Страхование,условия продукта,neutral,2024-11-10
message_782a109e1145,event_4a2a3516b6b0,C028,8,operator,"Информация передана в работу, ориентировочный срок решения зависит от проверки.",usage,использование продукта,Страхование,условия продукта,neutral,2024-11-10
message_29be2aceac98,event_4c40be4187ce,C028,1,client,Я уже клиент банка и хочу оформить еще один продукт: «Страхование».,repeat_purchase,повторная покупка,Страхование,условия продукта,neutral,2025-03-21
message_bc9d15f5b885,event_4c40be4187ce,C028,2,operator,"Рада, что вы вернулись. Проверю доступные условия для нового продукта.",repeat_purchase,повторная покупка,Страхование,условия продукта,neutral,2025-03-21
message_dd08be6c5b85,event_4c40be4187ce,C028,3,client,Я хочу понимать сроки и что будет происходить дальше.,repeat_purchase,повторная покупка,Страхование,условия продукта,neutral,2025-03-21
message_9d2980819564,event_4c40be4187ce,C028,4,system,Системное уведомление: тема обращения классифицирована как «условия продукта».,repeat_purchase,повторная покупка,Страхование,условия продукта,neutral,2025-03-21
message_0b84f32b434c,event_4c40be4187ce,C028,5,client,Меня зовут Панфил Арсенович Блинов. Прошу учесть мой прошлый опыт и текущий продукт.,repeat_purchase,повторная покупка,Страхование,условия продукта,neutral,2025-03-21
message_f53dfbcfc974,event_4c40be4187ce,C028,6,system,Системное уведомление: настроение обращения определено как «neutral».,repeat_purchase,повторная покупка,Страхование,условия продукта,neutral,2025-03-21
message_fd70ab4d8d0b,event_4c40be4187ce,C028,7,operator,Я зафиксировал обращение. Статус сейчас: completed.,repeat_purchase,повторная покупка,Страхование,условия продукта,neutral,2025-03-21
message_f0df02efcee3,event_a8b7981d734a,C028,1,client,Проверяю статус проблемы по продукту «Кредитная карта». Есть ли решение?,problem_resolved,решение проблемы,Кредитная карта,блокировка карты,neutral,2025-01-21
message_4a9ae0bee4ff,event_a8b7981d734a,C028,2,operator,"Проверила статус: решение уже применено, сейчас объясню детали.",problem_resolved,решение проблемы,Кредитная карта,блокировка карты,neutral,2025-01-21
message_d80efeedd526,event_a8b7981d734a,C028,3,client,"Важно, чтобы решение было понятным и без скрытых условий.",problem_resolved,решение проблемы,Кредитная карта,блокировка карты,neutral,2025-01-21
message_c197eada97ef,event_a8b7981d734a,C028,4,client,Меня зовут Панфил Арсенович Блинов. Прошу учесть мой прошлый опыт и текущий продукт.,problem_resolved,решение проблемы,Кредитная карта,блокировка карты,neutral,2025-01-21
message_43ad4166c348,event_a8b7981d734a,C028,5,operator,Я вижу историю клиента и учитываю этап «решение проблемы».,problem_resolved,решение проблемы,Кредитная карта,блокировка карты,neutral,2025-01-21
message_5b613b07e2d3,event_a8b7981d734a,C028,6,operator,Я зафиксировал обращение. Статус сейчас: resolved.,problem_resolved,решение проблемы,Кредитная карта,блокировка карты,neutral,2025-01-21
message_18b7edc49d81,event_e346253f3775,C028,1,client,"После прошлой ситуации хочу понять, какие условия вы можете предложить.",retention,удержание,Накопительный счет,повышение лимита,positive,2025-03-04
message_1c4896d9c687,event_e346253f3775,C028,2,operator,Могу предложить индивидуальные условия и контроль следующего обращения.,retention,удержание,Накопительный счет,повышение лимита,positive,2025-03-04
message_9c5dc4b52efe,event_e346253f3775,C028,3,client,"Важно, чтобы решение было понятным и без скрытых условий.",retention,удержание,Накопительный счет,повышение лимита,positive,2025-03-04
message_632e3ab61720,event_e346253f3775,C028,4,system,Системное уведомление: клиенту присвоен статус обращения «retained».,retention,удержание,Накопительный счет,повышение лимита,positive,2025-03-04
message_13bdcbb110a8,event_e346253f3775,C028,5,operator,Я вижу историю клиента и учитываю этап «удержание».,retention,удержание,Накопительный счет,повышение лимита,positive,2025-03-04
message_a9e4b4b8e56a,event_e346253f3775,C028,6,client,Меня зовут Панфил Арсенович Блинов. Прошу учесть мой прошлый опыт и текущий продукт.,retention,удержание,Накопительный счет,повышение лимита,positive,2025-03-04
message_b80f2cc11d39,event_e346253f3775,C028,7,system,Системное уведомление: настроение обращения определено как «positive».,retention,удержание,Накопительный счет,повышение лимита,positive,2025-03-04
message_9c84b8f10eda,event_e346253f3775,C028,8,operator,"По этому обращению указан статус «retained», оценка удовлетворенности будет учтена.",retention,удержание,Накопительный счет,повышение лимита,positive,2025-03-04
message_f899832b7db1,event_8c9b8b24a51c,C029,1,client,После последнего опыта я хочу уйти из банка.,churn,уход клиента,Инвестиционный счет,жалоба на обслуживание,negative,2024-09-28
message_b0476c6c21ea,event_8c9b8b24a51c,C029,2,operator,"Понимаю. Зафиксирую причину ухода и проверю, что нужно закрыть.",churn,уход клиента,Инвестиционный счет,жалоба на обслуживание,negative,2024-09-28
message_bb28215c0d6c,event_8c9b8b24a51c,C029,3,client,Мне удобнее продолжить общение через канал «мобильное приложение».,churn,уход клиента,Инвестиционный счет,жалоба на обслуживание,negative,2024-09-28
message_22644d8e183c,event_8c9b8b24a51c,C029,4,system,Системное уведомление: настроение обращения определено как «negative».,churn,уход клиента,Инвестиционный счет,жалоба на обслуживание,negative,2024-09-28
message_8a369e2c84a8,event_8c9b8b24a51c,C029,5,system,Системное уведомление: обращение зарегистрировано и связано с продуктом «Инвестиционный счет».,churn,уход клиента,Инвестиционный счет,жалоба на обслуживание,negative,2024-09-28
message_05a25e9a7f38,event_8c9b8b24a51c,C029,6,operator,"По этому обращению указан статус «lost», оценка удовлетворенности будет учтена.",churn,уход клиента,Инвестиционный счет,жалоба на обслуживание,negative,2024-09-28
message_0ab8495effbc,event_fe68a434f384,C029,1,client,Меня не устраивает качество обслуживания. Тема обращения: просрочка платежа.,complaint,жалоба,Кредитная карта,просрочка платежа,neutral,2024-08-21
message_f8b7d8b64006,event_fe68a434f384,C029,2,operator,"Мне жаль, что вы столкнулись с такой ситуацией. Я зарегистрирую жалобу.",complaint,жалоба,Кредитная карта,просрочка платежа,neutral,2024-08-21
message_d7d4b7dcf9c4,event_fe68a434f384,C029,3,client,"Важно, чтобы решение было понятным и без скрытых условий.",complaint,жалоба,Кредитная карта,просрочка платежа,neutral,2024-08-21
message_1e673e8d5577,event_fe68a434f384,C029,4,system,Системное уведомление: настроение обращения определено как «neutral».,complaint,жалоба,Кредитная карта,просрочка платежа,neutral,2024-08-21
message_807ef4519972,event_fe68a434f384,C029,5,system,Системное уведомление: обращение зарегистрировано и связано с продуктом «Кредитная карта».,complaint,жалоба,Кредитная карта,просрочка платежа,neutral,2024-08-21
message_b84f99cb2e68,event_fe68a434f384,C029,6,operator,Я вижу историю клиента и учитываю этап «жалоба».,complaint,жалоба,Кредитная карта,просрочка платежа,neutral,2024-08-21
message_ee562cc7fb21,event_fe68a434f384,C029,7,operator,Я зафиксировал обращение. Статус сейчас: in_progress.,complaint,жалоба,Кредитная карта,просрочка платежа,neutral,2024-08-21
message_ddc812dc23e9,event_154df8b52a04,C030,1,client,У меня есть вопрос по использованию продукта «Инвестиционный счет».,usage,использование продукта,Инвестиционный счет,условия продукта,negative,2025-04-21
message_e8c9d08dc095,event_154df8b52a04,C030,2,operator,Давайте посмотрим детали операции и найдем ответ.,usage,использование продукта,Инвестиционный счет,условия продукта,negative,2025-04-21
message_7b39a2d18eda,event_154df8b52a04,C030,3,client,"Важно, чтобы решение было понятным и без скрытых условий.",usage,использование продукта,Инвестиционный счет,условия продукта,negative,2025-04-21
message_299ec6997421,event_154df8b52a04,C030,4,operator,Я вижу историю клиента и учитываю этап «использование продукта».,usage,использование продукта,Инвестиционный счет,условия продукта,negative,2025-04-21
message_4de1ed00626f,event_154df8b52a04,C030,5,operator,Отправлю вам подтверждение и краткое резюме по теме «условия продукта».,usage,использование продукта,Инвестиционный счет,условия продукта,negative,2025-04-21
message_271fc283a3d1,event_63d733506b6a,C030,1,client,Проверяю статус проблемы по продукту «Страхование». Есть ли решение?,problem_resolved,решение проблемы,Страхование,блокировка карты,neutral,2025-08-21
message_02287d82aa1f,event_63d733506b6a,C030,2,operator,"По вашему обращению есть результат. Проблема закрыта, данные обновлены.",problem_resolved,решение проблемы,Страхование,блокировка карты,neutral,2025-08-21
message_8195c2f2d0ab,event_63d733506b6a,C030,3,client,"Уточните, пожалуйста, это повлияет на мои текущие продукты?",problem_resolved,решение проблемы,Страхование,блокировка карты,neutral,2025-08-21
message_b2c708131014,event_63d733506b6a,C030,4,operator,Я вижу историю клиента и учитываю этап «решение проблемы».,problem_resolved,решение проблемы,Страхование,блокировка карты,neutral,2025-08-21
message_57bb9c8c6933,event_63d733506b6a,C030,5,system,Системное уведомление: клиенту присвоен статус обращения «resolved».,problem_resolved,решение проблемы,Страхование,блокировка карты,neutral,2025-08-21
message_a6ea864582ff,event_63d733506b6a,C030,6,operator,Я зафиксировал обращение. Статус сейчас: resolved.,problem_resolved,решение проблемы,Страхование,блокировка карты,neutral,2025-08-21
message_6ed055609509,event_709479fb7e8e,C030,1,client,"Обращаюсь в поддержку, потому что есть проблема: техническая ошибка.",support_question,вопрос в поддержку,Инвестиционный счет,техническая ошибка,neutral,2025-08-08
message_22a4cf5afc47,event_709479fb7e8e,C030,2,operator,Понимаю. Сейчас проверю обращение и предложу решение.,support_question,вопрос в поддержку,Инвестиционный счет,техническая ошибка,neutral,2025-08-08
message_4b1e939be5c6,event_709479fb7e8e,C030,3,client,Мне удобнее продолжить общение через канал «офис».,support_question,вопрос в поддержку,Инвестиционный счет,техническая ошибка,neutral,2025-08-08
message_9d27ff78a5cf,event_709479fb7e8e,C030,4,operator,Отправлю вам подтверждение и краткое резюме по теме «техническая ошибка».,support_question,вопрос в поддержку,Инвестиционный счет,техническая ошибка,neutral,2025-08-08
message_2754208e2f7a,event_72d3ee9df974,C030,1,client,Я принял решение оформить «Страхование». Помогите завершить заявку.,purchase,покупка,Страхование,оформление продукта,positive,2025-03-30
message_bce42055f944,event_72d3ee9df974,C030,2,operator,Для оформления понадобится подтвердить данные и выбрать параметры продукта.,purchase,покупка,Страхование,оформление продукта,positive,2025-03-30
message_fdb6eb558861,event_72d3ee9df974,C030,3,client,Я хочу понимать сроки и что будет происходить дальше.,purchase,покупка,Страхование,оформление продукта,positive,2025-03-30
message_43b6eeabf461,event_72d3ee9df974,C030,4,client,Меня зовут Автоном Валентинович Федосеев. Прошу учесть мой прошлый опыт и текущий продукт.,purchase,покупка,Страхование,оформление продукта,positive,2025-03-30
message_1bf85b83d91e,event_72d3ee9df974,C030,5,system,Системное уведомление: история взаимодействий клиента обновлена.,purchase,покупка,Страхование,оформление продукта,positive,2025-03-30
message_6f07220a56a2,event_72d3ee9df974,C030,6,system,Системное уведомление: настроение обращения определено как «positive».,purchase,покупка,Страхование,оформление продукта,positive,2025-03-30
message_36f8ac099e67,event_72d3ee9df974,C030,7,operator,Я вижу историю клиента и учитываю этап «покупка».,purchase,покупка,Страхование,оформление продукта,positive,2025-03-30
message_9a5e27a96cb6,event_72d3ee9df974,C030,8,operator,"Если появятся дополнительные вопросы, можно продолжить диалог в этом же канале.",purchase,покупка,Страхование,оформление продукта,positive,2025-03-30
message_d2b41c1de741,event_732177d7e241,C030,1,client,Рассматриваю «Инвестиционный счет» и хочу уточнить условия перед оформлением.,product_interest,интерес к продукту,Инвестиционный счет,повышение лимита,neutral,2025-02-28
message_df29be8dd613,event_732177d7e241,C030,2,operator,Сейчас проверю актуальные условия для выбранного продукта.,product_interest,интерес к продукту,Инвестиционный счет,повышение лимита,neutral,2025-02-28
message_d262dcdb033e,event_732177d7e241,C030,3,client,"Важно, чтобы решение было понятным и без скрытых условий.",product_interest,интерес к продукту,Инвестиционный счет,повышение лимита,neutral,2025-02-28
message_665f3bb31c26,event_732177d7e241,C030,4,operator,"Информация передана в работу, ориентировочный срок решения зависит от проверки.",product_interest,интерес к продукту,Инвестиционный счет,повышение лимита,neutral,2025-02-28
message_98ee7021857d,event_914bc2b32205,C030,1,client,Я уже клиент банка и хочу оформить еще один продукт: «Накопительный счет».,repeat_purchase,повторная покупка,Накопительный счет,условия продукта,positive,2025-05-18
message_623745b3e14b,event_914bc2b32205,C030,2,operator,Сейчас подберу вариант с учетом уже подключенных продуктов.,repeat_purchase,повторная покупка,Накопительный счет,условия продукта,positive,2025-05-18
message_ecd99945d6c7,event_914bc2b32205,C030,3,client,Мне удобнее продолжить общение через канал «чат».,repeat_purchase,повторная покупка,Накопительный счет,условия продукта,positive,2025-05-18
message_4cbda1dd35b7,event_914bc2b32205,C030,4,client,Меня зовут Автоном Валентинович Федосеев. Прошу учесть мой прошлый опыт и текущий продукт.,repeat_purchase,повторная покупка,Накопительный счет,условия продукта,positive,2025-05-18
message_9c00ca5934af,event_914bc2b32205,C030,5,system,Системное уведомление: клиенту присвоен статус обращения «completed».,repeat_purchase,повторная покупка,Накопительный счет,условия продукта,positive,2025-05-18
message_6bb331eae21f,event_914bc2b32205,C030,6,operator,"Если появятся дополнительные вопросы, можно продолжить диалог в этом же канале.",repeat_purchase,повторная покупка,Накопительный счет,условия продукта,positive,2025-05-18
message_ef0cf260d371,event_d4148e149005,C030,1,client,"Подскажите, пожалуйста, как правильно действовать по теме «комиссия».",usage,использование продукта,Ипотека,комиссия,positive,2025-06-25
message_b443656c7705,event_d4148e149005,C030,2,operator,Я помогу разобраться с использованием продукта.,usage,использование продукта,Ипотека,комиссия,positive,2025-06-25
message_fff601cbf5db,event_d4148e149005,C030,3,client,Я хочу понимать сроки и что будет происходить дальше.,usage,использование продукта,Ипотека,комиссия,positive,2025-06-25
message_4725745b58e8,event_d4148e149005,C030,4,client,Меня зовут Автоном Валентинович Федосеев. Прошу учесть мой прошлый опыт и текущий продукт.,usage,использование продукта,Ипотека,комиссия,positive,2025-06-25
message_0e6bc80be5d8,event_d4148e149005,C030,5,operator,Я вижу историю клиента и учитываю этап «использование продукта».,usage,использование продукта,Ипотека,комиссия,positive,2025-06-25
message_653a4f248c52,event_d4148e149005,C030,6,system,Системное уведомление: тема обращения классифицирована как «комиссия».,usage,использование продукта,Ипотека,комиссия,positive,2025-06-25
message_17c763f98b93,event_d4148e149005,C030,7,operator,Отправлю вам подтверждение и краткое резюме по теме «комиссия».,usage,использование продукта,Ипотека,комиссия,positive,2025-06-25
message_217be1d84e0b,event_f8b3d29dfbdd,C030,1,client,Добрый день. Я впервые обращаюсь в банк и хочу узнать про «Инвестиционный счет».,introduction,знакомство,Инвестиционный счет,условия продукта,neutral,2025-01-23
message_c7ac5a7d3f3b,event_f8b3d29dfbdd,C030,2,operator,"Добрый день. Сейчас поясню, как устроен продукт и какие шаги нужны.",introduction,знакомство,Инвестиционный счет,условия продукта,neutral,2025-01-23
message_4b9889968f61,event_f8b3d29dfbdd,C030,3,client,Можно ли получить подтверждение после завершения операции?,introduction,знакомство,Инвестиционный счет,условия продукта,neutral,2025-01-23
message_efa71fe3e342,event_f8b3d29dfbdd,C030,4,operator,"По этому обращению указан статус «completed», оценка удовлетворенности будет учтена.",introduction,знакомство,Инвестиционный счет,условия продукта,neutral,2025-01-23
message_4f459f4efb72,event_0cedd8d68f42,C031,1,client,Добрый день. Я впервые обращаюсь в банк и хочу узнать про «Потребительский кредит».,introduction,знакомство,Потребительский кредит,оформление продукта,positive,2024-12-24
message_e9393fcf7b62,event_0cedd8d68f42,C031,2,operator,"Добрый день. Сейчас поясню, как устроен продукт и какие шаги нужны.",introduction,знакомство,Потребительский кредит,оформление продукта,positive,2024-12-24
message_8d1efc22c28c,event_0cedd8d68f42,C031,3,client,Мне удобнее продолжить общение через канал «чат».,introduction,знакомство,Потребительский кредит,оформление продукта,positive,2024-12-24
message_998775e7cad7,event_0cedd8d68f42,C031,4,operator,Отправлю вам подтверждение и краткое резюме по теме «оформление продукта».,introduction,знакомство,Потребительский кредит,оформление продукта,positive,2024-12-24
message_2bca9ac1d212,event_57dd986b4882,C032,1,client,Рассматриваю возможность продолжить пользоваться банком.,retention,удержание,Накопительный счет,повышение лимита,neutral,2025-05-02
message_da4dbfcb3869,event_57dd986b4882,C032,2,operator,"Понимаю ваши сомнения. Давайте подберем условия, которые исправят опыт.",retention,удержание,Накопительный счет,повышение лимита,neutral,2025-05-02
message_e06b37a1debc,event_57dd986b4882,C032,3,client,"Важно, чтобы решение было понятным и без скрытых условий.",retention,удержание,Накопительный счет,повышение лимита,neutral,2025-05-02
message_80efc183b8a8,event_57dd986b4882,C032,4,operator,Я вижу историю клиента и учитываю этап «удержание».,retention,удержание,Накопительный счет,повышение лимита,neutral,2025-05-02
message_54592a8520fa,event_57dd986b4882,C032,5,client,Меня зовут Яковлев Радован Ааронович. Прошу учесть мой прошлый опыт и текущий продукт.,retention,удержание,Накопительный счет,повышение лимита,neutral,2025-05-02
message_be8ae7c98b91,event_57dd986b4882,C032,6,system,Системное уведомление: клиенту присвоен статус обращения «retained».,retention,удержание,Накопительный счет,повышение лимита,neutral,2025-05-02
message_197eac91e603,event_57dd986b4882,C032,7,system,Системное уведомление: настроение обращения определено как «neutral».,retention,удержание,Накопительный счет,повышение лимита,neutral,2025-05-02
message_95612d17e25e,event_57dd986b4882,C032,8,operator,Я зафиксировал обращение. Статус сейчас: retained.,retention,удержание,Накопительный счет,повышение лимита,neutral,2025-05-02
message_c2db0f714a25,event_5abb571c5117,C032,1,client,Прошу передать обращение старшему специалисту. Вопрос по «Ипотека» не решен.,escalation,эскалация,Ипотека,техническая ошибка,negative,2025-03-04
message_6fbbe1c526d5,event_5abb571c5117,C032,2,operator,Эскалация оформлена. Специалист проверит историю обращений.,escalation,эскалация,Ипотека,техническая ошибка,negative,2025-03-04
message_5771a87d8398,event_5abb571c5117,C032,3,client,"Уточните, пожалуйста, это повлияет на мои текущие продукты?",escalation,эскалация,Ипотека,техническая ошибка,negative,2025-03-04
message_74eb544d4655,event_5abb571c5117,C032,4,operator,"Если появятся дополнительные вопросы, можно продолжить диалог в этом же канале.",escalation,эскалация,Ипотека,техническая ошибка,negative,2025-03-04
message_eae102e00589,event_b1f09822f639,C032,1,client,Проверяю статус проблемы по продукту «Ипотека». Есть ли решение?,problem_resolved,решение проблемы,Ипотека,блокировка карты,positive,2025-03-30
message_dcb489f40af7,event_b1f09822f639,C032,2,operator,"Вопрос решен. Я расскажу, что было сделано и как проверить результат.",problem_resolved,решение проблемы,Ипотека,блокировка карты,positive,2025-03-30
message_72bdd787b687,event_b1f09822f639,C032,3,client,Я хочу понимать сроки и что будет происходить дальше.,problem_resolved,решение проблемы,Ипотека,блокировка карты,positive,2025-03-30
message_933658ffab3c,event_b1f09822f639,C032,4,operator,Я зафиксировал обращение. Статус сейчас: resolved.,problem_resolved,решение проблемы,Ипотека,блокировка карты,positive,2025-03-30
message_3a91eba1f08e,event_bd8bcd07b57e,C032,1,client,Меня не устраивает качество обслуживания. Тема обращения: блокировка карты.,complaint,жалоба,Ипотека,блокировка карты,positive,2025-01-23
message_c14454f44422,event_bd8bcd07b57e,C032,2,operator,"Давайте подробно опишем проблему, чтобы ее можно было проверить.",complaint,жалоба,Ипотека,блокировка карты,positive,2025-01-23
message_10a2873275bd,event_bd8bcd07b57e,C032,3,client,"Уточните, пожалуйста, это повлияет на мои текущие продукты?",complaint,жалоба,Ипотека,блокировка карты,positive,2025-01-23
message_74269dba9815,event_bd8bcd07b57e,C032,4,operator,"Если появятся дополнительные вопросы, можно продолжить диалог в этом же канале.",complaint,жалоба,Ипотека,блокировка карты,positive,2025-01-23
message_3ecf9ead10ca,event_f1e9d659c730,C032,1,client,У меня есть вопрос по использованию продукта «Ипотека».,usage,использование продукта,Ипотека,комиссия,negative,2025-01-07
message_8803263be6cd,event_f1e9d659c730,C032,2,operator,Я помогу разобраться с использованием продукта.,usage,использование продукта,Ипотека,комиссия,negative,2025-01-07
message_259b4c4ba60a,event_f1e9d659c730,C032,3,client,"Важно, чтобы решение было понятным и без скрытых условий.",usage,использование продукта,Ипотека,комиссия,negative,2025-01-07
message_2cd9b94c2c0e,event_f1e9d659c730,C032,4,operator,Я зафиксировал обращение. Статус сейчас: completed.,usage,использование продукта,Ипотека,комиссия,negative,2025-01-07
message_b432d91de824,event_1abb12a15b95,C033,1,client,Хочу оставить жалобу. По продукту «Накопительный счет» возникла неприятная ситуация.,complaint,жалоба,Накопительный счет,блокировка карты,negative,2024-10-07
message_cac0c6e20015,event_1abb12a15b95,C033,2,operator,"Давайте подробно опишем проблему, чтобы ее можно было проверить.",complaint,жалоба,Накопительный счет,блокировка карты,negative,2024-10-07
message_54e8cf5bb45d,event_1abb12a15b95,C033,3,client,Я хочу понимать сроки и что будет происходить дальше.,complaint,жалоба,Накопительный счет,блокировка карты,negative,2024-10-07
message_a1216a249989,event_1abb12a15b95,C033,4,operator,"Информация передана в работу, ориентировочный срок решения зависит от проверки.",complaint,жалоба,Накопительный счет,блокировка карты,negative,2024-10-07
message_f376da6e9bab,event_7ba092af714b,C033,1,client,"Не вижу смысла продолжать обслуживание, хочу завершить отношения с банком.",churn,уход клиента,Накопительный счет,закрытие продукта,negative,2024-11-16
message_653c337c5b01,event_7ba092af714b,C033,2,operator,"Понимаю. Зафиксирую причину ухода и проверю, что нужно закрыть.",churn,уход клиента,Накопительный счет,закрытие продукта,negative,2024-11-16
message_2a3965be1dab,event_7ba092af714b,C033,3,client,"Важно, чтобы решение было понятным и без скрытых условий.",churn,уход клиента,Накопительный счет,закрытие продукта,negative,2024-11-16
message_7dffc94a1cc1,event_7ba092af714b,C033,4,system,Системное уведомление: настроение обращения определено как «negative».,churn,уход клиента,Накопительный счет,закрытие продукта,negative,2024-11-16
message_645f1157744d,event_7ba092af714b,C033,5,operator,Отправлю вам подтверждение и краткое резюме по теме «закрытие продукта».,churn,уход клиента,Накопительный счет,закрытие продукта,negative,2024-11-16
message_0bea80115381,event_7467e1f53e11,C034,1,client,"Здравствуйте. Подскажите, пожалуйста, что важно знать про «Дебетовая карта»?",introduction,знакомство,Дебетовая карта,консультация по тарифам,positive,2024-09-18
message_ac229013e067,event_7467e1f53e11,C034,2,operator,Здравствуйте. Расскажу основные условия и помогу выбрать подходящий вариант.,introduction,знакомство,Дебетовая карта,консультация по тарифам,positive,2024-09-18
message_7f15bc8a2df3,event_7467e1f53e11,C034,3,client,Можно ли получить подтверждение после завершения операции?,introduction,знакомство,Дебетовая карта,консультация по тарифам,positive,2024-09-18
message_d6fd35316338,event_7467e1f53e11,C034,4,system,Системное уведомление: обращение зарегистрировано и связано с продуктом «Дебетовая карта».,introduction,знакомство,Дебетовая карта,консультация по тарифам,positive,2024-09-18
message_0a678a1f990d,event_7467e1f53e11,C034,5,client,Меня зовут Сысоева Валентина Кузьминична. Прошу учесть мой прошлый опыт и текущий продукт.,introduction,знакомство,Дебетовая карта,консультация по тарифам,positive,2024-09-18
message_697c4167e00e,event_7467e1f53e11,C034,6,operator,Я вижу историю клиента и учитываю этап «знакомство».,introduction,знакомство,Дебетовая карта,консультация по тарифам,positive,2024-09-18
message_d2329610d927,event_7467e1f53e11,C034,7,system,Системное уведомление: настроение обращения определено как «positive».,introduction,знакомство,Дебетовая карта,консультация по тарифам,positive,2024-09-18
message_adb3500fe8b6,event_7467e1f53e11,C034,8,operator,Я зафиксировал обращение. Статус сейчас: completed.,introduction,знакомство,Дебетовая карта,консультация по тарифам,positive,2024-09-18
message_698426343f90,event_9123926b3608,C034,1,client,Рассматриваю «Инвестиционный счет» и хочу уточнить условия перед оформлением.,product_interest,интерес к продукту,Инвестиционный счет,условия продукта,neutral,2024-09-28
message_dee3aea94bdb,event_9123926b3608,C034,2,operator,Сейчас проверю актуальные условия для выбранного продукта.,product_interest,интерес к продукту,Инвестиционный счет,условия продукта,neutral,2024-09-28
message_8c7a7b97d511,event_9123926b3608,C034,3,client,Мне удобнее продолжить общение через канал «чат».,product_interest,интерес к продукту,Инвестиционный счет,условия продукта,neutral,2024-09-28
message_21c637e9bf32,event_9123926b3608,C034,4,system,Системное уведомление: настроение обращения определено как «neutral».,product_interest,интерес к продукту,Инвестиционный счет,условия продукта,neutral,2024-09-28
message_d4d6fdf25d9d,event_9123926b3608,C034,5,operator,Я вижу историю клиента и учитываю этап «интерес к продукту».,product_interest,интерес к продукту,Инвестиционный счет,условия продукта,neutral,2024-09-28
message_71f38fc67ade,event_9123926b3608,C034,6,client,Меня зовут Сысоева Валентина Кузьминична. Прошу учесть мой прошлый опыт и текущий продукт.,product_interest,интерес к продукту,Инвестиционный счет,условия продукта,neutral,2024-09-28
message_6c5838006d53,event_9123926b3608,C034,7,system,Системное уведомление: клиенту присвоен статус обращения «completed».,product_interest,интерес к продукту,Инвестиционный счет,условия продукта,neutral,2024-09-28
message_0007f4638de5,event_9123926b3608,C034,8,operator,"Информация передана в работу, ориентировочный срок решения зависит от проверки.",product_interest,интерес к продукту,Инвестиционный счет,условия продукта,neutral,2024-09-28
message_f5c16f14c1f7,event_992265af59e7,C034,1,client,"Нужна консультация по продукту «Потребительский кредит», особенно по теме «изменение персональных данных».",consultation,консультация,Потребительский кредит,изменение персональных данных,negative,2025-01-08
message_13c945e24d8c,event_992265af59e7,C034,2,operator,Сейчас отвечу по тарифам и помогу выбрать следующий шаг.,consultation,консультация,Потребительский кредит,изменение персональных данных,negative,2025-01-08
message_fdaf601d4d3c,event_992265af59e7,C034,3,client,"Уточните, пожалуйста, это повлияет на мои текущие продукты?",consultation,консультация,Потребительский кредит,изменение персональных данных,negative,2025-01-08
message_727e2efea1c7,event_992265af59e7,C034,4,system,Системное уведомление: клиенту присвоен статус обращения «completed».,consultation,консультация,Потребительский кредит,изменение персональных данных,negative,2025-01-08
message_d8212f20060d,event_992265af59e7,C034,5,operator,"По этому обращению указан статус «completed», оценка удовлетворенности будет учтена.",consultation,консультация,Потребительский кредит,изменение персональных данных,negative,2025-01-08
message_e598188f0a31,event_a19379081937,C034,1,client,Пользуюсь продуктом «Дебетовая карта» и хочу уточнить вопрос: условия продукта.,usage,использование продукта,Дебетовая карта,условия продукта,neutral,2024-12-01
message_b078415d98fc,event_a19379081937,C034,2,operator,Сейчас проверю информацию по продукту и объясню порядок действий.,usage,использование продукта,Дебетовая карта,условия продукта,neutral,2024-12-01
message_deff0cca4208,event_a19379081937,C034,3,client,Можно ли получить подтверждение после завершения операции?,usage,использование продукта,Дебетовая карта,условия продукта,neutral,2024-12-01
message_23f44f4df40b,event_a19379081937,C034,4,client,Меня зовут Сысоева Валентина Кузьминична. Прошу учесть мой прошлый опыт и текущий продукт.,usage,использование продукта,Дебетовая карта,условия продукта,neutral,2024-12-01
message_d1ab4f43746b,event_a19379081937,C034,5,system,Системное уведомление: тема обращения классифицирована как «условия продукта».,usage,использование продукта,Дебетовая карта,условия продукта,neutral,2024-12-01
message_b8a951b872c8,event_a19379081937,C034,6,system,Системное уведомление: настроение обращения определено как «neutral».,usage,использование продукта,Дебетовая карта,условия продукта,neutral,2024-12-01
message_c88a5ee96825,event_a19379081937,C034,7,operator,"Если появятся дополнительные вопросы, можно продолжить диалог в этом же канале.",usage,использование продукта,Дебетовая карта,условия продукта,neutral,2024-12-01
message_564e79fa5ce4,event_e059a5856228,C034,1,client,"Готов подключить продукт «Потребительский кредит», хочу пройти оформление.",purchase,покупка,Потребительский кредит,условия продукта,neutral,2024-10-25
message_40d71b6be9df,event_e059a5856228,C034,2,operator,Для оформления понадобится подтвердить данные и выбрать параметры продукта.,purchase,покупка,Потребительский кредит,условия продукта,neutral,2024-10-25
message_a0557f2bcc7f,event_e059a5856228,C034,3,client,Мне удобнее продолжить общение через канал «офис».,purchase,покупка,Потребительский кредит,условия продукта,neutral,2024-10-25
message_3f427d0bfc61,event_e059a5856228,C034,4,system,Системное уведомление: тема обращения классифицирована как «условия продукта».,purchase,покупка,Потребительский кредит,условия продукта,neutral,2024-10-25
message_569a21364bb1,event_e059a5856228,C034,5,operator,Я вижу историю клиента и учитываю этап «покупка».,purchase,покупка,Потребительский кредит,условия продукта,neutral,2024-10-25
message_a5effae6afa1,event_e059a5856228,C034,6,client,Меня зовут Сысоева Валентина Кузьминична. Прошу учесть мой прошлый опыт и текущий продукт.,purchase,покупка,Потребительский кредит,условия продукта,neutral,2024-10-25
message_c7cdc8e12d3e,event_e059a5856228,C034,7,system,Системное уведомление: настроение обращения определено как «neutral».,purchase,покупка,Потребительский кредит,условия продукта,neutral,2024-10-25
message_22567d8dfc7a,event_e059a5856228,C034,8,operator,"Информация передана в работу, ориентировочный срок решения зависит от проверки.",purchase,покупка,Потребительский кредит,условия продукта,neutral,2024-10-25
message_2d8caa997ac8,event_0603c7fc1130,C035,1,client,Рассматриваю «Ипотека» и хочу уточнить условия перед оформлением.,product_interest,интерес к продукту,Ипотека,консультация по тарифам,positive,2025-01-06
message_4812e48fc618,event_0603c7fc1130,C035,2,operator,Понимаю. Давайте уточним ваши цели и подберем подходящие условия.,product_interest,интерес к продукту,Ипотека,консультация по тарифам,positive,2025-01-06
message_89f80ffc1d3b,event_0603c7fc1130,C035,3,client,Можно ли получить подтверждение после завершения операции?,product_interest,интерес к продукту,Ипотека,консультация по тарифам,positive,2025-01-06
message_5350d046eb6f,event_0603c7fc1130,C035,4,operator,Я вижу историю клиента и учитываю этап «интерес к продукту».,product_interest,интерес к продукту,Ипотека,консультация по тарифам,positive,2025-01-06
message_1423628579f7,event_0603c7fc1130,C035,5,client,Меня зовут Прасковья Юльевна Лазарева. Прошу учесть мой прошлый опыт и текущий продукт.,product_interest,интерес к продукту,Ипотека,консультация по тарифам,positive,2025-01-06
message_237729f6f9fb,event_0603c7fc1130,C035,6,system,Системное уведомление: настроение обращения определено как «positive».,product_interest,интерес к продукту,Ипотека,консультация по тарифам,positive,2025-01-06
message_4abd378a0e70,event_0603c7fc1130,C035,7,system,Системное уведомление: обращение зарегистрировано и связано с продуктом «Ипотека».,product_interest,интерес к продукту,Ипотека,консультация по тарифам,positive,2025-01-06
message_e3d3b2f0dfbf,event_0603c7fc1130,C035,8,operator,"Информация передана в работу, ориентировочный срок решения зависит от проверки.",product_interest,интерес к продукту,Ипотека,консультация по тарифам,positive,2025-01-06
message_3c4371ee0796,event_10c25891fbda,C035,1,client,Рассматриваю возможность продолжить пользоваться банком.,retention,удержание,Накопительный счет,консультация по тарифам,neutral,2025-07-16
message_07f9fd1b2694,event_10c25891fbda,C035,2,operator,"Понимаю ваши сомнения. Давайте подберем условия, которые исправят опыт.",retention,удержание,Накопительный счет,консультация по тарифам,neutral,2025-07-16
message_621cc98d3560,event_10c25891fbda,C035,3,client,Я хочу понимать сроки и что будет происходить дальше.,retention,удержание,Накопительный счет,консультация по тарифам,neutral,2025-07-16
message_a8656c0724f8,event_10c25891fbda,C035,4,system,Системное уведомление: настроение обращения определено как «neutral».,retention,удержание,Накопительный счет,консультация по тарифам,neutral,2025-07-16
message_43b6495eefc5,event_10c25891fbda,C035,5,operator,Я вижу историю клиента и учитываю этап «удержание».,retention,удержание,Накопительный счет,консультация по тарифам,neutral,2025-07-16
message_321c3cbd9e02,event_10c25891fbda,C035,6,operator,"Информация передана в работу, ориентировочный срок решения зависит от проверки.",retention,удержание,Накопительный счет,консультация по тарифам,neutral,2025-07-16
message_40dbba8b32c2,event_2eaeb68603d7,C035,1,client,"Обращаюсь в поддержку, потому что есть проблема: техническая ошибка.",support_question,вопрос в поддержку,Ипотека,техническая ошибка,neutral,2025-05-18
message_971750aad90a,event_2eaeb68603d7,C035,2,operator,"Давайте уточним детали проблемы, чтобы быстрее помочь.",support_question,вопрос в поддержку,Ипотека,техническая ошибка,neutral,2025-05-18
message_efe6a2c40001,event_2eaeb68603d7,C035,3,client,Я хочу понимать сроки и что будет происходить дальше.,support_question,вопрос в поддержку,Ипотека,техническая ошибка,neutral,2025-05-18
message_325be24a6f75,event_2eaeb68603d7,C035,4,system,Системное уведомление: клиенту присвоен статус обращения «in_progress».,support_question,вопрос в поддержку,Ипотека,техническая ошибка,neutral,2025-05-18
message_adbb771c4438,event_2eaeb68603d7,C035,5,operator,"По этому обращению указан статус «in_progress», оценка удовлетворенности будет учтена.",support_question,вопрос в поддержку,Ипотека,техническая ошибка,neutral,2025-05-18
message_a7d61c955e61,event_348be7346fb7,C035,1,client,"Мне сообщили, что вопрос почти решен. Подтвердите, пожалуйста.",problem_resolved,решение проблемы,Потребительский кредит,техническая ошибка,positive,2025-06-28
message_89d4857b7ce4,event_348be7346fb7,C035,2,operator,"Проверила статус: решение уже применено, сейчас объясню детали.",problem_resolved,решение проблемы,Потребительский кредит,техническая ошибка,positive,2025-06-28
message_9cf76f3b0eb3,event_348be7346fb7,C035,3,client,Я хочу понимать сроки и что будет происходить дальше.,problem_resolved,решение проблемы,Потребительский кредит,техническая ошибка,positive,2025-06-28
message_7c3afeffb562,event_348be7346fb7,C035,4,operator,Я вижу историю клиента и учитываю этап «решение проблемы».,problem_resolved,решение проблемы,Потребительский кредит,техническая ошибка,positive,2025-06-28
message_d484e1480d21,event_348be7346fb7,C035,5,operator,"Информация передана в работу, ориентировочный срок решения зависит от проверки.",problem_resolved,решение проблемы,Потребительский кредит,техническая ошибка,positive,2025-06-28
message_a7f85bd99a36,event_4f215353ec22,C035,1,client,"Подскажите, пожалуйста, как правильно действовать по теме «условия продукта».",usage,использование продукта,Потребительский кредит,условия продукта,positive,2025-09-06
message_fd41cd6e9416,event_4f215353ec22,C035,2,operator,Давайте посмотрим детали операции и найдем ответ.,usage,использование продукта,Потребительский кредит,условия продукта,positive,2025-09-06
message_731686602fda,event_4f215353ec22,C035,3,client,Мне удобнее продолжить общение через канал «телефон».,usage,использование продукта,Потребительский кредит,условия продукта,positive,2025-09-06
message_0954e057922b,event_4f215353ec22,C035,4,operator,"Информация передана в работу, ориентировочный срок решения зависит от проверки.",usage,использование продукта,Потребительский кредит,условия продукта,positive,2025-09-06
message_7b4285b09350,event_60c6aec57ebd,C035,1,client,Я уже клиент банка и хочу оформить еще один продукт: «Страхование».,repeat_purchase,повторная покупка,Страхование,оформление продукта,negative,2025-08-13
message_1d6b3dc789f9,event_60c6aec57ebd,C035,2,operator,"Рада, что вы вернулись. Проверю доступные условия для нового продукта.",repeat_purchase,повторная покупка,Страхование,оформление продукта,negative,2025-08-13
message_f211df76d5f2,event_60c6aec57ebd,C035,3,client,"Уточните, пожалуйста, это повлияет на мои текущие продукты?",repeat_purchase,повторная покупка,Страхование,оформление продукта,negative,2025-08-13
message_cba0203eeef2,event_60c6aec57ebd,C035,4,system,Системное уведомление: обращение зарегистрировано и связано с продуктом «Страхование».,repeat_purchase,повторная покупка,Страхование,оформление продукта,negative,2025-08-13
message_0368fe05e648,event_60c6aec57ebd,C035,5,operator,"Если появятся дополнительные вопросы, можно продолжить диалог в этом же канале.",repeat_purchase,повторная покупка,Страхование,оформление продукта,negative,2025-08-13
message_b162bd907434,event_a430da8b72be,C035,1,client,"Готов подключить продукт «Кредитная карта», хочу пройти оформление.",purchase,покупка,Кредитная карта,оформление продукта,positive,2025-03-29
message_c6ca120edcc1,event_a430da8b72be,C035,2,operator,"Отлично, я помогу оформить заявку и проверю необходимые данные.",purchase,покупка,Кредитная карта,оформление продукта,positive,2025-03-29
message_80bb24ab3afd,event_a430da8b72be,C035,3,client,Мне удобнее продолжить общение через канал «email».,purchase,покупка,Кредитная карта,оформление продукта,positive,2025-03-29
message_fb95669f688c,event_a430da8b72be,C035,4,operator,Я вижу историю клиента и учитываю этап «покупка».,purchase,покупка,Кредитная карта,оформление продукта,positive,2025-03-29
message_aca38e5df9ef,event_a430da8b72be,C035,5,client,Меня зовут Прасковья Юльевна Лазарева. Прошу учесть мой прошлый опыт и текущий продукт.,purchase,покупка,Кредитная карта,оформление продукта,positive,2025-03-29
message_02b786cdfd21,event_a430da8b72be,C035,6,operator,"Если появятся дополнительные вопросы, можно продолжить диалог в этом же канале.",purchase,покупка,Кредитная карта,оформление продукта,positive,2025-03-29
message_004815c78f02,event_c99facc16dd8,C035,1,client,У меня есть вопрос по использованию продукта «Потребительский кредит».,usage,использование продукта,Потребительский кредит,комиссия,negative,2025-04-11
message_cbf8cdfb26fb,event_c99facc16dd8,C035,2,operator,Давайте посмотрим детали операции и найдем ответ.,usage,использование продукта,Потребительский кредит,комиссия,negative,2025-04-11
message_2c20485957d9,event_c99facc16dd8,C035,3,client,Можно ли получить подтверждение после завершения операции?,usage,использование продукта,Потребительский кредит,комиссия,negative,2025-04-11
message_fb1629f836a4,event_c99facc16dd8,C035,4,operator,"По этому обращению указан статус «completed», оценка удовлетворенности будет учтена.",usage,использование продукта,Потребительский кредит,комиссия,negative,2025-04-11
message_62eb814815eb,event_ee4f49a3b398,C035,1,client,Добрый день. Я впервые обращаюсь в банк и хочу узнать про «Ипотека».,introduction,знакомство,Ипотека,консультация по тарифам,neutral,2024-12-25
message_312b4e9621af,event_ee4f49a3b398,C035,2,operator,Здравствуйте. Я помогу сориентироваться по условиям и ограничениям.,introduction,знакомство,Ипотека,консультация по тарифам,neutral,2024-12-25
message_e926fd199d49,event_ee4f49a3b398,C035,3,client,Можно ли получить подтверждение после завершения операции?,introduction,знакомство,Ипотека,консультация по тарифам,neutral,2024-12-25
message_7847036fe6d0,event_ee4f49a3b398,C035,4,operator,"Если появятся дополнительные вопросы, можно продолжить диалог в этом же канале.",introduction,знакомство,Ипотека,консультация по тарифам,neutral,2024-12-25
message_9ccbf333591e,event_ffc587b1db9e,C035,1,client,"Помогите разобраться, подойдет ли мне «Кредитная карта».",consultation,консультация,Кредитная карта,консультация по тарифам,neutral,2025-02-17
message_5d7e48fbfb3b,event_ffc587b1db9e,C035,2,operator,Сейчас отвечу по тарифам и помогу выбрать следующий шаг.,consultation,консультация,Кредитная карта,консультация по тарифам,neutral,2025-02-17
message_0595b95b8f5c,event_ffc587b1db9e,C035,3,client,"Уточните, пожалуйста, это повлияет на мои текущие продукты?",consultation,консультация,Кредитная карта,консультация по тарифам,neutral,2025-02-17
message_893fdf56854c,event_ffc587b1db9e,C035,4,client,Меня зовут Прасковья Юльевна Лазарева. Прошу учесть мой прошлый опыт и текущий продукт.,consultation,консультация,Кредитная карта,консультация по тарифам,neutral,2025-02-17
message_de0340f57c83,event_ffc587b1db9e,C035,5,operator,"Информация передана в работу, ориентировочный срок решения зависит от проверки.",consultation,консультация,Кредитная карта,консультация по тарифам,neutral,2025-02-17
message_98ba6306d3c6,event_169ee995e6d1,C036,1,client,Проверяю статус проблемы по продукту «Потребительский кредит». Есть ли решение?,problem_resolved,решение проблемы,Потребительский кредит,возврат средств,positive,2025-04-08
message_18fd641ed8c3,event_169ee995e6d1,C036,2,operator,"Проверила статус: решение уже применено, сейчас объясню детали.",problem_resolved,решение проблемы,Потребительский кредит,возврат средств,positive,2025-04-08
message_dd84f88468b0,event_169ee995e6d1,C036,3,client,"Важно, чтобы решение было понятным и без скрытых условий.",problem_resolved,решение проблемы,Потребительский кредит,возврат средств,positive,2025-04-08
message_8a07745be260,event_169ee995e6d1,C036,4,client,Меня зовут Фадеева Галина Тимофеевна. Прошу учесть мой прошлый опыт и текущий продукт.,problem_resolved,решение проблемы,Потребительский кредит,возврат средств,positive,2025-04-08
message_2ab5bd23168c,event_169ee995e6d1,C036,5,system,Системное уведомление: клиенту присвоен статус обращения «resolved».,problem_resolved,решение проблемы,Потребительский кредит,возврат средств,positive,2025-04-08
message_40f1a69ac5ce,event_169ee995e6d1,C036,6,operator,Я зафиксировал обращение. Статус сейчас: resolved.,problem_resolved,решение проблемы,Потребительский кредит,возврат средств,positive,2025-04-08
message_308ac98deae3,event_1e24bd1e959c,C036,1,client,Интересует дополнительный продукт «Инвестиционный счет». Расскажите про оформление.,repeat_purchase,повторная покупка,Инвестиционный счет,повторная покупка,positive,2024-12-18
message_ec172ecd1f80,event_1e24bd1e959c,C036,2,operator,Давайте оформим дополнительный продукт и учтем ваш текущий профиль.,repeat_purchase,повторная покупка,Инвестиционный счет,повторная покупка,positive,2024-12-18
message_e37d3be870c7,event_1e24bd1e959c,C036,3,client,Можно ли получить подтверждение после завершения операции?,repeat_purchase,повторная покупка,Инвестиционный счет,повторная покупка,positive,2024-12-18
message_b0d198870599,event_1e24bd1e959c,C036,4,operator,Я вижу историю клиента и учитываю этап «повторная покупка».,repeat_purchase,повторная покупка,Инвестиционный счет,повторная покупка,positive,2024-12-18
message_f7c213372092,event_1e24bd1e959c,C036,5,system,Системное уведомление: тема обращения классифицирована как «повторная покупка».,repeat_purchase,повторная покупка,Инвестиционный счет,повторная покупка,positive,2024-12-18
message_2f77adacaa3d,event_1e24bd1e959c,C036,6,system,Системное уведомление: настроение обращения определено как «positive».,repeat_purchase,повторная покупка,Инвестиционный счет,повторная покупка,positive,2024-12-18
message_6c691dc008dc,event_1e24bd1e959c,C036,7,client,Меня зовут Фадеева Галина Тимофеевна. Прошу учесть мой прошлый опыт и текущий продукт.,repeat_purchase,повторная покупка,Инвестиционный счет,повторная покупка,positive,2024-12-18
message_fb7e8e5e854d,event_1e24bd1e959c,C036,8,operator,Я зафиксировал обращение. Статус сейчас: completed.,repeat_purchase,повторная покупка,Инвестиционный счет,повторная покупка,positive,2024-12-18
message_7a55c031ed24,event_4ca460af6928,C036,1,client,Нужна помощь по продукту «Накопительный счет»: возник вопрос «блокировка карты».,support_question,вопрос в поддержку,Накопительный счет,блокировка карты,neutral,2025-02-27
message_38a6bb0366aa,event_4ca460af6928,C036,2,operator,Понимаю. Сейчас проверю обращение и предложу решение.,support_question,вопрос в поддержку,Накопительный счет,блокировка карты,neutral,2025-02-27
message_0e34f477e78e,event_4ca460af6928,C036,3,client,Мне удобнее продолжить общение через канал «мобильное приложение».,support_question,вопрос в поддержку,Накопительный счет,блокировка карты,neutral,2025-02-27
message_b1ff164d63b6,event_4ca460af6928,C036,4,operator,Я вижу историю клиента и учитываю этап «вопрос в поддержку».,support_question,вопрос в поддержку,Накопительный счет,блокировка карты,neutral,2025-02-27
message_a80fac27efa0,event_4ca460af6928,C036,5,system,Системное уведомление: настроение обращения определено как «neutral».,support_question,вопрос в поддержку,Накопительный счет,блокировка карты,neutral,2025-02-27
message_d7515fd7c526,event_4ca460af6928,C036,6,system,Системное уведомление: обращение зарегистрировано и связано с продуктом «Накопительный счет».,support_question,вопрос в поддержку,Накопительный счет,блокировка карты,neutral,2025-02-27
message_523f60fb1461,event_4ca460af6928,C036,7,operator,Отправлю вам подтверждение и краткое резюме по теме «блокировка карты».,support_question,вопрос в поддержку,Накопительный счет,блокировка карты,neutral,2025-02-27
message_e61842013b26,event_cfb60056cc33,C036,1,client,Пользуюсь продуктом «Потребительский кредит» и хочу уточнить вопрос: условия продукта.,usage,использование продукта,Потребительский кредит,условия продукта,neutral,2024-11-12
message_f5d4d71106e7,event_cfb60056cc33,C036,2,operator,Давайте посмотрим детали операции и найдем ответ.,usage,использование продукта,Потребительский кредит,условия продукта,neutral,2024-11-12
message_f6013b5ba982,event_cfb60056cc33,C036,3,client,"Уточните, пожалуйста, это повлияет на мои текущие продукты?",usage,использование продукта,Потребительский кредит,условия продукта,neutral,2024-11-12
message_9a17b2efe8d4,event_cfb60056cc33,C036,4,system,Системное уведомление: настроение обращения определено как «neutral».,usage,использование продукта,Потребительский кредит,условия продукта,neutral,2024-11-12
message_5b0d76e76764,event_cfb60056cc33,C036,5,client,Меня зовут Фадеева Галина Тимофеевна. Прошу учесть мой прошлый опыт и текущий продукт.,usage,использование продукта,Потребительский кредит,условия продукта,neutral,2024-11-12
message_628b66c22e89,event_cfb60056cc33,C036,6,operator,Я вижу историю клиента и учитываю этап «использование продукта».,usage,использование продукта,Потребительский кредит,условия продукта,neutral,2024-11-12
message_8c81f9e44668,event_cfb60056cc33,C036,7,operator,"Если появятся дополнительные вопросы, можно продолжить диалог в этом же канале.",usage,использование продукта,Потребительский кредит,условия продукта,neutral,2024-11-12
message_6768179b43bb,event_d86bbedebbde,C036,1,client,"Здравствуйте. Подскажите, пожалуйста, что важно знать про «Накопительный счет»?",introduction,знакомство,Накопительный счет,консультация по тарифам,neutral,2024-08-04
message_79254f4de62a,event_d86bbedebbde,C036,2,operator,Здравствуйте. Я помогу сориентироваться по условиям и ограничениям.,introduction,знакомство,Накопительный счет,консультация по тарифам,neutral,2024-08-04
message_8af7d8708abc,event_d86bbedebbde,C036,3,client,Можно ли получить подтверждение после завершения операции?,introduction,знакомство,Накопительный счет,консультация по тарифам,neutral,2024-08-04
message_1a44a5ce59e9,event_d86bbedebbde,C036,4,operator,Я вижу историю клиента и учитываю этап «знакомство».,introduction,знакомство,Накопительный счет,консультация по тарифам,neutral,2024-08-04
message_af0742bd7fdd,event_d86bbedebbde,C036,5,system,Системное уведомление: настроение обращения определено как «neutral».,introduction,знакомство,Накопительный счет,консультация по тарифам,neutral,2024-08-04
message_fdc0b9415f0c,event_d86bbedebbde,C036,6,system,Системное уведомление: тема обращения классифицирована как «консультация по тарифам».,introduction,знакомство,Накопительный счет,консультация по тарифам,neutral,2024-08-04
message_77b0a64ff6b2,event_d86bbedebbde,C036,7,operator,Я зафиксировал обращение. Статус сейчас: completed.,introduction,знакомство,Накопительный счет,консультация по тарифам,neutral,2024-08-04
message_a726e4896c4f,event_f1d9a60c299d,C036,1,client,Мне интересен продукт «Дебетовая карта». Можете рассказать подробнее про повышение лимита?,product_interest,интерес к продукту,Дебетовая карта,повышение лимита,neutral,2024-09-07
message_60b2befbb259,event_f1d9a60c299d,C036,2,operator,"Могу рассказать про тариф, лимиты, комиссии и порядок оформления.",product_interest,интерес к продукту,Дебетовая карта,повышение лимита,neutral,2024-09-07
message_d9011d29bf73,event_f1d9a60c299d,C036,3,client,Я хочу понимать сроки и что будет происходить дальше.,product_interest,интерес к продукту,Дебетовая карта,повышение лимита,neutral,2024-09-07
message_aabd9418c1f1,event_f1d9a60c299d,C036,4,operator,Я вижу историю клиента и учитываю этап «интерес к продукту».,product_interest,интерес к продукту,Дебетовая карта,повышение лимита,neutral,2024-09-07
message_ce23e0f61a09,event_f1d9a60c299d,C036,5,client,Меня зовут Фадеева Галина Тимофеевна. Прошу учесть мой прошлый опыт и текущий продукт.,product_interest,интерес к продукту,Дебетовая карта,повышение лимита,neutral,2024-09-07
message_19380cc22921,event_f1d9a60c299d,C036,6,operator,"Если появятся дополнительные вопросы, можно продолжить диалог в этом же канале.",product_interest,интерес к продукту,Дебетовая карта,повышение лимита,neutral,2024-09-07
message_5a027dc27362,event_f3417982ce56,C036,1,client,Пользуюсь продуктом «Накопительный счет» и хочу уточнить вопрос: комиссия.,usage,использование продукта,Накопительный счет,комиссия,neutral,2025-01-17
message_bf05f999db9d,event_f3417982ce56,C036,2,operator,Я помогу разобраться с использованием продукта.,usage,использование продукта,Накопительный счет,комиссия,neutral,2025-01-17
message_ac7a711cb47d,event_f3417982ce56,C036,3,client,Мне удобнее продолжить общение через канал «телефон».,usage,использование продукта,Накопительный счет,комиссия,neutral,2025-01-17
message_505e1a723710,event_f3417982ce56,C036,4,operator,Я зафиксировал обращение. Статус сейчас: completed.,usage,использование продукта,Накопительный счет,комиссия,neutral,2025-01-17
message_5af9308fdfd7,event_f74ea6506987,C036,1,client,"Хочу оформить «Дебетовая карта». Подскажите, что нужно сделать.",purchase,покупка,Дебетовая карта,условия продукта,positive,2024-09-29
message_90e8e3f3fa3d,event_f74ea6506987,C036,2,operator,Запускаю процесс оформления. Я буду сопровождать вас на каждом шаге.,purchase,покупка,Дебетовая карта,условия продукта,positive,2024-09-29
message_4d190add9e51,event_f74ea6506987,C036,3,client,Мне удобнее продолжить общение через канал «офис».,purchase,покупка,Дебетовая карта,условия продукта,positive,2024-09-29
message_1642dd0db235,event_f74ea6506987,C036,4,system,Системное уведомление: настроение обращения определено как «positive».,purchase,покупка,Дебетовая карта,условия продукта,positive,2024-09-29
message_de00a022d626,event_f74ea6506987,C036,5,client,Меня зовут Фадеева Галина Тимофеевна. Прошу учесть мой прошлый опыт и текущий продукт.,purchase,покупка,Дебетовая карта,условия продукта,positive,2024-09-29
message_c6916c94f9b2,event_f74ea6506987,C036,6,operator,Я вижу историю клиента и учитываю этап «покупка».,purchase,покупка,Дебетовая карта,условия продукта,positive,2024-09-29
message_26370eb7ce49,event_f74ea6506987,C036,7,operator,"Если появятся дополнительные вопросы, можно продолжить диалог в этом же канале.",purchase,покупка,Дебетовая карта,условия продукта,positive,2024-09-29
message_643a89f16062,event_9061bb01cff7,C037,1,client,"Здравствуйте, хочу понять, как у вас работает продукт «Страхование». Интересуют условия продукта.",introduction,знакомство,Страхование,условия продукта,neutral,2024-09-12
message_7405a62d19d0,event_9061bb01cff7,C037,2,operator,"Добрый день. Сейчас поясню, как устроен продукт и какие шаги нужны.",introduction,знакомство,Страхование,условия продукта,neutral,2024-09-12
message_d30f9da9aad8,event_9061bb01cff7,C037,3,client,Можно ли получить подтверждение после завершения операции?,introduction,знакомство,Страхование,условия продукта,neutral,2024-09-12
message_8508271831ed,event_9061bb01cff7,C037,4,system,Системное уведомление: история взаимодействий клиента обновлена.,introduction,знакомство,Страхование,условия продукта,neutral,2024-09-12
message_8d93b639affe,event_9061bb01cff7,C037,5,operator,Я вижу историю клиента и учитываю этап «знакомство».,introduction,знакомство,Страхование,условия продукта,neutral,2024-09-12
message_2c267f977d9e,event_9061bb01cff7,C037,6,client,Меня зовут Тарас Ааронович Моисеев. Прошу учесть мой прошлый опыт и текущий продукт.,introduction,знакомство,Страхование,условия продукта,neutral,2024-09-12
message_8f42acdb3886,event_9061bb01cff7,C037,7,system,Системное уведомление: настроение обращения определено как «neutral».,introduction,знакомство,Страхование,условия продукта,neutral,2024-09-12
message_8cd3e1108960,event_9061bb01cff7,C037,8,operator,Отправлю вам подтверждение и краткое резюме по теме «условия продукта».,introduction,знакомство,Страхование,условия продукта,neutral,2024-09-12
message_f6dedf8bdda7,event_0675734700e1,C038,1,client,Нужна помощь по продукту «Дебетовая карта»: возник вопрос «ошибка в приложении».,support_question,вопрос в поддержку,Дебетовая карта,ошибка в приложении,neutral,2024-11-12
message_b865b563b91f,event_0675734700e1,C038,2,operator,"Давайте уточним детали проблемы, чтобы быстрее помочь.",support_question,вопрос в поддержку,Дебетовая карта,ошибка в приложении,neutral,2024-11-12
message_2348acdfea09,event_0675734700e1,C038,3,client,Мне удобнее продолжить общение через канал «чат».,support_question,вопрос в поддержку,Дебетовая карта,ошибка в приложении,neutral,2024-11-12
message_c5ba5ad287d9,event_0675734700e1,C038,4,operator,Я вижу историю клиента и учитываю этап «вопрос в поддержку».,support_question,вопрос в поддержку,Дебетовая карта,ошибка в приложении,neutral,2024-11-12
message_24a8c07bc140,event_0675734700e1,C038,5,system,Системное уведомление: настроение обращения определено как «neutral».,support_question,вопрос в поддержку,Дебетовая карта,ошибка в приложении,neutral,2024-11-12
message_3ed5667d3f34,event_0675734700e1,C038,6,operator,"Информация передана в работу, ориентировочный срок решения зависит от проверки.",support_question,вопрос в поддержку,Дебетовая карта,ошибка в приложении,neutral,2024-11-12
message_b8f2cdf13043,event_3bd032dadf3a,C038,1,client,Пользуюсь продуктом «Дебетовая карта» и хочу уточнить вопрос: изменение персональных данных.,usage,использование продукта,Дебетовая карта,изменение персональных данных,neutral,2024-10-03
message_c955c95882a3,event_3bd032dadf3a,C038,2,operator,Сейчас проверю информацию по продукту и объясню порядок действий.,usage,использование продукта,Дебетовая карта,изменение персональных данных,neutral,2024-10-03
message_ad381d6c274d,event_3bd032dadf3a,C038,3,client,Мне удобнее продолжить общение через канал «чат».,usage,использование продукта,Дебетовая карта,изменение персональных данных,neutral,2024-10-03
message_5437f950be4b,event_3bd032dadf3a,C038,4,operator,"Если появятся дополнительные вопросы, можно продолжить диалог в этом же канале.",usage,использование продукта,Дебетовая карта,изменение персональных данных,neutral,2024-10-03
message_7f7958c6fd20,event_7d5785e0bf41,C038,1,client,"Готов подключить продукт «Потребительский кредит», хочу пройти оформление.",purchase,покупка,Потребительский кредит,условия продукта,positive,2024-09-21
message_48038d64a904,event_7d5785e0bf41,C038,2,operator,Запускаю процесс оформления. Я буду сопровождать вас на каждом шаге.,purchase,покупка,Потребительский кредит,условия продукта,positive,2024-09-21
message_5faef1c13cb5,event_7d5785e0bf41,C038,3,client,Я хочу понимать сроки и что будет происходить дальше.,purchase,покупка,Потребительский кредит,условия продукта,positive,2024-09-21
message_bdc7c8a80ca4,event_7d5785e0bf41,C038,4,client,Меня зовут Соколова Валерия Михайловна. Прошу учесть мой прошлый опыт и текущий продукт.,purchase,покупка,Потребительский кредит,условия продукта,positive,2024-09-21
message_1aef45a624cc,event_7d5785e0bf41,C038,5,system,Системное уведомление: настроение обращения определено как «positive».,purchase,покупка,Потребительский кредит,условия продукта,positive,2024-09-21
message_fcc13972d92b,event_7d5785e0bf41,C038,6,operator,Я вижу историю клиента и учитываю этап «покупка».,purchase,покупка,Потребительский кредит,условия продукта,positive,2024-09-21
message_3846767551bc,event_7d5785e0bf41,C038,7,system,Системное уведомление: тема обращения классифицирована как «условия продукта».,purchase,покупка,Потребительский кредит,условия продукта,positive,2024-09-21
message_606157f30ed4,event_7d5785e0bf41,C038,8,operator,"По этому обращению указан статус «completed», оценка удовлетворенности будет учтена.",purchase,покупка,Потребительский кредит,условия продукта,positive,2024-09-21
message_a0982be01e4c,event_83f1aaa4343d,C038,1,client,Мне интересен продукт «Дебетовая карта». Можете рассказать подробнее про консультация по тарифам?,product_interest,интерес к продукту,Дебетовая карта,консультация по тарифам,positive,2024-08-23
message_e31bc5934689,event_83f1aaa4343d,C038,2,operator,Сейчас проверю актуальные условия для выбранного продукта.,product_interest,интерес к продукту,Дебетовая карта,консультация по тарифам,positive,2024-08-23
message_e929f31aee30,event_83f1aaa4343d,C038,3,client,"Важно, чтобы решение было понятным и без скрытых условий.",product_interest,интерес к продукту,Дебетовая карта,консультация по тарифам,positive,2024-08-23
message_f1f5a2c5ed40,event_83f1aaa4343d,C038,4,operator,"По этому обращению указан статус «completed», оценка удовлетворенности будет учтена.",product_interest,интерес к продукту,Дебетовая карта,консультация по тарифам,positive,2024-08-23
message_e45c1bfc9508,event_a5240b8f5ec4,C038,1,client,Добрый день. Я впервые обращаюсь в банк и хочу узнать про «Инвестиционный счет».,introduction,знакомство,Инвестиционный счет,консультация по тарифам,neutral,2024-08-15
message_af8dd92d4fbb,event_a5240b8f5ec4,C038,2,operator,Здравствуйте. Я помогу сориентироваться по условиям и ограничениям.,introduction,знакомство,Инвестиционный счет,консультация по тарифам,neutral,2024-08-15
message_b2c290db9b2d,event_a5240b8f5ec4,C038,3,client,"Важно, чтобы решение было понятным и без скрытых условий.",introduction,знакомство,Инвестиционный счет,консультация по тарифам,neutral,2024-08-15
message_c48b20d887a7,event_a5240b8f5ec4,C038,4,operator,"Если появятся дополнительные вопросы, можно продолжить диалог в этом же канале.",introduction,знакомство,Инвестиционный счет,консультация по тарифам,neutral,2024-08-15
message_d6742fd5338b,event_c49c7657cd4b,C038,1,client,"Помогите разобраться, подойдет ли мне «Дебетовая карта».",consultation,консультация,Дебетовая карта,консультация по тарифам,negative,2024-09-03
message_014f9042d962,event_c49c7657cd4b,C038,2,operator,Сейчас отвечу по тарифам и помогу выбрать следующий шаг.,consultation,консультация,Дебетовая карта,консультация по тарифам,negative,2024-09-03
message_3c0e1c69ff02,event_c49c7657cd4b,C038,3,client,"Важно, чтобы решение было понятным и без скрытых условий.",consultation,консультация,Дебетовая карта,консультация по тарифам,negative,2024-09-03
message_a8d31cec9bf2,event_c49c7657cd4b,C038,4,operator,Я вижу историю клиента и учитываю этап «консультация».,consultation,консультация,Дебетовая карта,консультация по тарифам,negative,2024-09-03
message_39e1dc2a4341,event_c49c7657cd4b,C038,5,system,Системное уведомление: настроение обращения определено как «negative».,consultation,консультация,Дебетовая карта,консультация по тарифам,negative,2024-09-03
message_4a19d54400fd,event_c49c7657cd4b,C038,6,system,Системное уведомление: клиенту присвоен статус обращения «completed».,consultation,консультация,Дебетовая карта,консультация по тарифам,negative,2024-09-03
message_7c3e8df36587,event_c49c7657cd4b,C038,7,operator,Отправлю вам подтверждение и краткое резюме по теме «консультация по тарифам».,consultation,консультация,Дебетовая карта,консультация по тарифам,negative,2024-09-03
message_95dd637f1fa0,event_c98eed443026,C038,1,client,Проверяю статус проблемы по продукту «Дебетовая карта». Есть ли решение?,problem_resolved,решение проблемы,Дебетовая карта,техническая ошибка,positive,2024-12-23
message_68a7175f61ac,event_c98eed443026,C038,2,operator,"Проверила статус: решение уже применено, сейчас объясню детали.",problem_resolved,решение проблемы,Дебетовая карта,техническая ошибка,positive,2024-12-23
message_003fb8a60d35,event_c98eed443026,C038,3,client,Мне удобнее продолжить общение через канал «чат».,problem_resolved,решение проблемы,Дебетовая карта,техническая ошибка,positive,2024-12-23
message_df320d1e866e,event_c98eed443026,C038,4,operator,Я вижу историю клиента и учитываю этап «решение проблемы».,problem_resolved,решение проблемы,Дебетовая карта,техническая ошибка,positive,2024-12-23
message_651eaccc1124,event_c98eed443026,C038,5,operator,Я зафиксировал обращение. Статус сейчас: resolved.,problem_resolved,решение проблемы,Дебетовая карта,техническая ошибка,positive,2024-12-23
message_670bf9e2346b,event_04b1ad977154,C039,1,client,"Подскажите, пожалуйста, как правильно действовать по теме «комиссия».",usage,использование продукта,Накопительный счет,комиссия,neutral,2024-09-23
message_79f1a73d77c2,event_04b1ad977154,C039,2,operator,Давайте посмотрим детали операции и найдем ответ.,usage,использование продукта,Накопительный счет,комиссия,neutral,2024-09-23
message_ec63964f9e65,event_04b1ad977154,C039,3,client,Мне удобнее продолжить общение через канал «чат».,usage,использование продукта,Накопительный счет,комиссия,neutral,2024-09-23
message_05b14fa1b337,event_04b1ad977154,C039,4,system,Системное уведомление: настроение обращения определено как «neutral».,usage,использование продукта,Накопительный счет,комиссия,neutral,2024-09-23
message_09bdc6ed7d6e,event_04b1ad977154,C039,5,system,Системное уведомление: тема обращения классифицирована как «комиссия».,usage,использование продукта,Накопительный счет,комиссия,neutral,2024-09-23
message_aff5e78e4db7,event_04b1ad977154,C039,6,client,Меня зовут Леон Демидович Павлов. Прошу учесть мой прошлый опыт и текущий продукт.,usage,использование продукта,Накопительный счет,комиссия,neutral,2024-09-23
message_47f4df225ba6,event_04b1ad977154,C039,7,operator,Я вижу историю клиента и учитываю этап «использование продукта».,usage,использование продукта,Накопительный счет,комиссия,neutral,2024-09-23
message_3573f4f369ce,event_04b1ad977154,C039,8,operator,"Информация передана в работу, ориентировочный срок решения зависит от проверки.",usage,использование продукта,Накопительный счет,комиссия,neutral,2024-09-23
message_8f340c7f4378,event_1b62139f57e9,C039,1,client,"Здравствуйте, хочу понять, как у вас работает продукт «Ипотека». Интересуют оформление продукта.",introduction,знакомство,Ипотека,оформление продукта,neutral,2024-08-09
message_d6dddf5d83ac,event_1b62139f57e9,C039,2,operator,Здравствуйте. Расскажу основные условия и помогу выбрать подходящий вариант.,introduction,знакомство,Ипотека,оформление продукта,neutral,2024-08-09
message_467b9ea63201,event_1b62139f57e9,C039,3,client,Мне удобнее продолжить общение через канал «мобильное приложение».,introduction,знакомство,Ипотека,оформление продукта,neutral,2024-08-09
message_7dbea065419e,event_1b62139f57e9,C039,4,client,Меня зовут Леон Демидович Павлов. Прошу учесть мой прошлый опыт и текущий продукт.,introduction,знакомство,Ипотека,оформление продукта,neutral,2024-08-09
message_4cab2071d0d1,event_1b62139f57e9,C039,5,system,Системное уведомление: настроение обращения определено как «neutral».,introduction,знакомство,Ипотека,оформление продукта,neutral,2024-08-09
message_9f2224019468,event_1b62139f57e9,C039,6,operator,Отправлю вам подтверждение и краткое резюме по теме «оформление продукта».,introduction,знакомство,Ипотека,оформление продукта,neutral,2024-08-09
message_5d76b7bac48b,event_68fa4b037b07,C039,1,client,Я решил прекратить обслуживание. Прошу закрыть все вопросы по «Потребительский кредит».,churn,уход клиента,Потребительский кредит,жалоба на обслуживание,negative,2024-12-13
message_df958b29988d,event_68fa4b037b07,C039,2,operator,Сейчас оформим завершение обслуживания и подтвердим финальный статус.,churn,уход клиента,Потребительский кредит,жалоба на обслуживание,negative,2024-12-13
message_25708bfddc7a,event_68fa4b037b07,C039,3,client,Я хочу понимать сроки и что будет происходить дальше.,churn,уход клиента,Потребительский кредит,жалоба на обслуживание,negative,2024-12-13
message_0f1d45516751,event_68fa4b037b07,C039,4,client,Меня зовут Леон Демидович Павлов. Прошу учесть мой прошлый опыт и текущий продукт.,churn,уход клиента,Потребительский кредит,жалоба на обслуживание,negative,2024-12-13
message_d5c3c39789fa,event_68fa4b037b07,C039,5,operator,Я вижу историю клиента и учитываю этап «уход клиента».,churn,уход клиента,Потребительский кредит,жалоба на обслуживание,negative,2024-12-13
message_83673f18778a,event_68fa4b037b07,C039,6,operator,"По этому обращению указан статус «lost», оценка удовлетворенности будет учтена.",churn,уход клиента,Потребительский кредит,жалоба на обслуживание,negative,2024-12-13
message_2db89ed42c44,event_7122f74f5916,C039,1,client,Хочу оставить жалобу. По продукту «Накопительный счет» возникла неприятная ситуация.,complaint,жалоба,Накопительный счет,блокировка карты,negative,2024-10-14
message_931ba8a96e09,event_7122f74f5916,C039,2,operator,"Мне жаль, что вы столкнулись с такой ситуацией. Я зарегистрирую жалобу.",complaint,жалоба,Накопительный счет,блокировка карты,negative,2024-10-14
message_fc683c41e5c0,event_7122f74f5916,C039,3,client,Я хочу понимать сроки и что будет происходить дальше.,complaint,жалоба,Накопительный счет,блокировка карты,negative,2024-10-14
message_34861da4e37f,event_7122f74f5916,C039,4,operator,Отправлю вам подтверждение и краткое резюме по теме «блокировка карты».,complaint,жалоба,Накопительный счет,блокировка карты,negative,2024-10-14
message_a6e5eda14047,event_ad86c3b9249f,C039,1,client,"Ситуация по теме «возврат средств» затянулась, нужна эскалация.",escalation,эскалация,Страхование,возврат средств,negative,2024-11-09
message_d23e4a02677a,event_ad86c3b9249f,C039,2,operator,Эскалация оформлена. Специалист проверит историю обращений.,escalation,эскалация,Страхование,возврат средств,negative,2024-11-09
message_ee0e9960cd40,event_ad86c3b9249f,C039,3,client,"Уточните, пожалуйста, это повлияет на мои текущие продукты?",escalation,эскалация,Страхование,возврат средств,negative,2024-11-09
message_63a3969c952b,event_ad86c3b9249f,C039,4,client,Меня зовут Леон Демидович Павлов. Прошу учесть мой прошлый опыт и текущий продукт.,escalation,эскалация,Страхование,возврат средств,negative,2024-11-09
message_5d4715de3d19,event_ad86c3b9249f,C039,5,operator,Я вижу историю клиента и учитываю этап «эскалация».,escalation,эскалация,Страхование,возврат средств,negative,2024-11-09
message_61c6c509555c,event_ad86c3b9249f,C039,6,system,Системное уведомление: настроение обращения определено как «negative».,escalation,эскалация,Страхование,возврат средств,negative,2024-11-09
message_74ec23835796,event_ad86c3b9249f,C039,7,operator,"По этому обращению указан статус «escalated», оценка удовлетворенности будет учтена.",escalation,эскалация,Страхование,возврат средств,negative,2024-11-09
message_cecef0ca1891,event_b081149bf60d,C039,1,client,"Готов подключить продукт «Накопительный счет», хочу пройти оформление.",purchase,покупка,Накопительный счет,оформление продукта,positive,2024-08-22
message_527e162c58ef,event_b081149bf60d,C039,2,operator,Запускаю процесс оформления. Я буду сопровождать вас на каждом шаге.,purchase,покупка,Накопительный счет,оформление продукта,positive,2024-08-22
message_36400a8a10e3,event_b081149bf60d,C039,3,client,"Важно, чтобы решение было понятным и без скрытых условий.",purchase,покупка,Накопительный счет,оформление продукта,positive,2024-08-22
message_e64822db3d2b,event_b081149bf60d,C039,4,operator,"Информация передана в работу, ориентировочный срок решения зависит от проверки.",purchase,покупка,Накопительный счет,оформление продукта,positive,2024-08-22
message_e421379435c6,event_14b04203f743,C040,1,client,"Здравствуйте. Подскажите, пожалуйста, что важно знать про «Дебетовая карта»?",introduction,знакомство,Дебетовая карта,консультация по тарифам,positive,2025-01-26
message_ccc26ca1015b,event_14b04203f743,C040,2,operator,"Добрый день. Сейчас поясню, как устроен продукт и какие шаги нужны.",introduction,знакомство,Дебетовая карта,консультация по тарифам,positive,2025-01-26
message_6237f33729fd,event_14b04203f743,C040,3,client,Мне удобнее продолжить общение через канал «офис».,introduction,знакомство,Дебетовая карта,консультация по тарифам,positive,2025-01-26
message_a646db41be18,event_14b04203f743,C040,4,system,Системное уведомление: обращение зарегистрировано и связано с продуктом «Дебетовая карта».,introduction,знакомство,Дебетовая карта,консультация по тарифам,positive,2025-01-26
message_8bdbf7dfe0c5,event_14b04203f743,C040,5,client,Меня зовут Ермаков Богдан Архипович. Прошу учесть мой прошлый опыт и текущий продукт.,introduction,знакомство,Дебетовая карта,консультация по тарифам,positive,2025-01-26
message_ee1d063f1348,event_14b04203f743,C040,6,system,Системное уведомление: настроение обращения определено как «positive».,introduction,знакомство,Дебетовая карта,консультация по тарифам,positive,2025-01-26
message_657f942e1b51,event_14b04203f743,C040,7,operator,Я вижу историю клиента и учитываю этап «знакомство».,introduction,знакомство,Дебетовая карта,консультация по тарифам,positive,2025-01-26
message_020cc8794807,event_14b04203f743,C040,8,operator,"Информация передана в работу, ориентировочный срок решения зависит от проверки.",introduction,знакомство,Дебетовая карта,консультация по тарифам,positive,2025-01-26
message_60d768426f1b,event_018ef199ad16,C041,1,client,Проверяю статус проблемы по продукту «Ипотека». Есть ли решение?,problem_resolved,решение проблемы,Ипотека,блокировка карты,negative,2025-01-02
message_7979d7aec94c,event_018ef199ad16,C041,2,operator,"По вашему обращению есть результат. Проблема закрыта, данные обновлены.",problem_resolved,решение проблемы,Ипотека,блокировка карты,negative,2025-01-02
message_f5d7c99b38ae,event_018ef199ad16,C041,3,client,"Уточните, пожалуйста, это повлияет на мои текущие продукты?",problem_resolved,решение проблемы,Ипотека,блокировка карты,negative,2025-01-02
message_5ae647a76a87,event_018ef199ad16,C041,4,system,Системное уведомление: обращение зарегистрировано и связано с продуктом «Ипотека».,problem_resolved,решение проблемы,Ипотека,блокировка карты,negative,2025-01-02
message_34c594688f7e,event_018ef199ad16,C041,5,operator,"Информация передана в работу, ориентировочный срок решения зависит от проверки.",problem_resolved,решение проблемы,Ипотека,блокировка карты,negative,2025-01-02
message_9c9bf1e3f900,event_1315f43b9ad3,C041,1,client,"Я уже обращался, но проблема с продуктом «Ипотека» остается.",escalation,эскалация,Ипотека,жалоба на обслуживание,neutral,2024-11-26
message_047b12bf5a63,event_1315f43b9ad3,C041,2,operator,Понимаю. Подключаю профильную команду для дополнительной проверки.,escalation,эскалация,Ипотека,жалоба на обслуживание,neutral,2024-11-26
message_9aa879683698,event_1315f43b9ad3,C041,3,client,Я хочу понимать сроки и что будет происходить дальше.,escalation,эскалация,Ипотека,жалоба на обслуживание,neutral,2024-11-26
message_99a70fd066be,event_1315f43b9ad3,C041,4,operator,Я вижу историю клиента и учитываю этап «эскалация».,escalation,эскалация,Ипотека,жалоба на обслуживание,neutral,2024-11-26
message_6a71c2dd9ef0,event_1315f43b9ad3,C041,5,operator,Отправлю вам подтверждение и краткое резюме по теме «жалоба на обслуживание».,escalation,эскалация,Ипотека,жалоба на обслуживание,neutral,2024-11-26
message_f22f241c9945,event_54961ad78c04,C041,1,client,"Я готов остаться клиентом, если вопрос по «Страхование» действительно закрыт.",retention,удержание,Страхование,повышение лимита,neutral,2025-02-08
message_099b09e5b9b3,event_54961ad78c04,C041,2,operator,"Понимаю ваши сомнения. Давайте подберем условия, которые исправят опыт.",retention,удержание,Страхование,повышение лимита,neutral,2025-02-08
message_82f51029d828,event_54961ad78c04,C041,3,client,"Важно, чтобы решение было понятным и без скрытых условий.",retention,удержание,Страхование,повышение лимита,neutral,2025-02-08
message_d178b9dc97d0,event_54961ad78c04,C041,4,system,Системное уведомление: настроение обращения определено как «neutral».,retention,удержание,Страхование,повышение лимита,neutral,2025-02-08
message_dd54c52e7c2b,event_54961ad78c04,C041,5,client,Меня зовут Архип Валерьянович Гусев. Прошу учесть мой прошлый опыт и текущий продукт.,retention,удержание,Страхование,повышение лимита,neutral,2025-02-08
message_624aded2a98b,event_54961ad78c04,C041,6,operator,Я вижу историю клиента и учитываю этап «удержание».,retention,удержание,Страхование,повышение лимита,neutral,2025-02-08
message_b8128fd367dc,event_54961ad78c04,C041,7,operator,Я зафиксировал обращение. Статус сейчас: retained.,retention,удержание,Страхование,повышение лимита,neutral,2025-02-08
message_db2079cac47e,event_62cf9e35e01b,C041,1,client,У меня есть вопрос по использованию продукта «Кредитная карта».,usage,использование продукта,Кредитная карта,условия продукта,neutral,2024-10-16
message_74daaf84976a,event_62cf9e35e01b,C041,2,operator,Давайте посмотрим детали операции и найдем ответ.,usage,использование продукта,Кредитная карта,условия продукта,neutral,2024-10-16
message_d0f1b81e806c,event_62cf9e35e01b,C041,3,client,Я хочу понимать сроки и что будет происходить дальше.,usage,использование продукта,Кредитная карта,условия продукта,neutral,2024-10-16
message_f76a4882b3c2,event_62cf9e35e01b,C041,4,operator,Я вижу историю клиента и учитываю этап «использование продукта».,usage,использование продукта,Кредитная карта,условия продукта,neutral,2024-10-16
message_c54bbd59d561,event_62cf9e35e01b,C041,5,operator,"Если появятся дополнительные вопросы, можно продолжить диалог в этом же канале.",usage,использование продукта,Кредитная карта,условия продукта,neutral,2024-10-16
message_861ff1523841,event_b3954eeca9e2,C041,1,client,Хочу оставить жалобу. По продукту «Ипотека» возникла неприятная ситуация.,complaint,жалоба,Ипотека,ошибка в приложении,negative,2024-11-16
message_0493e3bec95f,event_b3954eeca9e2,C041,2,operator,"Давайте подробно опишем проблему, чтобы ее можно было проверить.",complaint,жалоба,Ипотека,ошибка в приложении,negative,2024-11-16
message_e695f43a4c00,event_b3954eeca9e2,C041,3,client,"Важно, чтобы решение было понятным и без скрытых условий.",complaint,жалоба,Ипотека,ошибка в приложении,negative,2024-11-16
message_8464cfdba227,event_b3954eeca9e2,C041,4,operator,Я вижу историю клиента и учитываю этап «жалоба».,complaint,жалоба,Ипотека,ошибка в приложении,negative,2024-11-16
message_df7168c2392b,event_b3954eeca9e2,C041,5,system,Системное уведомление: клиенту присвоен статус обращения «escalated».,complaint,жалоба,Ипотека,ошибка в приложении,negative,2024-11-16
message_21c313530223,event_b3954eeca9e2,C041,6,system,Системное уведомление: настроение обращения определено как «negative».,complaint,жалоба,Ипотека,ошибка в приложении,negative,2024-11-16
message_a0bce00f4ba9,event_b3954eeca9e2,C041,7,operator,"Информация передана в работу, ориентировочный срок решения зависит от проверки.",complaint,жалоба,Ипотека,ошибка в приложении,negative,2024-11-16
message_a07237bcb922,event_2becb5ce4b6b,C042,1,client,Я уже клиент банка и хочу оформить еще один продукт: «Кредитная карта».,repeat_purchase,повторная покупка,Кредитная карта,повторная покупка,neutral,2025-03-20
message_438e871956f6,event_2becb5ce4b6b,C042,2,operator,"Рада, что вы вернулись. Проверю доступные условия для нового продукта.",repeat_purchase,повторная покупка,Кредитная карта,повторная покупка,neutral,2025-03-20
message_b203ffff5065,event_2becb5ce4b6b,C042,3,client,"Важно, чтобы решение было понятным и без скрытых условий.",repeat_purchase,повторная покупка,Кредитная карта,повторная покупка,neutral,2025-03-20
message_810cc0f6ec49,event_2becb5ce4b6b,C042,4,system,Системное уведомление: настроение обращения определено как «neutral».,repeat_purchase,повторная покупка,Кредитная карта,повторная покупка,neutral,2025-03-20
message_b70bc631bde5,event_2becb5ce4b6b,C042,5,system,Системное уведомление: клиенту присвоен статус обращения «completed».,repeat_purchase,повторная покупка,Кредитная карта,повторная покупка,neutral,2025-03-20
message_6722c04a5796,event_2becb5ce4b6b,C042,6,operator,Я вижу историю клиента и учитываю этап «повторная покупка».,repeat_purchase,повторная покупка,Кредитная карта,повторная покупка,neutral,2025-03-20
message_5309326541ed,event_2becb5ce4b6b,C042,7,operator,"Информация передана в работу, ориентировочный срок решения зависит от проверки.",repeat_purchase,повторная покупка,Кредитная карта,повторная покупка,neutral,2025-03-20
message_c4bad6d461bd,event_656353341612,C042,1,client,"Здравствуйте. Подскажите, пожалуйста, что важно знать про «Ипотека»?",introduction,знакомство,Ипотека,консультация по тарифам,positive,2024-10-12
message_5051767f3d31,event_656353341612,C042,2,operator,Здравствуйте. Я помогу сориентироваться по условиям и ограничениям.,introduction,знакомство,Ипотека,консультация по тарифам,positive,2024-10-12
message_42eaefe108ef,event_656353341612,C042,3,client,Мне удобнее продолжить общение через канал «чат».,introduction,знакомство,Ипотека,консультация по тарифам,positive,2024-10-12
message_fce7fadda4c8,event_656353341612,C042,4,operator,Я вижу историю клиента и учитываю этап «знакомство».,introduction,знакомство,Ипотека,консультация по тарифам,positive,2024-10-12
message_11a5a3779038,event_656353341612,C042,5,system,Системное уведомление: история взаимодействий клиента обновлена.,introduction,знакомство,Ипотека,консультация по тарифам,positive,2024-10-12
message_a4c93eec4423,event_656353341612,C042,6,operator,"Информация передана в работу, ориентировочный срок решения зависит от проверки.",introduction,знакомство,Ипотека,консультация по тарифам,positive,2024-10-12
message_913df41773ef,event_668716fa5460,C042,1,client,"Помогите разобраться, подойдет ли мне «Страхование».",consultation,консультация,Страхование,условия продукта,positive,2025-02-08
message_26392e40053d,event_668716fa5460,C042,2,operator,"Я уточню параметры и объясню, какой вариант подойдет лучше.",consultation,консультация,Страхование,условия продукта,positive,2025-02-08
message_b7a1975e077b,event_668716fa5460,C042,3,client,"Важно, чтобы решение было понятным и без скрытых условий.",consultation,консультация,Страхование,условия продукта,positive,2025-02-08
message_8953eef70038,event_668716fa5460,C042,4,client,Меня зовут Таисия Викторовна Белоусова. Прошу учесть мой прошлый опыт и текущий продукт.,consultation,консультация,Страхование,условия продукта,positive,2025-02-08
message_d85cf7fcd613,event_668716fa5460,C042,5,operator,Отправлю вам подтверждение и краткое резюме по теме «условия продукта».,consultation,консультация,Страхование,условия продукта,positive,2025-02-08
message_fb5cdfa804c0,event_8b3d4b34b894,C042,1,client,Мне интересен продукт «Потребительский кредит». Можете рассказать подробнее про условия продукта?,product_interest,интерес к продукту,Потребительский кредит,условия продукта,positive,2024-11-18
message_11c7b76a0af0,event_8b3d4b34b894,C042,2,operator,"Могу рассказать про тариф, лимиты, комиссии и порядок оформления.",product_interest,интерес к продукту,Потребительский кредит,условия продукта,positive,2024-11-18
message_4e9d3acd6ec8,event_8b3d4b34b894,C042,3,client,Я хочу понимать сроки и что будет происходить дальше.,product_interest,интерес к продукту,Потребительский кредит,условия продукта,positive,2024-11-18
message_04df07373dbf,event_8b3d4b34b894,C042,4,system,Системное уведомление: история взаимодействий клиента обновлена.,product_interest,интерес к продукту,Потребительский кредит,условия продукта,positive,2024-11-18
message_e2bd381f232c,event_8b3d4b34b894,C042,5,system,Системное уведомление: настроение обращения определено как «positive».,product_interest,интерес к продукту,Потребительский кредит,условия продукта,positive,2024-11-18
message_4a2afa272ad8,event_8b3d4b34b894,C042,6,client,Меня зовут Таисия Викторовна Белоусова. Прошу учесть мой прошлый опыт и текущий продукт.,product_interest,интерес к продукту,Потребительский кредит,условия продукта,positive,2024-11-18
message_8ab735602aef,event_8b3d4b34b894,C042,7,operator,Я вижу историю клиента и учитываю этап «интерес к продукту».,product_interest,интерес к продукту,Потребительский кредит,условия продукта,positive,2024-11-18
message_21d49a265f6e,event_8b3d4b34b894,C042,8,operator,"Если появятся дополнительные вопросы, можно продолжить диалог в этом же канале.",product_interest,интерес к продукту,Потребительский кредит,условия продукта,positive,2024-11-18
message_3df8873d4c9b,event_dc8caaca728d,C042,1,client,"Подскажите, пожалуйста, как правильно действовать по теме «условия продукта».",usage,использование продукта,Ипотека,условия продукта,neutral,2025-01-01
message_26c6d6a45ab4,event_dc8caaca728d,C042,2,operator,Давайте посмотрим детали операции и найдем ответ.,usage,использование продукта,Ипотека,условия продукта,neutral,2025-01-01
message_7c19926f2682,event_dc8caaca728d,C042,3,client,Я хочу понимать сроки и что будет происходить дальше.,usage,использование продукта,Ипотека,условия продукта,neutral,2025-01-01
message_1093d7e70312,event_dc8caaca728d,C042,4,operator,Я вижу историю клиента и учитываю этап «использование продукта».,usage,использование продукта,Ипотека,условия продукта,neutral,2025-01-01
message_099d68821bfe,event_dc8caaca728d,C042,5,system,Системное уведомление: клиенту присвоен статус обращения «completed».,usage,использование продукта,Ипотека,условия продукта,neutral,2025-01-01
message_fd6f48c60817,event_dc8caaca728d,C042,6,system,Системное уведомление: настроение обращения определено как «neutral».,usage,использование продукта,Ипотека,условия продукта,neutral,2025-01-01
message_1e939b1228db,event_dc8caaca728d,C042,7,client,Меня зовут Таисия Викторовна Белоусова. Прошу учесть мой прошлый опыт и текущий продукт.,usage,использование продукта,Ипотека,условия продукта,neutral,2025-01-01
message_9c8bed5040e7,event_dc8caaca728d,C042,8,operator,"Информация передана в работу, ориентировочный срок решения зависит от проверки.",usage,использование продукта,Ипотека,условия продукта,neutral,2025-01-01
message_5d7b68d81108,event_fca8868fa5fe,C042,1,client,Пользуюсь продуктом «Ипотека» и хочу уточнить вопрос: комиссия.,usage,использование продукта,Ипотека,комиссия,positive,2025-04-10
message_252d14d781f4,event_fca8868fa5fe,C042,2,operator,Сейчас проверю информацию по продукту и объясню порядок действий.,usage,использование продукта,Ипотека,комиссия,positive,2025-04-10
message_899fdb4deebf,event_fca8868fa5fe,C042,3,client,Я хочу понимать сроки и что будет происходить дальше.,usage,использование продукта,Ипотека,комиссия,positive,2025-04-10
message_1f577ab3a2af,event_fca8868fa5fe,C042,4,client,Меня зовут Таисия Викторовна Белоусова. Прошу учесть мой прошлый опыт и текущий продукт.,usage,использование продукта,Ипотека,комиссия,positive,2025-04-10
message_0e2223ecec30,event_fca8868fa5fe,C042,5,system,Системное уведомление: клиенту присвоен статус обращения «completed».,usage,использование продукта,Ипотека,комиссия,positive,2025-04-10
message_9f5b05e6a5b1,event_fca8868fa5fe,C042,6,operator,Я вижу историю клиента и учитываю этап «использование продукта».,usage,использование продукта,Ипотека,комиссия,positive,2025-04-10
message_1e5cffb164b2,event_fca8868fa5fe,C042,7,system,Системное уведомление: настроение обращения определено как «positive».,usage,использование продукта,Ипотека,комиссия,positive,2025-04-10
message_0f1ef1e5161d,event_fca8868fa5fe,C042,8,operator,"По этому обращению указан статус «completed», оценка удовлетворенности будет учтена.",usage,использование продукта,Ипотека,комиссия,positive,2025-04-10
message_7652e388c160,event_fe07231b16b9,C042,1,client,Я принял решение оформить «Дебетовая карта». Помогите завершить заявку.,purchase,покупка,Дебетовая карта,условия продукта,positive,2024-12-04
message_26aacd7e91dd,event_fe07231b16b9,C042,2,operator,"Отлично, я помогу оформить заявку и проверю необходимые данные.",purchase,покупка,Дебетовая карта,условия продукта,positive,2024-12-04
message_ce34feac5e31,event_fe07231b16b9,C042,3,client,Мне удобнее продолжить общение через канал «чат».,purchase,покупка,Дебетовая карта,условия продукта,positive,2024-12-04
message_43404444ab5a,event_fe07231b16b9,C042,4,system,Системное уведомление: настроение обращения определено как «positive».,purchase,покупка,Дебетовая карта,условия продукта,positive,2024-12-04
message_bc866bbf23f2,event_fe07231b16b9,C042,5,operator,Я вижу историю клиента и учитываю этап «покупка».,purchase,покупка,Дебетовая карта,условия продукта,positive,2024-12-04
message_58b4631c3531,event_fe07231b16b9,C042,6,system,Системное уведомление: история взаимодействий клиента обновлена.,purchase,покупка,Дебетовая карта,условия продукта,positive,2024-12-04
message_3cad77d47912,event_fe07231b16b9,C042,7,operator,"Информация передана в работу, ориентировочный срок решения зависит от проверки.",purchase,покупка,Дебетовая карта,условия продукта,positive,2024-12-04
message_7258424c1fb2,event_05d3dff4256f,C043,1,client,Хочу сравнить условия по продукту «Дебетовая карта» с текущими вариантами.,product_interest,интерес к продукту,Дебетовая карта,консультация по тарифам,neutral,2025-02-26
message_655e3c325bab,event_05d3dff4256f,C043,2,operator,Понимаю. Давайте уточним ваши цели и подберем подходящие условия.,product_interest,интерес к продукту,Дебетовая карта,консультация по тарифам,neutral,2025-02-26
message_35386cc9f65d,event_05d3dff4256f,C043,3,client,Мне удобнее продолжить общение через канал «email».,product_interest,интерес к продукту,Дебетовая карта,консультация по тарифам,neutral,2025-02-26
message_60c45b58528e,event_05d3dff4256f,C043,4,system,Системное уведомление: тема обращения классифицирована как «консультация по тарифам».,product_interest,интерес к продукту,Дебетовая карта,консультация по тарифам,neutral,2025-02-26
message_06f611bb5b3e,event_05d3dff4256f,C043,5,system,Системное уведомление: настроение обращения определено как «neutral».,product_interest,интерес к продукту,Дебетовая карта,консультация по тарифам,neutral,2025-02-26
message_5afbf36bcdc8,event_05d3dff4256f,C043,6,operator,Я вижу историю клиента и учитываю этап «интерес к продукту».,product_interest,интерес к продукту,Дебетовая карта,консультация по тарифам,neutral,2025-02-26
message_b0e0d6967444,event_05d3dff4256f,C043,7,operator,"Информация передана в работу, ориентировочный срок решения зависит от проверки.",product_interest,интерес к продукту,Дебетовая карта,консультация по тарифам,neutral,2025-02-26
message_10c6d2f5bebf,event_0b7edc594afd,C043,1,client,"Хочу оформить «Потребительский кредит». Подскажите, что нужно сделать.",purchase,покупка,Потребительский кредит,условия продукта,positive,2025-03-23
message_361843554443,event_0b7edc594afd,C043,2,operator,Запускаю процесс оформления. Я буду сопровождать вас на каждом шаге.,purchase,покупка,Потребительский кредит,условия продукта,positive,2025-03-23
message_4bd4e2b337a6,event_0b7edc594afd,C043,3,client,Мне удобнее продолжить общение через канал «сайт».,purchase,покупка,Потребительский кредит,условия продукта,positive,2025-03-23
message_429a9771726c,event_0b7edc594afd,C043,4,operator,Отправлю вам подтверждение и краткое резюме по теме «условия продукта».,purchase,покупка,Потребительский кредит,условия продукта,positive,2025-03-23
message_62c77285b42e,event_5d87fb0d500f,C043,1,client,"Подскажите, пожалуйста, как правильно действовать по теме «комиссия».",usage,использование продукта,Накопительный счет,комиссия,positive,2025-04-04
message_551472253a6d,event_5d87fb0d500f,C043,2,operator,Сейчас проверю информацию по продукту и объясню порядок действий.,usage,использование продукта,Накопительный счет,комиссия,positive,2025-04-04
message_e11b2f3d6687,event_5d87fb0d500f,C043,3,client,Мне удобнее продолжить общение через канал «email».,usage,использование продукта,Накопительный счет,комиссия,positive,2025-04-04
message_abc793e9e4df,event_5d87fb0d500f,C043,4,operator,Я вижу историю клиента и учитываю этап «использование продукта».,usage,использование продукта,Накопительный счет,комиссия,positive,2025-04-04
message_4952f4a99853,event_5d87fb0d500f,C043,5,system,Системное уведомление: настроение обращения определено как «positive».,usage,использование продукта,Накопительный счет,комиссия,positive,2025-04-04
message_c9e89f40754c,event_5d87fb0d500f,C043,6,client,Меня зовут Элеонора Олеговна Силина. Прошу учесть мой прошлый опыт и текущий продукт.,usage,использование продукта,Накопительный счет,комиссия,positive,2025-04-04
message_b7d9af6e773e,event_5d87fb0d500f,C043,7,system,Системное уведомление: обращение зарегистрировано и связано с продуктом «Накопительный счет».,usage,использование продукта,Накопительный счет,комиссия,positive,2025-04-04
message_6c1b63f4538b,event_5d87fb0d500f,C043,8,operator,"Если появятся дополнительные вопросы, можно продолжить диалог в этом же канале.",usage,использование продукта,Накопительный счет,комиссия,positive,2025-04-04
message_8f85a1dc1b40,event_9ec728605a34,C043,1,client,"Здравствуйте, хочу понять, как у вас работает продукт «Дебетовая карта». Интересуют оформление продукта.",introduction,знакомство,Дебетовая карта,оформление продукта,neutral,2025-01-16
message_a20ffa60dc15,event_9ec728605a34,C043,2,operator,Здравствуйте. Расскажу основные условия и помогу выбрать подходящий вариант.,introduction,знакомство,Дебетовая карта,оформление продукта,neutral,2025-01-16
message_3dd188313d9b,event_9ec728605a34,C043,3,client,Можно ли получить подтверждение после завершения операции?,introduction,знакомство,Дебетовая карта,оформление продукта,neutral,2025-01-16
message_add25f15a758,event_9ec728605a34,C043,4,client,Меня зовут Элеонора Олеговна Силина. Прошу учесть мой прошлый опыт и текущий продукт.,introduction,знакомство,Дебетовая карта,оформление продукта,neutral,2025-01-16
message_4308754d5fff,event_9ec728605a34,C043,5,operator,Я вижу историю клиента и учитываю этап «знакомство».,introduction,знакомство,Дебетовая карта,оформление продукта,neutral,2025-01-16
message_d342daba57cc,event_9ec728605a34,C043,6,operator,"Если появятся дополнительные вопросы, можно продолжить диалог в этом же канале.",introduction,знакомство,Дебетовая карта,оформление продукта,neutral,2025-01-16
message_b38f3dbe89b3,event_cbcaed27118b,C043,1,client,Хочу уточнить детали по тарифам и условиям для «Кредитная карта».,consultation,консультация,Кредитная карта,консультация по тарифам,neutral,2025-03-11
message_ffd01f8bf392,event_cbcaed27118b,C043,2,operator,Сейчас отвечу по тарифам и помогу выбрать следующий шаг.,consultation,консультация,Кредитная карта,консультация по тарифам,neutral,2025-03-11
message_65a739cd2d5a,event_cbcaed27118b,C043,3,client,"Важно, чтобы решение было понятным и без скрытых условий.",consultation,консультация,Кредитная карта,консультация по тарифам,neutral,2025-03-11
message_40996692d437,event_cbcaed27118b,C043,4,client,Меня зовут Элеонора Олеговна Силина. Прошу учесть мой прошлый опыт и текущий продукт.,consultation,консультация,Кредитная карта,консультация по тарифам,neutral,2025-03-11
message_f33fada852f4,event_cbcaed27118b,C043,5,operator,Я вижу историю клиента и учитываю этап «консультация».,consultation,консультация,Кредитная карта,консультация по тарифам,neutral,2025-03-11
message_3f4d9a836e2a,event_cbcaed27118b,C043,6,system,Системное уведомление: история взаимодействий клиента обновлена.,consultation,консультация,Кредитная карта,консультация по тарифам,neutral,2025-03-11
message_ec7e9b168aa1,event_cbcaed27118b,C043,7,operator,"Информация передана в работу, ориентировочный срок решения зависит от проверки.",consultation,консультация,Кредитная карта,консультация по тарифам,neutral,2025-03-11
message_611122054321,event_912be879b778,C044,1,client,"Здравствуйте. Подскажите, пожалуйста, что важно знать про «Накопительный счет»?",introduction,знакомство,Накопительный счет,консультация по тарифам,neutral,2025-01-27
message_f9f4c3a8499c,event_912be879b778,C044,2,operator,Здравствуйте. Расскажу основные условия и помогу выбрать подходящий вариант.,introduction,знакомство,Накопительный счет,консультация по тарифам,neutral,2025-01-27
message_be1ca0f33e8d,event_912be879b778,C044,3,client,Можно ли получить подтверждение после завершения операции?,introduction,знакомство,Накопительный счет,консультация по тарифам,neutral,2025-01-27
message_afcbb4cec738,event_912be879b778,C044,4,system,Системное уведомление: настроение обращения определено как «neutral».,introduction,знакомство,Накопительный счет,консультация по тарифам,neutral,2025-01-27
message_c5caeac4c678,event_912be879b778,C044,5,client,Меня зовут Потапова Евпраксия Константиновна. Прошу учесть мой прошлый опыт и текущий продукт.,introduction,знакомство,Накопительный счет,консультация по тарифам,neutral,2025-01-27
message_b300161adf74,event_912be879b778,C044,6,system,Системное уведомление: история взаимодействий клиента обновлена.,introduction,знакомство,Накопительный счет,консультация по тарифам,neutral,2025-01-27
message_b96d2aa12139,event_912be879b778,C044,7,operator,Я вижу историю клиента и учитываю этап «знакомство».,introduction,знакомство,Накопительный счет,консультация по тарифам,neutral,2025-01-27
message_352ea3b88294,event_912be879b778,C044,8,operator,"Если появятся дополнительные вопросы, можно продолжить диалог в этом же канале.",introduction,знакомство,Накопительный счет,консультация по тарифам,neutral,2025-01-27
message_f818b27ab590,event_05228b6dd178,C045,1,client,Хочу оставить жалобу. По продукту «Дебетовая карта» возникла неприятная ситуация.,complaint,жалоба,Дебетовая карта,жалоба на обслуживание,neutral,2024-11-23
message_a82d7e272673,event_05228b6dd178,C045,2,operator,Понимаю ваше недовольство. Зафиксирую обращение и передам его в работу.,complaint,жалоба,Дебетовая карта,жалоба на обслуживание,neutral,2024-11-23
message_a214d1a0b859,event_05228b6dd178,C045,3,client,"Важно, чтобы решение было понятным и без скрытых условий.",complaint,жалоба,Дебетовая карта,жалоба на обслуживание,neutral,2024-11-23
message_952c49311e46,event_05228b6dd178,C045,4,system,Системное уведомление: история взаимодействий клиента обновлена.,complaint,жалоба,Дебетовая карта,жалоба на обслуживание,neutral,2024-11-23
message_2997287d5d02,event_05228b6dd178,C045,5,system,Системное уведомление: настроение обращения определено как «neutral».,complaint,жалоба,Дебетовая карта,жалоба на обслуживание,neutral,2024-11-23
message_381ca45202fa,event_05228b6dd178,C045,6,operator,"Информация передана в работу, ориентировочный срок решения зависит от проверки.",complaint,жалоба,Дебетовая карта,жалоба на обслуживание,neutral,2024-11-23
message_cc24d21606c5,event_22c136c0ba19,C045,1,client,"Подскажите, пожалуйста, как правильно действовать по теме «изменение персональных данных».",usage,использование продукта,Накопительный счет,изменение персональных данных,neutral,2024-11-11
message_ae63cbd0ec78,event_22c136c0ba19,C045,2,operator,Я помогу разобраться с использованием продукта.,usage,использование продукта,Накопительный счет,изменение персональных данных,neutral,2024-11-11
message_58f449555f98,event_22c136c0ba19,C045,3,client,"Важно, чтобы решение было понятным и без скрытых условий.",usage,использование продукта,Накопительный счет,изменение персональных данных,neutral,2024-11-11
message_d43bd9cd58b0,event_22c136c0ba19,C045,4,operator,"Если появятся дополнительные вопросы, можно продолжить диалог в этом же канале.",usage,использование продукта,Накопительный счет,изменение персональных данных,neutral,2024-11-11
message_82d49b3cf2ba,event_290849618577,C045,1,client,После последнего опыта я хочу уйти из банка.,churn,уход клиента,Дебетовая карта,жалоба на обслуживание,negative,2024-12-20
message_c681dfa3c4ab,event_290849618577,C045,2,operator,Сейчас оформим завершение обслуживания и подтвердим финальный статус.,churn,уход клиента,Дебетовая карта,жалоба на обслуживание,negative,2024-12-20
message_4f5ab66fd198,event_290849618577,C045,3,client,"Уточните, пожалуйста, это повлияет на мои текущие продукты?",churn,уход клиента,Дебетовая карта,жалоба на обслуживание,negative,2024-12-20
message_83c86399ab00,event_290849618577,C045,4,system,Системное уведомление: клиенту присвоен статус обращения «lost».,churn,уход клиента,Дебетовая карта,жалоба на обслуживание,negative,2024-12-20
message_f78fcf52ca58,event_290849618577,C045,5,client,Меня зовут Агафонов Мстислав Феоктистович. Прошу учесть мой прошлый опыт и текущий продукт.,churn,уход клиента,Дебетовая карта,жалоба на обслуживание,negative,2024-12-20
message_3a3341fc3ff4,event_290849618577,C045,6,operator,Я вижу историю клиента и учитываю этап «уход клиента».,churn,уход клиента,Дебетовая карта,жалоба на обслуживание,negative,2024-12-20
message_c7c76db87cf2,event_290849618577,C045,7,system,Системное уведомление: настроение обращения определено как «negative».,churn,уход клиента,Дебетовая карта,жалоба на обслуживание,negative,2024-12-20
message_8a967acf4a60,event_290849618577,C045,8,operator,Отправлю вам подтверждение и краткое резюме по теме «жалоба на обслуживание».,churn,уход клиента,Дебетовая карта,жалоба на обслуживание,negative,2024-12-20
message_a728c720ab56,event_42fe7392948e,C045,1,client,Добрый день. Я впервые обращаюсь в банк и хочу узнать про «Дебетовая карта».,introduction,знакомство,Дебетовая карта,консультация по тарифам,positive,2024-09-28
message_bdaa3fc8e175,event_42fe7392948e,C045,2,operator,"Добрый день. Сейчас поясню, как устроен продукт и какие шаги нужны.",introduction,знакомство,Дебетовая карта,консультация по тарифам,positive,2024-09-28
message_a17c3d018f67,event_42fe7392948e,C045,3,client,"Уточните, пожалуйста, это повлияет на мои текущие продукты?",introduction,знакомство,Дебетовая карта,консультация по тарифам,positive,2024-09-28
message_9ab5e0867948,event_42fe7392948e,C045,4,operator,Я вижу историю клиента и учитываю этап «знакомство».,introduction,знакомство,Дебетовая карта,консультация по тарифам,positive,2024-09-28
message_6b94c7173f03,event_42fe7392948e,C045,5,operator,"Если появятся дополнительные вопросы, можно продолжить диалог в этом же канале.",introduction,знакомство,Дебетовая карта,консультация по тарифам,positive,2024-09-28
message_5036e0177247,event_bdbd248e7958,C045,1,client,"Хочу оформить «Ипотека». Подскажите, что нужно сделать.",purchase,покупка,Ипотека,оформление продукта,negative,2024-10-16
message_8194282ef98f,event_bdbd248e7958,C045,2,operator,"Отлично, я помогу оформить заявку и проверю необходимые данные.",purchase,покупка,Ипотека,оформление продукта,negative,2024-10-16
message_ad14bbdf4e55,event_bdbd248e7958,C045,3,client,"Уточните, пожалуйста, это повлияет на мои текущие продукты?",purchase,покупка,Ипотека,оформление продукта,negative,2024-10-16
message_51f7adb4396f,event_bdbd248e7958,C045,4,client,Меня зовут Агафонов Мстислав Феоктистович. Прошу учесть мой прошлый опыт и текущий продукт.,purchase,покупка,Ипотека,оформление продукта,negative,2024-10-16
message_8e86a3dd752c,event_bdbd248e7958,C045,5,system,Системное уведомление: настроение обращения определено как «negative».,purchase,покупка,Ипотека,оформление продукта,negative,2024-10-16
message_66bd1289d773,event_bdbd248e7958,C045,6,system,Системное уведомление: история взаимодействий клиента обновлена.,purchase,покупка,Ипотека,оформление продукта,negative,2024-10-16
message_01a4c7b9f4f6,event_bdbd248e7958,C045,7,operator,"Если появятся дополнительные вопросы, можно продолжить диалог в этом же канале.",purchase,покупка,Ипотека,оформление продукта,negative,2024-10-16
message_1b41f9c5cbab,event_0199e3955865,C046,1,client,Я уже клиент банка и хочу оформить еще один продукт: «Страхование».,repeat_purchase,повторная покупка,Страхование,оформление продукта,positive,2025-06-29
message_f51d39230090,event_0199e3955865,C046,2,operator,Сейчас подберу вариант с учетом уже подключенных продуктов.,repeat_purchase,повторная покупка,Страхование,оформление продукта,positive,2025-06-29
message_33f1ef315ec6,event_0199e3955865,C046,3,client,"Важно, чтобы решение было понятным и без скрытых условий.",repeat_purchase,повторная покупка,Страхование,оформление продукта,positive,2025-06-29
message_f9ef3a53e9e5,event_0199e3955865,C046,4,system,Системное уведомление: тема обращения классифицирована как «оформление продукта».,repeat_purchase,повторная покупка,Страхование,оформление продукта,positive,2025-06-29
message_300434938447,event_0199e3955865,C046,5,system,Системное уведомление: настроение обращения определено как «positive».,repeat_purchase,повторная покупка,Страхование,оформление продукта,positive,2025-06-29
message_a65c368c0e11,event_0199e3955865,C046,6,client,Меня зовут Радислав Валерианович Крылов. Прошу учесть мой прошлый опыт и текущий продукт.,repeat_purchase,повторная покупка,Страхование,оформление продукта,positive,2025-06-29
message_26081b37bb0f,event_0199e3955865,C046,7,operator,Я вижу историю клиента и учитываю этап «повторная покупка».,repeat_purchase,повторная покупка,Страхование,оформление продукта,positive,2025-06-29
message_96d32504c2e8,event_0199e3955865,C046,8,operator,Я зафиксировал обращение. Статус сейчас: completed.,repeat_purchase,повторная покупка,Страхование,оформление продукта,positive,2025-06-29
message_7dc0e47653c3,event_20d03315c9a3,C046,1,client,"Помогите разобраться, подойдет ли мне «Инвестиционный счет».",consultation,консультация,Инвестиционный счет,условия продукта,positive,2024-12-14
message_83b1e7fb1071,event_20d03315c9a3,C046,2,operator,"Я уточню параметры и объясню, какой вариант подойдет лучше.",consultation,консультация,Инвестиционный счет,условия продукта,positive,2024-12-14
message_33ec34ee9b41,event_20d03315c9a3,C046,3,client,Мне удобнее продолжить общение через канал «телефон».,consultation,консультация,Инвестиционный счет,условия продукта,positive,2024-12-14
message_6e5da356ff5d,event_20d03315c9a3,C046,4,operator,Я вижу историю клиента и учитываю этап «консультация».,consultation,консультация,Инвестиционный счет,условия продукта,positive,2024-12-14
message_0801bcb492bd,event_20d03315c9a3,C046,5,system,Системное уведомление: обращение зарегистрировано и связано с продуктом «Инвестиционный счет».,consultation,консультация,Инвестиционный счет,условия продукта,positive,2024-12-14
message_45c5c90a2233,event_20d03315c9a3,C046,6,system,Системное уведомление: настроение обращения определено как «positive».,consultation,консультация,Инвестиционный счет,условия продукта,positive,2024-12-14
message_6e83c49049ce,event_20d03315c9a3,C046,7,client,Меня зовут Радислав Валерианович Крылов. Прошу учесть мой прошлый опыт и текущий продукт.,consultation,консультация,Инвестиционный счет,условия продукта,positive,2024-12-14
message_f82ee72ec334,event_20d03315c9a3,C046,8,operator,"Если появятся дополнительные вопросы, можно продолжить диалог в этом же канале.",consultation,консультация,Инвестиционный счет,условия продукта,positive,2024-12-14
message_00dc22e8bb6f,event_4c0c79e2b2bb,C046,1,client,Добрый день. Я впервые обращаюсь в банк и хочу узнать про «Инвестиционный счет».,introduction,знакомство,Инвестиционный счет,условия продукта,neutral,2024-11-19
message_ad60a5d19886,event_4c0c79e2b2bb,C046,2,operator,Здравствуйте. Я помогу сориентироваться по условиям и ограничениям.,introduction,знакомство,Инвестиционный счет,условия продукта,neutral,2024-11-19
message_d1d5b75d5e1c,event_4c0c79e2b2bb,C046,3,client,Мне удобнее продолжить общение через канал «телефон».,introduction,знакомство,Инвестиционный счет,условия продукта,neutral,2024-11-19
message_8cc09e9c5a64,event_4c0c79e2b2bb,C046,4,system,Системное уведомление: тема обращения классифицирована как «условия продукта».,introduction,знакомство,Инвестиционный счет,условия продукта,neutral,2024-11-19
message_19dd0683bc0c,event_4c0c79e2b2bb,C046,5,operator,Отправлю вам подтверждение и краткое резюме по теме «условия продукта».,introduction,знакомство,Инвестиционный счет,условия продукта,neutral,2024-11-19
message_12157d9c58a3,event_79f856de5d3a,C046,1,client,"После прошлой ситуации хочу понять, какие условия вы можете предложить.",retention,удержание,Ипотека,условия продукта,positive,2025-06-01
message_a3cf8673a35e,event_79f856de5d3a,C046,2,operator,"Мы ценим, что вы готовы продолжить обслуживание. Предложу варианты удержания.",retention,удержание,Ипотека,условия продукта,positive,2025-06-01
message_084553711428,event_79f856de5d3a,C046,3,client,"Уточните, пожалуйста, это повлияет на мои текущие продукты?",retention,удержание,Ипотека,условия продукта,positive,2025-06-01
message_a1ff60d8f16f,event_79f856de5d3a,C046,4,operator,Отправлю вам подтверждение и краткое резюме по теме «условия продукта».,retention,удержание,Ипотека,условия продукта,positive,2025-06-01
message_0a3f03add91b,event_7b20c3cf48ef,C046,1,client,Хочу сравнить условия по продукту «Инвестиционный счет» с текущими вариантами.,product_interest,интерес к продукту,Инвестиционный счет,консультация по тарифам,neutral,2024-12-01
message_c67113046acb,event_7b20c3cf48ef,C046,2,operator,Понимаю. Давайте уточним ваши цели и подберем подходящие условия.,product_interest,интерес к продукту,Инвестиционный счет,консультация по тарифам,neutral,2024-12-01
message_88dfe07197cf,event_7b20c3cf48ef,C046,3,client,"Важно, чтобы решение было понятным и без скрытых условий.",product_interest,интерес к продукту,Инвестиционный счет,консультация по тарифам,neutral,2024-12-01
message_baba7569aa6b,event_7b20c3cf48ef,C046,4,system,Системное уведомление: настроение обращения определено как «neutral».,product_interest,интерес к продукту,Инвестиционный счет,консультация по тарифам,neutral,2024-12-01
message_40d194f29265,event_7b20c3cf48ef,C046,5,operator,Я вижу историю клиента и учитываю этап «интерес к продукту».,product_interest,интерес к продукту,Инвестиционный счет,консультация по тарифам,neutral,2024-12-01
message_89e646228ad1,event_7b20c3cf48ef,C046,6,system,Системное уведомление: история взаимодействий клиента обновлена.,product_interest,интерес к продукту,Инвестиционный счет,консультация по тарифам,neutral,2024-12-01
message_e2b737a1c916,event_7b20c3cf48ef,C046,7,operator,"Информация передана в работу, ориентировочный срок решения зависит от проверки.",product_interest,интерес к продукту,Инвестиционный счет,консультация по тарифам,neutral,2024-12-01
message_7cc1296a7904,event_99c5681b4262,C046,1,client,"Хочу оформить «Ипотека». Подскажите, что нужно сделать.",purchase,покупка,Ипотека,условия продукта,positive,2025-01-01
message_ad4b40ec4bdf,event_99c5681b4262,C046,2,operator,Для оформления понадобится подтвердить данные и выбрать параметры продукта.,purchase,покупка,Ипотека,условия продукта,positive,2025-01-01
message_e6ddb10cc018,event_99c5681b4262,C046,3,client,Мне удобнее продолжить общение через канал «телефон».,purchase,покупка,Ипотека,условия продукта,positive,2025-01-01
message_990c4e882b95,event_99c5681b4262,C046,4,operator,Отправлю вам подтверждение и краткое резюме по теме «условия продукта».,purchase,покупка,Ипотека,условия продукта,positive,2025-01-01
message_a5ef0f17a067,event_d1d2d046f009,C046,1,client,"Мне сообщили, что вопрос почти решен. Подтвердите, пожалуйста.",problem_resolved,решение проблемы,Ипотека,жалоба на обслуживание,neutral,2025-04-17
message_f622cd3a2383,event_d1d2d046f009,C046,2,operator,"Вопрос решен. Я расскажу, что было сделано и как проверить результат.",problem_resolved,решение проблемы,Ипотека,жалоба на обслуживание,neutral,2025-04-17
message_a213d3e63324,event_d1d2d046f009,C046,3,client,Я хочу понимать сроки и что будет происходить дальше.,problem_resolved,решение проблемы,Ипотека,жалоба на обслуживание,neutral,2025-04-17
message_e84193f29391,event_d1d2d046f009,C046,4,operator,Я вижу историю клиента и учитываю этап «решение проблемы».,problem_resolved,решение проблемы,Ипотека,жалоба на обслуживание,neutral,2025-04-17
message_6b5212e80124,event_d1d2d046f009,C046,5,system,Системное уведомление: настроение обращения определено как «neutral».,problem_resolved,решение проблемы,Ипотека,жалоба на обслуживание,neutral,2025-04-17
message_f1d14669c53a,event_d1d2d046f009,C046,6,client,Меня зовут Радислав Валерианович Крылов. Прошу учесть мой прошлый опыт и текущий продукт.,problem_resolved,решение проблемы,Ипотека,жалоба на обслуживание,neutral,2025-04-17
message_9993f3b3dc61,event_d1d2d046f009,C046,7,system,Системное уведомление: клиенту присвоен статус обращения «resolved».,problem_resolved,решение проблемы,Ипотека,жалоба на обслуживание,neutral,2025-04-17
message_de0a5e0c44f1,event_d1d2d046f009,C046,8,operator,"Если появятся дополнительные вопросы, можно продолжить диалог в этом же канале.",problem_resolved,решение проблемы,Ипотека,жалоба на обслуживание,neutral,2025-04-17
message_579884fb5e14,event_dbee8fc7655a,C046,1,client,"Обращаюсь в поддержку, потому что есть проблема: блокировка карты.",support_question,вопрос в поддержку,Ипотека,блокировка карты,positive,2025-03-14
message_aeaec9a35681,event_dbee8fc7655a,C046,2,operator,"Давайте уточним детали проблемы, чтобы быстрее помочь.",support_question,вопрос в поддержку,Ипотека,блокировка карты,positive,2025-03-14
message_abf5d33fa005,event_dbee8fc7655a,C046,3,client,Можно ли получить подтверждение после завершения операции?,support_question,вопрос в поддержку,Ипотека,блокировка карты,positive,2025-03-14
message_1b53c4b5a6ed,event_dbee8fc7655a,C046,4,client,Меня зовут Радислав Валерианович Крылов. Прошу учесть мой прошлый опыт и текущий продукт.,support_question,вопрос в поддержку,Ипотека,блокировка карты,positive,2025-03-14
message_1ea7efabbf69,event_dbee8fc7655a,C046,5,operator,Я зафиксировал обращение. Статус сейчас: resolved.,support_question,вопрос в поддержку,Ипотека,блокировка карты,positive,2025-03-14
message_c246b76ee936,event_e42e836c5490,C046,1,client,Пользуюсь продуктом «Ипотека» и хочу уточнить вопрос: условия продукта.,usage,использование продукта,Ипотека,условия продукта,positive,2025-01-30
message_ff7c51c31800,event_e42e836c5490,C046,2,operator,Я помогу разобраться с использованием продукта.,usage,использование продукта,Ипотека,условия продукта,positive,2025-01-30
message_6a83d1f015d5,event_e42e836c5490,C046,3,client,"Важно, чтобы решение было понятным и без скрытых условий.",usage,использование продукта,Ипотека,условия продукта,positive,2025-01-30
message_08dfc0871686,event_e42e836c5490,C046,4,client,Меня зовут Радислав Валерианович Крылов. Прошу учесть мой прошлый опыт и текущий продукт.,usage,использование продукта,Ипотека,условия продукта,positive,2025-01-30
message_93444f1b26b6,event_e42e836c5490,C046,5,system,Системное уведомление: история взаимодействий клиента обновлена.,usage,использование продукта,Ипотека,условия продукта,positive,2025-01-30
message_3229af3e2f8c,event_e42e836c5490,C046,6,operator,Отправлю вам подтверждение и краткое резюме по теме «условия продукта».,usage,использование продукта,Ипотека,условия продукта,positive,2025-01-30
message_f19eacfee06f,event_0be825338bf1,C047,1,client,"Подскажите, пожалуйста, как правильно действовать по теме «изменение персональных данных».",usage,использование продукта,Кредитная карта,изменение персональных данных,neutral,2025-02-10
message_006130a7b7c2,event_0be825338bf1,C047,2,operator,Давайте посмотрим детали операции и найдем ответ.,usage,использование продукта,Кредитная карта,изменение персональных данных,neutral,2025-02-10
message_2a15557aa86f,event_0be825338bf1,C047,3,client,Можно ли получить подтверждение после завершения операции?,usage,использование продукта,Кредитная карта,изменение персональных данных,neutral,2025-02-10
message_5833243efc2e,event_0be825338bf1,C047,4,system,Системное уведомление: история взаимодействий клиента обновлена.,usage,использование продукта,Кредитная карта,изменение персональных данных,neutral,2025-02-10
message_c61554e01e91,event_0be825338bf1,C047,5,operator,Я вижу историю клиента и учитываю этап «использование продукта».,usage,использование продукта,Кредитная карта,изменение персональных данных,neutral,2025-02-10
message_3bd3ff0b3c02,event_0be825338bf1,C047,6,system,Системное уведомление: настроение обращения определено как «neutral».,usage,использование продукта,Кредитная карта,изменение персональных данных,neutral,2025-02-10
message_9896335540aa,event_0be825338bf1,C047,7,client,Меня зовут Ширяев Адриан Давыдович. Прошу учесть мой прошлый опыт и текущий продукт.,usage,использование продукта,Кредитная карта,изменение персональных данных,neutral,2025-02-10
message_7a351a295583,event_0be825338bf1,C047,8,operator,Отправлю вам подтверждение и краткое резюме по теме «изменение персональных данных».,usage,использование продукта,Кредитная карта,изменение персональных данных,neutral,2025-02-10
message_4771ff19a5eb,event_40ec4ea8ce5f,C047,1,client,"Здравствуйте. Подскажите, пожалуйста, что важно знать про «Потребительский кредит»?",introduction,знакомство,Потребительский кредит,консультация по тарифам,positive,2024-12-01
message_654a2210d663,event_40ec4ea8ce5f,C047,2,operator,Здравствуйте. Расскажу основные условия и помогу выбрать подходящий вариант.,introduction,знакомство,Потребительский кредит,консультация по тарифам,positive,2024-12-01
message_aae7c11c97ec,event_40ec4ea8ce5f,C047,3,client,Можно ли получить подтверждение после завершения операции?,introduction,знакомство,Потребительский кредит,консультация по тарифам,positive,2024-12-01
message_66e2c774801d,event_40ec4ea8ce5f,C047,4,system,Системное уведомление: настроение обращения определено как «positive».,introduction,знакомство,Потребительский кредит,консультация по тарифам,positive,2024-12-01
message_1653f18031a7,event_40ec4ea8ce5f,C047,5,operator,Отправлю вам подтверждение и краткое резюме по теме «консультация по тарифам».,introduction,знакомство,Потребительский кредит,консультация по тарифам,positive,2024-12-01
message_a6ede29fe69a,event_6e5bef8925ac,C047,1,client,После последнего опыта я хочу уйти из банка.,churn,уход клиента,Инвестиционный счет,закрытие продукта,negative,2025-04-02
message_87e1d5d71b0f,event_6e5bef8925ac,C047,2,operator,"Понимаю. Зафиксирую причину ухода и проверю, что нужно закрыть.",churn,уход клиента,Инвестиционный счет,закрытие продукта,negative,2025-04-02
message_96064b4ea54b,event_6e5bef8925ac,C047,3,client,"Уточните, пожалуйста, это повлияет на мои текущие продукты?",churn,уход клиента,Инвестиционный счет,закрытие продукта,negative,2025-04-02
message_4dbcf40a21c1,event_6e5bef8925ac,C047,4,system,Системное уведомление: настроение обращения определено как «negative».,churn,уход клиента,Инвестиционный счет,закрытие продукта,negative,2025-04-02
message_e8a3fe43a8d7,event_6e5bef8925ac,C047,5,operator,"Если появятся дополнительные вопросы, можно продолжить диалог в этом же канале.",churn,уход клиента,Инвестиционный счет,закрытие продукта,negative,2025-04-02
message_3714c9732387,event_817cdf84ce45,C047,1,client,Меня не устраивает качество обслуживания. Тема обращения: возврат средств.,complaint,жалоба,Потребительский кредит,возврат средств,negative,2025-03-17
message_98ea620d98ba,event_817cdf84ce45,C047,2,operator,"Мне жаль, что вы столкнулись с такой ситуацией. Я зарегистрирую жалобу.",complaint,жалоба,Потребительский кредит,возврат средств,negative,2025-03-17
message_1d011a0a78c8,event_817cdf84ce45,C047,3,client,Можно ли получить подтверждение после завершения операции?,complaint,жалоба,Потребительский кредит,возврат средств,negative,2025-03-17
message_02cf28799cd3,event_817cdf84ce45,C047,4,operator,Я вижу историю клиента и учитываю этап «жалоба».,complaint,жалоба,Потребительский кредит,возврат средств,negative,2025-03-17
message_7b6326a124d0,event_817cdf84ce45,C047,5,system,Системное уведомление: настроение обращения определено как «negative».,complaint,жалоба,Потребительский кредит,возврат средств,negative,2025-03-17
message_cc1b37aee94e,event_817cdf84ce45,C047,6,client,Меня зовут Ширяев Адриан Давыдович. Прошу учесть мой прошлый опыт и текущий продукт.,complaint,жалоба,Потребительский кредит,возврат средств,negative,2025-03-17
message_5ac63a82e588,event_817cdf84ce45,C047,7,operator,Я зафиксировал обращение. Статус сейчас: escalated.,complaint,жалоба,Потребительский кредит,возврат средств,negative,2025-03-17
message_dad3bf072a77,event_abe212840fef,C047,1,client,"Хочу оформить «Инвестиционный счет». Подскажите, что нужно сделать.",purchase,покупка,Инвестиционный счет,условия продукта,neutral,2024-12-28
message_5c362953f957,event_abe212840fef,C047,2,operator,Запускаю процесс оформления. Я буду сопровождать вас на каждом шаге.,purchase,покупка,Инвестиционный счет,условия продукта,neutral,2024-12-28
message_19e14ae1b1a7,event_abe212840fef,C047,3,client,"Важно, чтобы решение было понятным и без скрытых условий.",purchase,покупка,Инвестиционный счет,условия продукта,neutral,2024-12-28
message_998f341a674f,event_abe212840fef,C047,4,system,Системное уведомление: настроение обращения определено как «neutral».,purchase,покупка,Инвестиционный счет,условия продукта,neutral,2024-12-28
message_8dc45891d5b5,event_abe212840fef,C047,5,client,Меня зовут Ширяев Адриан Давыдович. Прошу учесть мой прошлый опыт и текущий продукт.,purchase,покупка,Инвестиционный счет,условия продукта,neutral,2024-12-28
message_3512780ecb91,event_abe212840fef,C047,6,system,Системное уведомление: тема обращения классифицирована как «условия продукта».,purchase,покупка,Инвестиционный счет,условия продукта,neutral,2024-12-28
message_9697a430a8c2,event_abe212840fef,C047,7,operator,Я вижу историю клиента и учитываю этап «покупка».,purchase,покупка,Инвестиционный счет,условия продукта,neutral,2024-12-28
message_7961293c0a7b,event_abe212840fef,C047,8,operator,"Если появятся дополнительные вопросы, можно продолжить диалог в этом же канале.",purchase,покупка,Инвестиционный счет,условия продукта,neutral,2024-12-28
message_f5e29a11718f,event_01c86a80c366,C048,1,client,Добрый день. Я впервые обращаюсь в банк и хочу узнать про «Накопительный счет».,introduction,знакомство,Накопительный счет,оформление продукта,positive,2024-12-15
message_ec9eb605937a,event_01c86a80c366,C048,2,operator,Здравствуйте. Я помогу сориентироваться по условиям и ограничениям.,introduction,знакомство,Накопительный счет,оформление продукта,positive,2024-12-15
message_d7c15d06b3b4,event_01c86a80c366,C048,3,client,"Уточните, пожалуйста, это повлияет на мои текущие продукты?",introduction,знакомство,Накопительный счет,оформление продукта,positive,2024-12-15
message_c07bfa905790,event_01c86a80c366,C048,4,operator,Я зафиксировал обращение. Статус сейчас: completed.,introduction,знакомство,Накопительный счет,оформление продукта,positive,2024-12-15
message_e532dbd7e115,event_67d6eb7a52e3,C048,1,client,Возвращаюсь по обращению «возврат средств». Хотелось бы понять результат.,problem_resolved,решение проблемы,Инвестиционный счет,возврат средств,neutral,2025-04-22
message_7ea9f35c76a0,event_67d6eb7a52e3,C048,2,operator,"По вашему обращению есть результат. Проблема закрыта, данные обновлены.",problem_resolved,решение проблемы,Инвестиционный счет,возврат средств,neutral,2025-04-22
message_d3776b18cefc,event_67d6eb7a52e3,C048,3,client,Я хочу понимать сроки и что будет происходить дальше.,problem_resolved,решение проблемы,Инвестиционный счет,возврат средств,neutral,2025-04-22
message_9ef3f57049a1,event_67d6eb7a52e3,C048,4,operator,Я вижу историю клиента и учитываю этап «решение проблемы».,problem_resolved,решение проблемы,Инвестиционный счет,возврат средств,neutral,2025-04-22
message_0fe86be0ae26,event_67d6eb7a52e3,C048,5,system,Системное уведомление: обращение зарегистрировано и связано с продуктом «Инвестиционный счет».,problem_resolved,решение проблемы,Инвестиционный счет,возврат средств,neutral,2025-04-22
message_b03e127d3957,event_67d6eb7a52e3,C048,6,client,Меня зовут Агата Анатольевна Рогова. Прошу учесть мой прошлый опыт и текущий продукт.,problem_resolved,решение проблемы,Инвестиционный счет,возврат средств,neutral,2025-04-22
message_99862a05da56,event_67d6eb7a52e3,C048,7,system,Системное уведомление: настроение обращения определено как «neutral».,problem_resolved,решение проблемы,Инвестиционный счет,возврат средств,neutral,2025-04-22
message_c7f969c3da98,event_67d6eb7a52e3,C048,8,operator,Отправлю вам подтверждение и краткое резюме по теме «возврат средств».,problem_resolved,решение проблемы,Инвестиционный счет,возврат средств,neutral,2025-04-22
message_29eeb28a584a,event_89f58a9c303d,C048,1,client,Я принял решение оформить «Потребительский кредит». Помогите завершить заявку.,purchase,покупка,Потребительский кредит,условия продукта,positive,2025-03-01
message_f1ef2dce4f6e,event_89f58a9c303d,C048,2,operator,Запускаю процесс оформления. Я буду сопровождать вас на каждом шаге.,purchase,покупка,Потребительский кредит,условия продукта,positive,2025-03-01
message_8e053dac363d,event_89f58a9c303d,C048,3,client,Можно ли получить подтверждение после завершения операции?,purchase,покупка,Потребительский кредит,условия продукта,positive,2025-03-01
message_eb92c3f4492c,event_89f58a9c303d,C048,4,operator,"Если появятся дополнительные вопросы, можно продолжить диалог в этом же канале.",purchase,покупка,Потребительский кредит,условия продукта,positive,2025-03-01
message_12f0e48136ae,event_c7b56b517d9e,C048,1,client,Нужна помощь по продукту «Инвестиционный счет»: возник вопрос «изменение персональных данных».,support_question,вопрос в поддержку,Инвестиционный счет,изменение персональных данных,neutral,2025-04-11
message_13eb74e42a30,event_c7b56b517d9e,C048,2,operator,Я зафиксировал вопрос и проверяю доступные действия.,support_question,вопрос в поддержку,Инвестиционный счет,изменение персональных данных,neutral,2025-04-11
message_bf1ea20b1709,event_c7b56b517d9e,C048,3,client,Я хочу понимать сроки и что будет происходить дальше.,support_question,вопрос в поддержку,Инвестиционный счет,изменение персональных данных,neutral,2025-04-11
message_119afd62ee32,event_c7b56b517d9e,C048,4,client,Меня зовут Агата Анатольевна Рогова. Прошу учесть мой прошлый опыт и текущий продукт.,support_question,вопрос в поддержку,Инвестиционный счет,изменение персональных данных,neutral,2025-04-11
message_b163f4adaf45,event_c7b56b517d9e,C048,5,system,Системное уведомление: история взаимодействий клиента обновлена.,support_question,вопрос в поддержку,Инвестиционный счет,изменение персональных данных,neutral,2025-04-11
message_29d11e6ca830,event_c7b56b517d9e,C048,6,operator,Я вижу историю клиента и учитываю этап «вопрос в поддержку».,support_question,вопрос в поддержку,Инвестиционный счет,изменение персональных данных,neutral,2025-04-11
message_b167d9ae7faa,event_c7b56b517d9e,C048,7,operator,Я зафиксировал обращение. Статус сейчас: resolved.,support_question,вопрос в поддержку,Инвестиционный счет,изменение персональных данных,neutral,2025-04-11
message_a005a9b40ea8,event_dd28fbb40f25,C048,1,client,Хочу сравнить условия по продукту «Страхование» с текущими вариантами.,product_interest,интерес к продукту,Страхование,консультация по тарифам,positive,2024-12-28
message_d0326b9e0eb9,event_dd28fbb40f25,C048,2,operator,"Могу рассказать про тариф, лимиты, комиссии и порядок оформления.",product_interest,интерес к продукту,Страхование,консультация по тарифам,positive,2024-12-28
message_b91c9c52b963,event_dd28fbb40f25,C048,3,client,Я хочу понимать сроки и что будет происходить дальше.,product_interest,интерес к продукту,Страхование,консультация по тарифам,positive,2024-12-28
message_1fc090ef2b97,event_dd28fbb40f25,C048,4,system,Системное уведомление: настроение обращения определено как «positive».,product_interest,интерес к продукту,Страхование,консультация по тарифам,positive,2024-12-28
message_9cf4d38285eb,event_dd28fbb40f25,C048,5,operator,"Информация передана в работу, ориентировочный срок решения зависит от проверки.",product_interest,интерес к продукту,Страхование,консультация по тарифам,positive,2024-12-28
message_bd949b26ba0a,event_e48895189837,C048,1,client,У меня есть вопрос по использованию продукта «Инвестиционный счет».,usage,использование продукта,Инвестиционный счет,комиссия,neutral,2025-03-14
message_cb1f362399a9,event_e48895189837,C048,2,operator,Давайте посмотрим детали операции и найдем ответ.,usage,использование продукта,Инвестиционный счет,комиссия,neutral,2025-03-14
message_bd1c0c4ed5ba,event_e48895189837,C048,3,client,Мне удобнее продолжить общение через канал «офис».,usage,использование продукта,Инвестиционный счет,комиссия,neutral,2025-03-14
message_805a4d33aba9,event_e48895189837,C048,4,system,Системное уведомление: история взаимодействий клиента обновлена.,usage,использование продукта,Инвестиционный счет,комиссия,neutral,2025-03-14
message_841d92ad6226,event_e48895189837,C048,5,system,Системное уведомление: настроение обращения определено как «neutral».,usage,использование продукта,Инвестиционный счет,комиссия,neutral,2025-03-14
message_fe226e234610,event_e48895189837,C048,6,operator,Я вижу историю клиента и учитываю этап «использование продукта».,usage,использование продукта,Инвестиционный счет,комиссия,neutral,2025-03-14
message_2e86f81eebf9,event_e48895189837,C048,7,client,Меня зовут Агата Анатольевна Рогова. Прошу учесть мой прошлый опыт и текущий продукт.,usage,использование продукта,Инвестиционный счет,комиссия,neutral,2025-03-14
message_70a615fafc43,event_e48895189837,C048,8,operator,"По этому обращению указан статус «completed», оценка удовлетворенности будет учтена.",usage,использование продукта,Инвестиционный счет,комиссия,neutral,2025-03-14
message_46502bf755e2,event_fb84c9525fb2,C048,1,client,"Нужна консультация по продукту «Ипотека», особенно по теме «консультация по тарифам».",consultation,консультация,Ипотека,консультация по тарифам,positive,2025-01-25
message_6608a1e37660,event_fb84c9525fb2,C048,2,operator,"Конечно, давайте разберем условия и возможные ограничения.",consultation,консультация,Ипотека,консультация по тарифам,positive,2025-01-25
message_d6c128128854,event_fb84c9525fb2,C048,3,client,Я хочу понимать сроки и что будет происходить дальше.,consultation,консультация,Ипотека,консультация по тарифам,positive,2025-01-25
message_7c1f0bf19af7,event_fb84c9525fb2,C048,4,system,Системное уведомление: настроение обращения определено как «positive».,consultation,консультация,Ипотека,консультация по тарифам,positive,2025-01-25
message_7929ec61dcd0,event_fb84c9525fb2,C048,5,operator,Я вижу историю клиента и учитываю этап «консультация».,consultation,консультация,Ипотека,консультация по тарифам,positive,2025-01-25
message_ac28640aacf2,event_fb84c9525fb2,C048,6,operator,"Информация передана в работу, ориентировочный срок решения зависит от проверки.",consultation,консультация,Ипотека,консультация по тарифам,positive,2025-01-25
message_ec46ae095c95,event_30f7917b9982,C049,1,client,У меня есть вопрос по использованию продукта «Инвестиционный счет».,usage,использование продукта,Инвестиционный счет,комиссия,positive,2025-01-29
message_65acb044325a,event_30f7917b9982,C049,2,operator,Сейчас проверю информацию по продукту и объясню порядок действий.,usage,использование продукта,Инвестиционный счет,комиссия,positive,2025-01-29
message_ebeeee7d5d97,event_30f7917b9982,C049,3,client,Можно ли получить подтверждение после завершения операции?,usage,использование продукта,Инвестиционный счет,комиссия,positive,2025-01-29
message_1eb3948c8c76,event_30f7917b9982,C049,4,system,Системное уведомление: тема обращения классифицирована как «комиссия».,usage,использование продукта,Инвестиционный счет,комиссия,positive,2025-01-29
message_0338b1d4d166,event_30f7917b9982,C049,5,operator,Я вижу историю клиента и учитываю этап «использование продукта».,usage,использование продукта,Инвестиционный счет,комиссия,positive,2025-01-29
message_4f07f33e452c,event_30f7917b9982,C049,6,client,Меня зовут Елизавета Афанасьевна Лихачева. Прошу учесть мой прошлый опыт и текущий продукт.,usage,использование продукта,Инвестиционный счет,комиссия,positive,2025-01-29
message_0d9f02598674,event_30f7917b9982,C049,7,operator,"По этому обращению указан статус «completed», оценка удовлетворенности будет учтена.",usage,использование продукта,Инвестиционный счет,комиссия,positive,2025-01-29
message_efe3f4ee9d9e,event_3cf2d02c98b0,C049,1,client,"Здравствуйте. Подскажите, пожалуйста, что важно знать про «Инвестиционный счет»?",introduction,знакомство,Инвестиционный счет,консультация по тарифам,neutral,2024-12-11
message_e514f68aa134,event_3cf2d02c98b0,C049,2,operator,Здравствуйте. Расскажу основные условия и помогу выбрать подходящий вариант.,introduction,знакомство,Инвестиционный счет,консультация по тарифам,neutral,2024-12-11
message_d6d0a3e06696,event_3cf2d02c98b0,C049,3,client,Можно ли получить подтверждение после завершения операции?,introduction,знакомство,Инвестиционный счет,консультация по тарифам,neutral,2024-12-11
message_4b8cb4b0e61c,event_3cf2d02c98b0,C049,4,operator,"Если появятся дополнительные вопросы, можно продолжить диалог в этом же канале.",introduction,знакомство,Инвестиционный счет,консультация по тарифам,neutral,2024-12-11
message_a04eff790dfd,event_3eaffd63f9b3,C049,1,client,"Не вижу смысла продолжать обслуживание, хочу завершить отношения с банком.",churn,уход клиента,Инвестиционный счет,закрытие продукта,negative,2025-05-21
message_3c36db8dda22,event_3eaffd63f9b3,C049,2,operator,Сейчас оформим завершение обслуживания и подтвердим финальный статус.,churn,уход клиента,Инвестиционный счет,закрытие продукта,negative,2025-05-21
message_96a2b6726470,event_3eaffd63f9b3,C049,3,client,Мне удобнее продолжить общение через канал «сайт».,churn,уход клиента,Инвестиционный счет,закрытие продукта,negative,2025-05-21
message_eacbc8e2ddcf,event_3eaffd63f9b3,C049,4,system,Системное уведомление: настроение обращения определено как «negative».,churn,уход клиента,Инвестиционный счет,закрытие продукта,negative,2025-05-21
message_7c59deca6d6b,event_3eaffd63f9b3,C049,5,operator,"По этому обращению указан статус «lost», оценка удовлетворенности будет учтена.",churn,уход клиента,Инвестиционный счет,закрытие продукта,negative,2025-05-21
message_6299ff9516c0,event_942d32ad8213,C049,1,client,Я принял решение оформить «Накопительный счет». Помогите завершить заявку.,purchase,покупка,Накопительный счет,условия продукта,positive,2024-12-29
message_da4def3f1daf,event_942d32ad8213,C049,2,operator,Для оформления понадобится подтвердить данные и выбрать параметры продукта.,purchase,покупка,Накопительный счет,условия продукта,positive,2024-12-29
message_498737c896c3,event_942d32ad8213,C049,3,client,Я хочу понимать сроки и что будет происходить дальше.,purchase,покупка,Накопительный счет,условия продукта,positive,2024-12-29
message_5cdc2aa58e02,event_942d32ad8213,C049,4,system,Системное уведомление: настроение обращения определено как «positive».,purchase,покупка,Накопительный счет,условия продукта,positive,2024-12-29
message_1dfbd6e33bfc,event_942d32ad8213,C049,5,operator,"По этому обращению указан статус «completed», оценка удовлетворенности будет учтена.",purchase,покупка,Накопительный счет,условия продукта,positive,2024-12-29
message_e76001874b8f,event_aad82a6c7be5,C049,1,client,Прошу передать обращение старшему специалисту. Вопрос по «Накопительный счет» не решен.,escalation,эскалация,Накопительный счет,жалоба на обслуживание,negative,2025-04-25
message_45916ec5be68,event_aad82a6c7be5,C049,2,operator,Я передаю обращение на следующий уровень поддержки и отмечаю срочность.,escalation,эскалация,Накопительный счет,жалоба на обслуживание,negative,2025-04-25
message_8652331cf8ff,event_aad82a6c7be5,C049,3,client,Я хочу понимать сроки и что будет происходить дальше.,escalation,эскалация,Накопительный счет,жалоба на обслуживание,negative,2025-04-25
message_6b56a1120a23,event_aad82a6c7be5,C049,4,system,Системное уведомление: обращение зарегистрировано и связано с продуктом «Накопительный счет».,escalation,эскалация,Накопительный счет,жалоба на обслуживание,negative,2025-04-25
message_a0782bbc372c,event_aad82a6c7be5,C049,5,operator,Я вижу историю клиента и учитываю этап «эскалация».,escalation,эскалация,Накопительный счет,жалоба на обслуживание,negative,2025-04-25
message_540c445f021d,event_aad82a6c7be5,C049,6,system,Системное уведомление: настроение обращения определено как «negative».,escalation,эскалация,Накопительный счет,жалоба на обслуживание,negative,2025-04-25
message_e21f5fbce7e4,event_aad82a6c7be5,C049,7,operator,Отправлю вам подтверждение и краткое резюме по теме «жалоба на обслуживание».,escalation,эскалация,Накопительный счет,жалоба на обслуживание,negative,2025-04-25
message_b7fef0e04e5c,event_efdf237f32d4,C049,1,client,Меня не устраивает качество обслуживания. Тема обращения: комиссия.,complaint,жалоба,Накопительный счет,комиссия,negative,2025-03-11
message_819072f51d6c,event_efdf237f32d4,C049,2,operator,"Мне жаль, что вы столкнулись с такой ситуацией. Я зарегистрирую жалобу.",complaint,жалоба,Накопительный счет,комиссия,negative,2025-03-11
message_8b5ed791036e,event_efdf237f32d4,C049,3,client,Мне удобнее продолжить общение через канал «телефон».,complaint,жалоба,Накопительный счет,комиссия,negative,2025-03-11
message_5bf61a55c7c7,event_efdf237f32d4,C049,4,system,Системное уведомление: настроение обращения определено как «negative».,complaint,жалоба,Накопительный счет,комиссия,negative,2025-03-11
message_e7eccea830ba,event_efdf237f32d4,C049,5,operator,"Информация передана в работу, ориентировочный срок решения зависит от проверки.",complaint,жалоба,Накопительный счет,комиссия,negative,2025-03-11
message_9b60882bfab3,event_24b00571fa17,C050,1,client,"Здравствуйте, хочу понять, как у вас работает продукт «Ипотека». Интересуют оформление продукта.",introduction,знакомство,Ипотека,оформление продукта,positive,2024-10-18
message_fd0e735c1126,event_24b00571fa17,C050,2,operator,Здравствуйте. Я помогу сориентироваться по условиям и ограничениям.,introduction,знакомство,Ипотека,оформление продукта,positive,2024-10-18
message_64b74802a4ff,event_24b00571fa17,C050,3,client,Я хочу понимать сроки и что будет происходить дальше.,introduction,знакомство,Ипотека,оформление продукта,positive,2024-10-18
message_9e5b5a14a2f4,event_24b00571fa17,C050,4,system,Системное уведомление: настроение обращения определено как «positive».,introduction,знакомство,Ипотека,оформление продукта,positive,2024-10-18
message_bac0f058c148,event_24b00571fa17,C050,5,system,Системное уведомление: клиенту присвоен статус обращения «completed».,introduction,знакомство,Ипотека,оформление продукта,positive,2024-10-18
message_95d82019d9e3,event_24b00571fa17,C050,6,client,Меня зовут Суханова Анжела Степановна. Прошу учесть мой прошлый опыт и текущий продукт.,introduction,знакомство,Ипотека,оформление продукта,positive,2024-10-18
message_b95d2ffdbb0f,event_24b00571fa17,C050,7,operator,Я зафиксировал обращение. Статус сейчас: completed.,introduction,знакомство,Ипотека,оформление продукта,positive,2024-10-18
