source,target,relation
Client::C001,City::Новосибирск,CLIENT_FROM_CITY
Client::C002,City::Новосибирск,CLIENT_FROM_CITY
Client::C003,City::Москва,CLIENT_FROM_CITY
Client::C004,City::Нижний Новгород,CLIENT_FROM_CITY
Client::C005,City::Пермь,CLIENT_FROM_CITY
Client::C006,City::Санкт-Петербург,CLIENT_FROM_CITY
Client::C007,City::Пермь,CLIENT_FROM_CITY
Client::C008,City::Пермь,CLIENT_FROM_CITY
Client::C009,City::Воронеж,CLIENT_FROM_CITY
Client::C010,City::Краснодар,CLIENT_FROM_CITY
Client::C011,City::Москва,CLIENT_FROM_CITY
Client::C012,City::Краснодар,CLIENT_FROM_CITY
Client::C013,City::Казань,CLIENT_FROM_CITY
Client::C014,City::Воронеж,CLIENT_FROM_CITY
Client::C015,City::Екатеринбург,CLIENT_FROM_CITY
Client::C016,City::Краснодар,CLIENT_FROM_CITY
Client::C017,City::Ростов-на-Дону,CLIENT_FROM_CITY
Client::C018,City::Пермь,CLIENT_FROM_CITY
Client::C019,City::Уфа,CLIENT_FROM_CITY
Client::C020,City::Нижний Новгород,CLIENT_FROM_CITY
Client::C021,City::Новосибирск,CLIENT_FROM_CITY
Client::C022,City::Ростов-на-Дону,CLIENT_FROM_CITY
Client::C023,City::Самара,CLIENT_FROM_CITY
Client::C024,City::Краснодар,CLIENT_FROM_CITY
Client::C025,City::Ростов-на-Дону,CLIENT_FROM_CITY
Client::C026,City::Новосибирск,CLIENT_FROM_CITY
Client::C027,City::Краснодар,CLIENT_FROM_CITY
Client::C028,City::Екатеринбург,CLIENT_FROM_CITY
Client::C029,City::Нижний Новгород,CLIENT_FROM_CITY
Client::C030,City::Казань,CLIENT_FROM_CITY
Client::C031,City::Пермь,CLIENT_FROM_CITY
Client::C032,City::Казань,CLIENT_FROM_CITY
Client::C033,City::Уфа,CLIENT_FROM_CITY
Client::C034,City::Москва,CLIENT_FROM_CITY
Client::C035,City::Казань,CLIENT_FROM_CITY
Client::C036,City::Ростов-на-Дону,CLIENT_FROM_CITY
Client::C037,City::Санкт-Петербург,CLIENT_FROM_CITY
Client::C038,City::Казань,CLIENT_FROM_CITY
Client::C039,City::Краснодар,CLIENT_FROM_CITY
Client::C040,City::Пермь,CLIENT_FROM_CITY
Client::C041,City::Екатеринбург,CLIENT_FROM_CITY
Client::C042,City::Самара,CLIENT_FROM_CITY
Client::C043,City::Краснодар,CLIENT_FROM_CITY
Client::C044,City::Новосибирск,CLIENT_FROM_CITY
Client::C045,City::Пермь,CLIENT_FROM_CITY
Client::C046,City::Санкт-Петербург,CLIENT_FROM_CITY
Client::C047,City::Ростов-на-Дону,CLIENT_FROM_CITY
Client::C048,City::Уфа,CLIENT_FROM_CITY
Client::C049,City::Уфа,CLIENT_FROM_CITY
Client::C050,City::Воронеж,CLIENT_FROM_CITY
Client::C001,Event::event_083e4c73eb20,CLIENT_HAS_EVENT
Client::C001,Event::event_13fa3c53a9e9,CLIENT_HAS_EVENT
Client::C001,Event::event_23cb234e9bed,CLIENT_HAS_EVENT
Client::C001,Event::event_27771ad1ae68,CLIENT_HAS_EVENT
Client::C001,Event::event_27f9b4ebb9c8,CLIENT_HAS_EVENT
Client::C001,Event::event_65d9b172fbc2,CLIENT_HAS_EVENT
Client::C001,Event::event_8c29135abac0,CLIENT_HAS_EVENT
Client::C001,Event::event_9574cad4294c,CLIENT_HAS_EVENT
Client::C002,Event::event_0d8e4d9e5b33,CLIENT_HAS_EVENT
Client::C002,Event::event_1d9133db1e58,CLIENT_HAS_EVENT
Client::C002,Event::event_240a45d6b2a1,CLIENT_HAS_EVENT
Client::C002,Event::event_33213a837f9a,CLIENT_HAS_EVENT
Client::C002,Event::event_7dce7853327a,CLIENT_HAS_EVENT
Client::C003,Event::event_76c822a306f4,CLIENT_HAS_EVENT
Client::C003,Event::event_8d7423c933c5,CLIENT_HAS_EVENT
Client::C003,Event::event_b1f221297bf6,CLIENT_HAS_EVENT
Client::C004,Event::event_1c0c1f40b7e7,CLIENT_HAS_EVENT
Client::C005,Event::event_32f0087e4868,CLIENT_HAS_EVENT
Client::C005,Event::event_793eb5cc3758,CLIENT_HAS_EVENT
Client::C005,Event::event_7c2d07c505cf,CLIENT_HAS_EVENT
Client::C005,Event::event_a05b43d094d4,CLIENT_HAS_EVENT
Client::C005,Event::event_e29857fe2fc9,CLIENT_HAS_EVENT
Client::C006,Event::event_a90922b8c751,CLIENT_HAS_EVENT
Client::C006,Event::event_cf43f0366792,CLIENT_HAS_EVENT
Client::C007,Event::event_0a092504170b,CLIENT_HAS_EVENT
Client::C007,Event::event_438d7c6d946a,CLIENT_HAS_EVENT
Client::C007,Event::event_7d25c29698b6,CLIENT_HAS_EVENT
Client::C007,Event::event_a12be4513720,CLIENT_HAS_EVENT
Client::C007,Event::event_ca232430e006,CLIENT_HAS_EVENT
Client::C007,Event::event_e45f9057a3b8,CLIENT_HAS_EVENT
Client::C008,Event::event_004fc7ecd9a4,CLIENT_HAS_EVENT
Client::C008,Event::event_993373bca03d,CLIENT_HAS_EVENT
Client::C008,Event::event_9b9f167c9e7e,CLIENT_HAS_EVENT
Client::C008,Event::event_a8f7a0d3ddb7,CLIENT_HAS_EVENT
Client::C008,Event::event_c69e5ebe6d36,CLIENT_HAS_EVENT
Client::C009,Event::event_1b7ae55a4026,CLIENT_HAS_EVENT
Client::C009,Event::event_681a0f4b121f,CLIENT_HAS_EVENT
Client::C009,Event::event_afcbbd08ccc2,CLIENT_HAS_EVENT
Client::C009,Event::event_bc755d97b28a,CLIENT_HAS_EVENT
Client::C009,Event::event_ec4b7dab592d,CLIENT_HAS_EVENT
Client::C009,Event::event_fe437fd3e3d4,CLIENT_HAS_EVENT
Client::C010,Event::event_0f5db095f94f,CLIENT_HAS_EVENT
Client::C010,Event::event_25b4a89b3bef,CLIENT_HAS_EVENT
Client::C010,Event::event_4f871ce9f1bd,CLIENT_HAS_EVENT
Client::C010,Event::event_6517e3a01960,CLIENT_HAS_EVENT
Client::C010,Event::event_8b188eea9d21,CLIENT_HAS_EVENT
Client::C010,Event::event_d71ea6919cd3,CLIENT_HAS_EVENT
Client::C010,Event::event_d768c0c7f4ab,CLIENT_HAS_EVENT
Client::C011,Event::event_01e204b94ee1,CLIENT_HAS_EVENT
Client::C011,Event::event_28f0d477a5e4,CLIENT_HAS_EVENT
Client::C011,Event::event_2ec6a02eb4ee,CLIENT_HAS_EVENT
Client::C011,Event::event_31297d57fdf6,CLIENT_HAS_EVENT
Client::C011,Event::event_9c0778bd1c34,CLIENT_HAS_EVENT
Client::C011,Event::event_a172b5c9ad5c,CLIENT_HAS_EVENT
Client::C011,Event::event_a461a9c10bb9,CLIENT_HAS_EVENT
Client::C011,Event::event_b4e5147fcef4,CLIENT_HAS_EVENT
Client::C011,Event::event_b5990ddd8e29,CLIENT_HAS_EVENT
Client::C011,Event::event_bf8e68242dbf,CLIENT_HAS_EVENT
Client::C011,Event::event_dee79f911a48,CLIENT_HAS_EVENT
Client::C012,Event::event_2f01b3a1fc29,CLIENT_HAS_EVENT
Client::C012,Event::event_3163dbb1dd58,CLIENT_HAS_EVENT
Client::C012,Event::event_4ca74c4f8d6f,CLIENT_HAS_EVENT
Client::C012,Event::event_4e947e9a6033,CLIENT_HAS_EVENT
Client::C012,Event::event_731191183003,CLIENT_HAS_EVENT
Client::C012,Event::event_92ec8a803166,CLIENT_HAS_EVENT
Client::C012,Event::event_a20ffd583ad5,CLIENT_HAS_EVENT
Client::C013,Event::event_f4e9f24b357b,CLIENT_HAS_EVENT
Client::C014,Event::event_1a2b9226c415,CLIENT_HAS_EVENT
Client::C014,Event::event_724d42d1789c,CLIENT_HAS_EVENT
Client::C014,Event::event_7cf7a4a696ab,CLIENT_HAS_EVENT
Client::C014,Event::event_880a377966a8,CLIENT_HAS_EVENT
Client::C014,Event::event_aaa83bff47f9,CLIENT_HAS_EVENT
Client::C014,Event::event_cb8713269890,CLIENT_HAS_EVENT
Client::C015,Event::event_315214396d17,CLIENT_HAS_EVENT
Client::C015,Event::event_37a69ac0b0a6,CLIENT_HAS_EVENT
Client::C015,Event::event_52cf5a4db90a,CLIENT_HAS_EVENT
Client::C015,Event::event_780c95fa24f1,CLIENT_HAS_EVENT
Client::C015,Event::event_7d4967c62c86,CLIENT_HAS_EVENT
Client::C015,Event::event_9ac0a2c77c0a,CLIENT_HAS_EVENT
Client::C015,Event::event_be602d892628,CLIENT_HAS_EVENT
Client::C015,Event::event_c5ee7537bdf4,CLIENT_HAS_EVENT
Client::C015,Event::event_c66fbad9f077,CLIENT_HAS_EVENT
Client::C015,Event::event_d4d88008ca4d,CLIENT_HAS_EVENT
Client::C015,Event::event_e854a4fa7f5b,CLIENT_HAS_EVENT
Client::C015,Event::event_f01ad024543e,CLIENT_HAS_EVENT
Client::C016,Event::event_1cd9e5524c45,CLIENT_HAS_EVENT
Client::C016,Event::event_1eec34c9d6ac,CLIENT_HAS_EVENT
Client::C016,Event::event_56e64ba3dc9a,CLIENT_HAS_EVENT
Client::C016,Event::event_794b9a0f37b6,CLIENT_HAS_EVENT
Client::C016,Event::event_8cdb82c9630e,CLIENT_HAS_EVENT
Client::C016,Event::event_ba3263fb68e2,CLIENT_HAS_EVENT
Client::C017,Event::event_1a168de29bae,CLIENT_HAS_EVENT
Client::C017,Event::event_293fd9715cf6,CLIENT_HAS_EVENT
Client::C017,Event::event_3143fb525d29,CLIENT_HAS_EVENT
Client::C017,Event::event_37ab80f3e370,CLIENT_HAS_EVENT
Client::C017,Event::event_5c5c58e9eb46,CLIENT_HAS_EVENT
Client::C017,Event::event_604dc9f58779,CLIENT_HAS_EVENT
Client::C017,Event::event_645b8f0d7ac7,CLIENT_HAS_EVENT
Client::C017,Event::event_6e0f45cec684,CLIENT_HAS_EVENT
Client::C017,Event::event_a3ab67050ec8,CLIENT_HAS_EVENT
Client::C017,Event::event_bc2d0529cad7,CLIENT_HAS_EVENT
Client::C017,Event::event_c11e16d4ef6a,CLIENT_HAS_EVENT
Client::C017,Event::event_d4e1bac7722d,CLIENT_HAS_EVENT
Client::C018,Event::event_e6cce9adca42,CLIENT_HAS_EVENT
Client::C019,Event::event_673480c6a584,CLIENT_HAS_EVENT
Client::C019,Event::event_852b55ae8ff6,CLIENT_HAS_EVENT
Client::C020,Event::event_569ef04a1039,CLIENT_HAS_EVENT
Client::C020,Event::event_7cf6fe1f85ab,CLIENT_HAS_EVENT
Client::C020,Event::event_9a47a4a80e64,CLIENT_HAS_EVENT
Client::C020,Event::event_bd0c35bb7dc6,CLIENT_HAS_EVENT
Client::C020,Event::event_c9fd547bd8c3,CLIENT_HAS_EVENT
Client::C020,Event::event_de84b1891874,CLIENT_HAS_EVENT
Client::C021,Event::event_93300e115221,CLIENT_HAS_EVENT
Client::C021,Event::event_fac32dcf828f,CLIENT_HAS_EVENT
Client::C022,Event::event_1e79f3245984,CLIENT_HAS_EVENT
Client::C022,Event::event_4e7ae3596ec3,CLIENT_HAS_EVENT
Client::C022,Event::event_eaa1eb95ebd7,CLIENT_HAS_EVENT
Client::C023,Event::event_005dbb194333,CLIENT_HAS_EVENT
Client::C023,Event::event_5b7c198b3863,CLIENT_HAS_EVENT
Client::C023,Event::event_a122f25f71aa,CLIENT_HAS_EVENT
Client::C024,Event::event_2f93c12b9343,CLIENT_HAS_EVENT
Client::C024,Event::event_4a37e700a4c3,CLIENT_HAS_EVENT
Client::C025,Event::event_441438e60397,CLIENT_HAS_EVENT
Client::C025,Event::event_8f387c590f91,CLIENT_HAS_EVENT
Client::C026,Event::event_16c059d72069,CLIENT_HAS_EVENT
Client::C026,Event::event_2ab5f4b56b35,CLIENT_HAS_EVENT
Client::C026,Event::event_ac67b3c3aba8,CLIENT_HAS_EVENT
Client::C027,Event::event_1984bd2072f5,CLIENT_HAS_EVENT
Client::C027,Event::event_40abdee785ad,CLIENT_HAS_EVENT
Client::C027,Event::event_9c644e806eb3,CLIENT_HAS_EVENT
Client::C028,Event::event_047691e49e5e,CLIENT_HAS_EVENT
Client::C028,Event::event_1b8c0b245bc3,CLIENT_HAS_EVENT
Client::C028,Event::event_4a2a3516b6b0,CLIENT_HAS_EVENT
Client::C028,Event::event_4c40be4187ce,CLIENT_HAS_EVENT
Client::C028,Event::event_a8b7981d734a,CLIENT_HAS_EVENT
Client::C028,Event::event_e346253f3775,CLIENT_HAS_EVENT
Client::C029,Event::event_8c9b8b24a51c,CLIENT_HAS_EVENT
Client::C029,Event::event_fe68a434f384,CLIENT_HAS_EVENT
Client::C030,Event::event_154df8b52a04,CLIENT_HAS_EVENT
Client::C030,Event::event_63d733506b6a,CLIENT_HAS_EVENT
Client::C030,Event::event_709479fb7e8e,CLIENT_HAS_EVENT
Client::C030,Event::event_72d3ee9df974,CLIENT_HAS_EVENT
Client::C030,Event::event_732177d7e241,CLIENT_HAS_EVENT
Client::C030,Event::event_914bc2b32205,CLIENT_HAS_EVENT
Client::C030,Event::event_d4148e149005,CLIENT_HAS_EVENT
Client::C030,Event::event_f8b3d29dfbdd,CLIENT_HAS_EVENT
Client::C031,Event::event_0cedd8d68f42,CLIENT_HAS_EVENT
Client::C032,Event::event_57dd986b4882,CLIENT_HAS_EVENT
Client::C032,Event::event_5abb571c5117,CLIENT_HAS_EVENT
Client::C032,Event::event_b1f09822f639,CLIENT_HAS_EVENT
Client::C032,Event::event_bd8bcd07b57e,CLIENT_HAS_EVENT
Client::C032,Event::event_f1e9d659c730,CLIENT_HAS_EVENT
Client::C033,Event::event_1abb12a15b95,CLIENT_HAS_EVENT
Client::C033,Event::event_7ba092af714b,CLIENT_HAS_EVENT
Client::C034,Event::event_7467e1f53e11,CLIENT_HAS_EVENT
Client::C034,Event::event_9123926b3608,CLIENT_HAS_EVENT
Client::C034,Event::event_992265af59e7,CLIENT_HAS_EVENT
Client::C034,Event::event_a19379081937,CLIENT_HAS_EVENT
Client::C034,Event::event_e059a5856228,CLIENT_HAS_EVENT
Client::C035,Event::event_0603c7fc1130,CLIENT_HAS_EVENT
Client::C035,Event::event_10c25891fbda,CLIENT_HAS_EVENT
Client::C035,Event::event_2eaeb68603d7,CLIENT_HAS_EVENT
Client::C035,Event::event_348be7346fb7,CLIENT_HAS_EVENT
Client::C035,Event::event_4f215353ec22,CLIENT_HAS_EVENT
Client::C035,Event::event_60c6aec57ebd,CLIENT_HAS_EVENT
Client::C035,Event::event_a430da8b72be,CLIENT_HAS_EVENT
Client::C035,Event::event_c99facc16dd8,CLIENT_HAS_EVENT
Client::C035,Event::event_ee4f49a3b398,CLIENT_HAS_EVENT
Client::C035,Event::event_ffc587b1db9e,CLIENT_HAS_EVENT
Client::C036,Event::event_169ee995e6d1,CLIENT_HAS_EVENT
Client::C036,Event::event_1e24bd1e959c,CLIENT_HAS_EVENT
Client::C036,Event::event_4ca460af6928,CLIENT_HAS_EVENT
Client::C036,Event::event_cfb60056cc33,CLIENT_HAS_EVENT
Client::C036,Event::event_d86bbedebbde,CLIENT_HAS_EVENT
Client::C036,Event::event_f1d9a60c299d,CLIENT_HAS_EVENT
Client::C036,Event::event_f3417982ce56,CLIENT_HAS_EVENT
Client::C036,Event::event_f74ea6506987,CLIENT_HAS_EVENT
Client::C037,Event::event_9061bb01cff7,CLIENT_HAS_EVENT
Client::C038,Event::event_0675734700e1,CLIENT_HAS_EVENT
Client::C038,Event::event_3bd032dadf3a,CLIENT_HAS_EVENT
Client::C038,Event::event_7d5785e0bf41,CLIENT_HAS_EVENT
Client::C038,Event::event_83f1aaa4343d,CLIENT_HAS_EVENT
Client::C038,Event::event_a5240b8f5ec4,CLIENT_HAS_EVENT
Client::C038,Event::event_c49c7657cd4b,CLIENT_HAS_EVENT
Client::C038,Event::event_c98eed443026,CLIENT_HAS_EVENT
Client::C039,Event::event_04b1ad977154,CLIENT_HAS_EVENT
Client::C039,Event::event_1b62139f57e9,CLIENT_HAS_EVENT
Client::C039,Event::event_68fa4b037b07,CLIENT_HAS_EVENT
Client::C039,Event::event_7122f74f5916,CLIENT_HAS_EVENT
Client::C039,Event::event_ad86c3b9249f,CLIENT_HAS_EVENT
Client::C039,Event::event_b081149bf60d,CLIENT_HAS_EVENT
Client::C040,Event::event_14b04203f743,CLIENT_HAS_EVENT
Client::C041,Event::event_018ef199ad16,CLIENT_HAS_EVENT
Client::C041,Event::event_1315f43b9ad3,CLIENT_HAS_EVENT
Client::C041,Event::event_54961ad78c04,CLIENT_HAS_EVENT
Client::C041,Event::event_62cf9e35e01b,CLIENT_HAS_EVENT
Client::C041,Event::event_b3954eeca9e2,CLIENT_HAS_EVENT
Client::C042,Event::event_2becb5ce4b6b,CLIENT_HAS_EVENT
Client::C042,Event::event_656353341612,CLIENT_HAS_EVENT
Client::C042,Event::event_668716fa5460,CLIENT_HAS_EVENT
Client::C042,Event::event_8b3d4b34b894,CLIENT_HAS_EVENT
Client::C042,Event::event_dc8caaca728d,CLIENT_HAS_EVENT
Client::C042,Event::event_fca8868fa5fe,CLIENT_HAS_EVENT
Client::C042,Event::event_fe07231b16b9,CLIENT_HAS_EVENT
Client::C043,Event::event_05d3dff4256f,CLIENT_HAS_EVENT
Client::C043,Event::event_0b7edc594afd,CLIENT_HAS_EVENT
Client::C043,Event::event_5d87fb0d500f,CLIENT_HAS_EVENT
Client::C043,Event::event_9ec728605a34,CLIENT_HAS_EVENT
Client::C043,Event::event_cbcaed27118b,CLIENT_HAS_EVENT
Client::C044,Event::event_912be879b778,CLIENT_HAS_EVENT
Client::C045,Event::event_05228b6dd178,CLIENT_HAS_EVENT
Client::C045,Event::event_22c136c0ba19,CLIENT_HAS_EVENT
Client::C045,Event::event_290849618577,CLIENT_HAS_EVENT
Client::C045,Event::event_42fe7392948e,CLIENT_HAS_EVENT
Client::C045,Event::event_bdbd248e7958,CLIENT_HAS_EVENT
Client::C046,Event::event_0199e3955865,CLIENT_HAS_EVENT
Client::C046,Event::event_20d03315c9a3,CLIENT_HAS_EVENT
Client::C046,Event::event_4c0c79e2b2bb,CLIENT_HAS_EVENT
Client::C046,Event::event_79f856de5d3a,CLIENT_HAS_EVENT
Client::C046,Event::event_7b20c3cf48ef,CLIENT_HAS_EVENT
Client::C046,Event::event_99c5681b4262,CLIENT_HAS_EVENT
Client::C046,Event::event_d1d2d046f009,CLIENT_HAS_EVENT
Client::C046,Event::event_dbee8fc7655a,CLIENT_HAS_EVENT
Client::C046,Event::event_e42e836c5490,CLIENT_HAS_EVENT
Client::C047,Event::event_0be825338bf1,CLIENT_HAS_EVENT
Client::C047,Event::event_40ec4ea8ce5f,CLIENT_HAS_EVENT
Client::C047,Event::event_6e5bef8925ac,CLIENT_HAS_EVENT
Client::C047,Event::event_817cdf84ce45,CLIENT_HAS_EVENT
Client::C047,Event::event_abe212840fef,CLIENT_HAS_EVENT
Client::C048,Event::event_01c86a80c366,CLIENT_HAS_EVENT
Client::C048,Event::event_67d6eb7a52e3,CLIENT_HAS_EVENT
Client::C048,Event::event_89f58a9c303d,CLIENT_HAS_EVENT
Client::C048,Event::event_c7b56b517d9e,CLIENT_HAS_EVENT
Client::C048,Event::event_dd28fbb40f25,CLIENT_HAS_EVENT
Client::C048,Event::event_e48895189837,CLIENT_HAS_EVENT
Client::C048,Event::event_fb84c9525fb2,CLIENT_HAS_EVENT
Client::C049,Event::event_30f7917b9982,CLIENT_HAS_EVENT
Client::C049,Event::event_3cf2d02c98b0,CLIENT_HAS_EVENT
Client::C049,Event::event_3eaffd63f9b3,CLIENT_HAS_EVENT
Client::C049,Event::event_942d32ad8213,CLIENT_HAS_EVENT
Client::C049,Event::event_aad82a6c7be5,CLIENT_HAS_EVENT
Client::C049,Event::event_efdf237f32d4,CLIENT_HAS_EVENT
Client::C050,Event::event_24b00571fa17,CLIENT_HAS_EVENT
Client::C001,Scenario::problematic_many_complaints,CLIENT_IN_SCENARIO
Client::C002,Scenario::complaint_resolved_return,CLIENT_IN_SCENARIO
Client::C003,Scenario::complaint_and_leave,CLIENT_IN_SCENARIO
Client::C004,Scenario::one_touch,CLIENT_IN_SCENARIO
Client::C005,Scenario::loyal_multi_product,CLIENT_IN_SCENARIO
Client::C006,Scenario::complaint_and_leave,CLIENT_IN_SCENARIO
Client::C007,Scenario::complaint_and_leave,CLIENT_IN_SCENARIO
Client::C008,Scenario::complaint_and_leave,CLIENT_IN_SCENARIO
Client::C009,Scenario::complaint_resolved_return,CLIENT_IN_SCENARIO
Client::C010,Scenario::happy_purchase,CLIENT_IN_SCENARIO
Client::C011,Scenario::repeat_purchase,CLIENT_IN_SCENARIO
Client::C012,Scenario::complaint_resolved_return,CLIENT_IN_SCENARIO
Client::C013,Scenario::one_touch,CLIENT_IN_SCENARIO
Client::C014,Scenario::loyal_multi_product,CLIENT_IN_SCENARIO
Client::C015,Scenario::problematic_many_complaints,CLIENT_IN_SCENARIO
Client::C016,Scenario::complaint_and_leave,CLIENT_IN_SCENARIO
Client::C017,Scenario::long_lifecycle,CLIENT_IN_SCENARIO
Client::C018,Scenario::one_touch,CLIENT_IN_SCENARIO
Client::C019,Scenario::complaint_and_leave,CLIENT_IN_SCENARIO
Client::C020,Scenario::complaint_resolved_return,CLIENT_IN_SCENARIO
Client::C021,Scenario::complaint_and_leave,CLIENT_IN_SCENARIO
Client::C022,Scenario::complaint_and_leave,CLIENT_IN_SCENARIO
Client::C023,Scenario::happy_purchase,CLIENT_IN_SCENARIO
Client::C024,Scenario::happy_purchase,CLIENT_IN_SCENARIO
Client::C025,Scenario::happy_purchase,CLIENT_IN_SCENARIO
Client::C026,Scenario::short_support,CLIENT_IN_SCENARIO
Client::C027,Scenario::complaint_and_leave,CLIENT_IN_SCENARIO
Client::C028,Scenario::complaint_resolved_return,CLIENT_IN_SCENARIO
Client::C029,Scenario::complaint_and_leave,CLIENT_IN_SCENARIO
Client::C030,Scenario::loyal_multi_product,CLIENT_IN_SCENARIO
Client::C031,Scenario::one_touch,CLIENT_IN_SCENARIO
Client::C032,Scenario::complaint_resolved_return,CLIENT_IN_SCENARIO
Client::C033,Scenario::complaint_and_leave,CLIENT_IN_SCENARIO
Client::C034,Scenario::repeat_purchase,CLIENT_IN_SCENARIO
Client::C035,Scenario::long_lifecycle,CLIENT_IN_SCENARIO
Client::C036,Scenario::loyal_multi_product,CLIENT_IN_SCENARIO
Client::C037,Scenario::one_touch,CLIENT_IN_SCENARIO
Client::C038,Scenario::happy_purchase,CLIENT_IN_SCENARIO
Client::C039,Scenario::complaint_and_leave,CLIENT_IN_SCENARIO
Client::C040,Scenario::one_touch,CLIENT_IN_SCENARIO
Client::C041,Scenario::complaint_resolved_return,CLIENT_IN_SCENARIO
Client::C042,Scenario::repeat_purchase,CLIENT_IN_SCENARIO
Client::C043,Scenario::happy_purchase,CLIENT_IN_SCENARIO
Client::C044,Scenario::one_touch,CLIENT_IN_SCENARIO
Client::C045,Scenario::complaint_and_leave,CLIENT_IN_SCENARIO
Client::C046,Scenario::long_lifecycle,CLIENT_IN_SCENARIO
Client::C047,Scenario::complaint_and_leave,CLIENT_IN_SCENARIO
Client::C048,Scenario::happy_purchase,CLIENT_IN_SCENARIO
Client::C049,Scenario::complaint_and_leave,CLIENT_IN_SCENARIO
Client::C050,Scenario::one_touch,CLIENT_IN_SCENARIO
Client::C001,Segment::sleeping,CLIENT_IN_SEGMENT
Client::C002,Segment::new,CLIENT_IN_SEGMENT
Client::C003,Segment::regular,CLIENT_IN_SEGMENT
Client::C004,Segment::new,CLIENT_IN_SEGMENT
Client::C005,Segment::regular,CLIENT_IN_SEGMENT
Client::C006,Segment::sleeping,CLIENT_IN_SEGMENT
Client::C007,Segment::problematic,CLIENT_IN_SEGMENT
Client::C008,Segment::loyal,CLIENT_IN_SEGMENT
Client::C009,Segment::new,CLIENT_IN_SEGMENT
Client::C010,Segment::sleeping,CLIENT_IN_SEGMENT
Client::C011,Segment::premium,CLIENT_IN_SEGMENT
Client::C012,Segment::loyal,CLIENT_IN_SEGMENT
Client::C013,Segment::regular,CLIENT_IN_SEGMENT
Client::C014,Segment::risk,CLIENT_IN_SEGMENT
Client::C015,Segment::problematic,CLIENT_IN_SEGMENT
Client::C016,Segment::premium,CLIENT_IN_SEGMENT
Client::C017,Segment::risk,CLIENT_IN_SEGMENT
Client::C018,Segment::new,CLIENT_IN_SEGMENT
Client::C019,Segment::premium,CLIENT_IN_SEGMENT
Client::C020,Segment::risk,CLIENT_IN_SEGMENT
Client::C021,Segment::problematic,CLIENT_IN_SEGMENT
Client::C022,Segment::problematic,CLIENT_IN_SEGMENT
Client::C023,Segment::premium,CLIENT_IN_SEGMENT
Client::C024,Segment::loyal,CLIENT_IN_SEGMENT
Client::C025,Segment::new,CLIENT_IN_SEGMENT
Client::C026,Segment::new,CLIENT_IN_SEGMENT
Client::C027,Segment::premium,CLIENT_IN_SEGMENT
Client::C028,Segment::risk,CLIENT_IN_SEGMENT
Client::C029,Segment::regular,CLIENT_IN_SEGMENT
Client::C030,Segment::new,CLIENT_IN_SEGMENT
Client::C031,Segment::regular,CLIENT_IN_SEGMENT
Client::C032,Segment::new,CLIENT_IN_SEGMENT
Client::C033,Segment::loyal,CLIENT_IN_SEGMENT
Client::C034,Segment::regular,CLIENT_IN_SEGMENT
Client::C035,Segment::new,CLIENT_IN_SEGMENT
Client::C036,Segment::problematic,CLIENT_IN_SEGMENT
Client::C037,Segment::regular,CLIENT_IN_SEGMENT
Client::C038,Segment::loyal,CLIENT_IN_SEGMENT
Client::C039,Segment::risk,CLIENT_IN_SEGMENT
Client::C040,Segment::new,CLIENT_IN_SEGMENT
Client::C041,Segment::regular,CLIENT_IN_SEGMENT
Client::C042,Segment::regular,CLIENT_IN_SEGMENT
Client::C043,Segment::new,CLIENT_IN_SEGMENT
Client::C044,Segment::new,CLIENT_IN_SEGMENT
Client::C045,Segment::regular,CLIENT_IN_SEGMENT
Client::C046,Segment::premium,CLIENT_IN_SEGMENT
Client::C047,Segment::problematic,CLIENT_IN_SEGMENT
Client::C048,Segment::regular,CLIENT_IN_SEGMENT
Client::C049,Segment::risk,CLIENT_IN_SEGMENT
Client::C050,Segment::regular,CLIENT_IN_SEGMENT
Event::event_004fc7ecd9a4,Product::Кредитная карта,EVENT_ABOUT_PRODUCT
Event::event_005dbb194333,Product::Потребительский кредит,EVENT_ABOUT_PRODUCT
Event::event_018ef199ad16,Product::Ипотека,EVENT_ABOUT_PRODUCT
Event::event_0199e3955865,Product::Страхование,EVENT_ABOUT_PRODUCT
Event::event_01c86a80c366,Product::Накопительный счет,EVENT_ABOUT_PRODUCT
Event::event_01e204b94ee1,Product::Кредитная карта,EVENT_ABOUT_PRODUCT
Event::event_047691e49e5e,Product::Дебетовая карта,EVENT_ABOUT_PRODUCT
Event::event_04b1ad977154,Product::Накопительный счет,EVENT_ABOUT_PRODUCT
Event::event_05228b6dd178,Product::Дебетовая карта,EVENT_ABOUT_PRODUCT
Event::event_05d3dff4256f,Product::Дебетовая карта,EVENT_ABOUT_PRODUCT
Event::event_0603c7fc1130,Product::Ипотека,EVENT_ABOUT_PRODUCT
Event::event_0675734700e1,Product::Дебетовая карта,EVENT_ABOUT_PRODUCT
Event::event_083e4c73eb20,Product::Страхование,EVENT_ABOUT_PRODUCT
Event::event_0a092504170b,Product::Кредитная карта,EVENT_ABOUT_PRODUCT
Event::event_0b7edc594afd,Product::Потребительский кредит,EVENT_ABOUT_PRODUCT
Event::event_0be825338bf1,Product::Кредитная карта,EVENT_ABOUT_PRODUCT
Event::event_0cedd8d68f42,Product::Потребительский кредит,EVENT_ABOUT_PRODUCT
Event::event_0d8e4d9e5b33,Product::Страхование,EVENT_ABOUT_PRODUCT
Event::event_0f5db095f94f,Product::Потребительский кредит,EVENT_ABOUT_PRODUCT
Event::event_10c25891fbda,Product::Накопительный счет,EVENT_ABOUT_PRODUCT
Event::event_1315f43b9ad3,Product::Ипотека,EVENT_ABOUT_PRODUCT
Event::event_13fa3c53a9e9,Product::Страхование,EVENT_ABOUT_PRODUCT
Event::event_14b04203f743,Product::Дебетовая карта,EVENT_ABOUT_PRODUCT
Event::event_154df8b52a04,Product::Инвестиционный счет,EVENT_ABOUT_PRODUCT
Event::event_169ee995e6d1,Product::Потребительский кредит,EVENT_ABOUT_PRODUCT
Event::event_16c059d72069,Product::Инвестиционный счет,EVENT_ABOUT_PRODUCT
Event::event_1984bd2072f5,Product::Страхование,EVENT_ABOUT_PRODUCT
Event::event_1a168de29bae,Product::Ипотека,EVENT_ABOUT_PRODUCT
Event::event_1a2b9226c415,Product::Инвестиционный счет,EVENT_ABOUT_PRODUCT
Event::event_1abb12a15b95,Product::Накопительный счет,EVENT_ABOUT_PRODUCT
Event::event_1b62139f57e9,Product::Ипотека,EVENT_ABOUT_PRODUCT
Event::event_1b7ae55a4026,Product::Потребительский кредит,EVENT_ABOUT_PRODUCT
Event::event_1b8c0b245bc3,Product::Накопительный счет,EVENT_ABOUT_PRODUCT
Event::event_1c0c1f40b7e7,Product::Ипотека,EVENT_ABOUT_PRODUCT
Event::event_1cd9e5524c45,Product::Ипотека,EVENT_ABOUT_PRODUCT
Event::event_1d9133db1e58,Product::Потребительский кредит,EVENT_ABOUT_PRODUCT
Event::event_1e24bd1e959c,Product::Инвестиционный счет,EVENT_ABOUT_PRODUCT
Event::event_1e79f3245984,Product::Инвестиционный счет,EVENT_ABOUT_PRODUCT
Event::event_1eec34c9d6ac,Product::Накопительный счет,EVENT_ABOUT_PRODUCT
Event::event_20d03315c9a3,Product::Инвестиционный счет,EVENT_ABOUT_PRODUCT
Event::event_22c136c0ba19,Product::Накопительный счет,EVENT_ABOUT_PRODUCT
Event::event_23cb234e9bed,Product::Страхование,EVENT_ABOUT_PRODUCT
Event::event_240a45d6b2a1,Product::Накопительный счет,EVENT_ABOUT_PRODUCT
Event::event_24b00571fa17,Product::Ипотека,EVENT_ABOUT_PRODUCT
Event::event_25b4a89b3bef,Product::Потребительский кредит,EVENT_ABOUT_PRODUCT
Event::event_27771ad1ae68,Product::Дебетовая карта,EVENT_ABOUT_PRODUCT
Event::event_27f9b4ebb9c8,Product::Страхование,EVENT_ABOUT_PRODUCT
Event::event_28f0d477a5e4,Product::Ипотека,EVENT_ABOUT_PRODUCT
Event::event_290849618577,Product::Дебетовая карта,EVENT_ABOUT_PRODUCT
Event::event_293fd9715cf6,Product::Дебетовая карта,EVENT_ABOUT_PRODUCT
Event::event_2ab5f4b56b35,Product::Ипотека,EVENT_ABOUT_PRODUCT
Event::event_2becb5ce4b6b,Product::Кредитная карта,EVENT_ABOUT_PRODUCT
Event::event_2eaeb68603d7,Product::Ипотека,EVENT_ABOUT_PRODUCT
Event::event_2ec6a02eb4ee,Product::Накопительный счет,EVENT_ABOUT_PRODUCT
Event::event_2f01b3a1fc29,Product::Дебетовая карта,EVENT_ABOUT_PRODUCT
Event::event_2f93c12b9343,Product::Страхование,EVENT_ABOUT_PRODUCT
Event::event_30f7917b9982,Product::Инвестиционный счет,EVENT_ABOUT_PRODUCT
Event::event_31297d57fdf6,Product::Ипотека,EVENT_ABOUT_PRODUCT
Event::event_3143fb525d29,Product::Страхование,EVENT_ABOUT_PRODUCT
Event::event_315214396d17,Product::Дебетовая карта,EVENT_ABOUT_PRODUCT
Event::event_3163dbb1dd58,Product::Дебетовая карта,EVENT_ABOUT_PRODUCT
Event::event_32f0087e4868,Product::Ипотека,EVENT_ABOUT_PRODUCT
Event::event_33213a837f9a,Product::Накопительный счет,EVENT_ABOUT_PRODUCT
Event::event_348be7346fb7,Product::Потребительский кредит,EVENT_ABOUT_PRODUCT
Event::event_37a69ac0b0a6,Product::Дебетовая карта,EVENT_ABOUT_PRODUCT
Event::event_37ab80f3e370,Product::Страхование,EVENT_ABOUT_PRODUCT
Event::event_3bd032dadf3a,Product::Дебетовая карта,EVENT_ABOUT_PRODUCT
Event::event_3cf2d02c98b0,Product::Инвестиционный счет,EVENT_ABOUT_PRODUCT
Event::event_3eaffd63f9b3,Product::Инвестиционный счет,EVENT_ABOUT_PRODUCT
Event::event_40abdee785ad,Product::Страхование,EVENT_ABOUT_PRODUCT
Event::event_40ec4ea8ce5f,Product::Потребительский кредит,EVENT_ABOUT_PRODUCT
Event::event_42fe7392948e,Product::Дебетовая карта,EVENT_ABOUT_PRODUCT
Event::event_438d7c6d946a,Product::Страхование,EVENT_ABOUT_PRODUCT
Event::event_441438e60397,Product::Потребительский кредит,EVENT_ABOUT_PRODUCT
Event::event_4a2a3516b6b0,Product::Страхование,EVENT_ABOUT_PRODUCT
Event::event_4a37e700a4c3,Product::Потребительский кредит,EVENT_ABOUT_PRODUCT
Event::event_4c0c79e2b2bb,Product::Инвестиционный счет,EVENT_ABOUT_PRODUCT
Event::event_4c40be4187ce,Product::Страхование,EVENT_ABOUT_PRODUCT
Event::event_4ca460af6928,Product::Накопительный счет,EVENT_ABOUT_PRODUCT
Event::event_4ca74c4f8d6f,Product::Дебетовая карта,EVENT_ABOUT_PRODUCT
Event::event_4e7ae3596ec3,Product::Дебетовая карта,EVENT_ABOUT_PRODUCT
Event::event_4e947e9a6033,Product::Накопительный счет,EVENT_ABOUT_PRODUCT
Event::event_4f215353ec22,Product::Потребительский кредит,EVENT_ABOUT_PRODUCT
Event::event_4f871ce9f1bd,Product::Инвестиционный счет,EVENT_ABOUT_PRODUCT
Event::event_52cf5a4db90a,Product::Накопительный счет,EVENT_ABOUT_PRODUCT
Event::event_54961ad78c04,Product::Страхование,EVENT_ABOUT_PRODUCT
Event::event_569ef04a1039,Product::Дебетовая карта,EVENT_ABOUT_PRODUCT
Event::event_56e64ba3dc9a,Product::Инвестиционный счет,EVENT_ABOUT_PRODUCT
Event::event_57dd986b4882,Product::Накопительный счет,EVENT_ABOUT_PRODUCT
Event::event_5abb571c5117,Product::Ипотека,EVENT_ABOUT_PRODUCT
Event::event_5b7c198b3863,Product::Ипотека,EVENT_ABOUT_PRODUCT
Event::event_5c5c58e9eb46,Product::Кредитная карта,EVENT_ABOUT_PRODUCT
Event::event_5d87fb0d500f,Product::Накопительный счет,EVENT_ABOUT_PRODUCT
Event::event_604dc9f58779,Product::Страхование,EVENT_ABOUT_PRODUCT
Event::event_60c6aec57ebd,Product::Страхование,EVENT_ABOUT_PRODUCT
Event::event_62cf9e35e01b,Product::Кредитная карта,EVENT_ABOUT_PRODUCT
Event::event_63d733506b6a,Product::Страхование,EVENT_ABOUT_PRODUCT
Event::event_645b8f0d7ac7,Product::Инвестиционный счет,EVENT_ABOUT_PRODUCT
Event::event_6517e3a01960,Product::Инвестиционный счет,EVENT_ABOUT_PRODUCT
Event::event_656353341612,Product::Ипотека,EVENT_ABOUT_PRODUCT
Event::event_65d9b172fbc2,Product::Страхование,EVENT_ABOUT_PRODUCT
Event::event_668716fa5460,Product::Страхование,EVENT_ABOUT_PRODUCT
Event::event_673480c6a584,Product::Ипотека,EVENT_ABOUT_PRODUCT
Event::event_67d6eb7a52e3,Product::Инвестиционный счет,EVENT_ABOUT_PRODUCT
Event::event_681a0f4b121f,Product::Кредитная карта,EVENT_ABOUT_PRODUCT
Event::event_68fa4b037b07,Product::Потребительский кредит,EVENT_ABOUT_PRODUCT
Event::event_6e0f45cec684,Product::Накопительный счет,EVENT_ABOUT_PRODUCT
Event::event_6e5bef8925ac,Product::Инвестиционный счет,EVENT_ABOUT_PRODUCT
Event::event_709479fb7e8e,Product::Инвестиционный счет,EVENT_ABOUT_PRODUCT
Event::event_7122f74f5916,Product::Накопительный счет,EVENT_ABOUT_PRODUCT
Event::event_724d42d1789c,Product::Потребительский кредит,EVENT_ABOUT_PRODUCT
Event::event_72d3ee9df974,Product::Страхование,EVENT_ABOUT_PRODUCT
Event::event_731191183003,Product::Дебетовая карта,EVENT_ABOUT_PRODUCT
Event::event_732177d7e241,Product::Инвестиционный счет,EVENT_ABOUT_PRODUCT
Event::event_7467e1f53e11,Product::Дебетовая карта,EVENT_ABOUT_PRODUCT
Event::event_76c822a306f4,Product::Кредитная карта,EVENT_ABOUT_PRODUCT
Event::event_780c95fa24f1,Product::Дебетовая карта,EVENT_ABOUT_PRODUCT
Event::event_793eb5cc3758,Product::Инвестиционный счет,EVENT_ABOUT_PRODUCT
Event::event_794b9a0f37b6,Product::Кредитная карта,EVENT_ABOUT_PRODUCT
Event::event_79f856de5d3a,Product::Ипотека,EVENT_ABOUT_PRODUCT
Event::event_7b20c3cf48ef,Product::Инвестиционный счет,EVENT_ABOUT_PRODUCT
Event::event_7ba092af714b,Product::Накопительный счет,EVENT_ABOUT_PRODUCT
Event::event_7c2d07c505cf,Product::Накопительный счет,EVENT_ABOUT_PRODUCT
Event::event_7cf6fe1f85ab,Product::Дебетовая карта,EVENT_ABOUT_PRODUCT
Event::event_7cf7a4a696ab,Product::Инвестиционный счет,EVENT_ABOUT_PRODUCT
Event::event_7d25c29698b6,Product::Кредитная карта,EVENT_ABOUT_PRODUCT
Event::event_7d4967c62c86,Product::Накопительный счет,EVENT_ABOUT_PRODUCT
Event::event_7d5785e0bf41,Product::Потребительский кредит,EVENT_ABOUT_PRODUCT
Event::event_7dce7853327a,Product::Накопительный счет,EVENT_ABOUT_PRODUCT
Event::event_817cdf84ce45,Product::Потребительский кредит,EVENT_ABOUT_PRODUCT
Event::event_83f1aaa4343d,Product::Дебетовая карта,EVENT_ABOUT_PRODUCT
Event::event_852b55ae8ff6,Product::Ипотека,EVENT_ABOUT_PRODUCT
Event::event_880a377966a8,Product::Инвестиционный счет,EVENT_ABOUT_PRODUCT
Event::event_89f58a9c303d,Product::Потребительский кредит,EVENT_ABOUT_PRODUCT
Event::event_8b188eea9d21,Product::Инвестиционный счет,EVENT_ABOUT_PRODUCT
Event::event_8b3d4b34b894,Product::Потребительский кредит,EVENT_ABOUT_PRODUCT
Event::event_8c29135abac0,Product::Страхование,EVENT_ABOUT_PRODUCT
Event::event_8c9b8b24a51c,Product::Инвестиционный счет,EVENT_ABOUT_PRODUCT
Event::event_8cdb82c9630e,Product::Инвестиционный счет,EVENT_ABOUT_PRODUCT
Event::event_8d7423c933c5,Product::Накопительный счет,EVENT_ABOUT_PRODUCT
Event::event_8f387c590f91,Product::Дебетовая карта,EVENT_ABOUT_PRODUCT
Event::event_9061bb01cff7,Product::Страхование,EVENT_ABOUT_PRODUCT
Event::event_9123926b3608,Product::Инвестиционный счет,EVENT_ABOUT_PRODUCT
Event::event_912be879b778,Product::Накопительный счет,EVENT_ABOUT_PRODUCT
Event::event_914bc2b32205,Product::Накопительный счет,EVENT_ABOUT_PRODUCT
Event::event_92ec8a803166,Product::Дебетовая карта,EVENT_ABOUT_PRODUCT
Event::event_93300e115221,Product::Ипотека,EVENT_ABOUT_PRODUCT
Event::event_942d32ad8213,Product::Накопительный счет,EVENT_ABOUT_PRODUCT
Event::event_9574cad4294c,Product::Страхование,EVENT_ABOUT_PRODUCT
Event::event_992265af59e7,Product::Потребительский кредит,EVENT_ABOUT_PRODUCT
Event::event_993373bca03d,Product::Кредитная карта,EVENT_ABOUT_PRODUCT
Event::event_99c5681b4262,Product::Ипотека,EVENT_ABOUT_PRODUCT
Event::event_9a47a4a80e64,Product::Дебетовая карта,EVENT_ABOUT_PRODUCT
Event::event_9ac0a2c77c0a,Product::Накопительный счет,EVENT_ABOUT_PRODUCT
Event::event_9b9f167c9e7e,Product::Дебетовая карта,EVENT_ABOUT_PRODUCT
Event::event_9c0778bd1c34,Product::Дебетовая карта,EVENT_ABOUT_PRODUCT
Event::event_9c644e806eb3,Product::Страхование,EVENT_ABOUT_PRODUCT
Event::event_9ec728605a34,Product::Дебетовая карта,EVENT_ABOUT_PRODUCT
Event::event_a05b43d094d4,Product::Инвестиционный счет,EVENT_ABOUT_PRODUCT
Event::event_a122f25f71aa,Product::Кредитная карта,EVENT_ABOUT_PRODUCT
Event::event_a12be4513720,Product::Кредитная карта,EVENT_ABOUT_PRODUCT
Event::event_a172b5c9ad5c,Product::Страхование,EVENT_ABOUT_PRODUCT
Event::event_a19379081937,Product::Дебетовая карта,EVENT_ABOUT_PRODUCT
Event::event_a20ffd583ad5,Product::Дебетовая карта,EVENT_ABOUT_PRODUCT
Event::event_a3ab67050ec8,Product::Потребительский кредит,EVENT_ABOUT_PRODUCT
Event::event_a430da8b72be,Product::Кредитная карта,EVENT_ABOUT_PRODUCT
Event::event_a461a9c10bb9,Product::Потребительский кредит,EVENT_ABOUT_PRODUCT
Event::event_a5240b8f5ec4,Product::Инвестиционный счет,EVENT_ABOUT_PRODUCT
Event::event_a8b7981d734a,Product::Кредитная карта,EVENT_ABOUT_PRODUCT
Event::event_a8f7a0d3ddb7,Product::Дебетовая карта,EVENT_ABOUT_PRODUCT
Event::event_a90922b8c751,Product::Кредитная карта,EVENT_ABOUT_PRODUCT
Event::event_aaa83bff47f9,Product::Ипотека,EVENT_ABOUT_PRODUCT
Event::event_aad82a6c7be5,Product::Накопительный счет,EVENT_ABOUT_PRODUCT
Event::event_abe212840fef,Product::Инвестиционный счет,EVENT_ABOUT_PRODUCT
Event::event_ac67b3c3aba8,Product::Инвестиционный счет,EVENT_ABOUT_PRODUCT
Event::event_ad86c3b9249f,Product::Страхование,EVENT_ABOUT_PRODUCT
Event::event_afcbbd08ccc2,Product::Ипотека,EVENT_ABOUT_PRODUCT
Event::event_b081149bf60d,Product::Накопительный счет,EVENT_ABOUT_PRODUCT
Event::event_b1f09822f639,Product::Ипотека,EVENT_ABOUT_PRODUCT
Event::event_b1f221297bf6,Product::Кредитная карта,EVENT_ABOUT_PRODUCT
Event::event_b3954eeca9e2,Product::Ипотека,EVENT_ABOUT_PRODUCT
Event::event_b4e5147fcef4,Product::Страхование,EVENT_ABOUT_PRODUCT
Event::event_b5990ddd8e29,Product::Страхование,EVENT_ABOUT_PRODUCT
Event::event_ba3263fb68e2,Product::Кредитная карта,EVENT_ABOUT_PRODUCT
Event::event_bc2d0529cad7,Product::Дебетовая карта,EVENT_ABOUT_PRODUCT
Event::event_bc755d97b28a,Product::Ипотека,EVENT_ABOUT_PRODUCT
Event::event_bd0c35bb7dc6,Product::Дебетовая карта,EVENT_ABOUT_PRODUCT
Event::event_bd8bcd07b57e,Product::Ипотека,EVENT_ABOUT_PRODUCT
Event::event_bdbd248e7958,Product::Ипотека,EVENT_ABOUT_PRODUCT
Event::event_be602d892628,Product::Накопительный счет,EVENT_ABOUT_PRODUCT
Event::event_bf8e68242dbf,Product::Страхование,EVENT_ABOUT_PRODUCT
Event::event_c11e16d4ef6a,Product::Страхование,EVENT_ABOUT_PRODUCT
Event::event_c49c7657cd4b,Product::Дебетовая карта,EVENT_ABOUT_PRODUCT
Event::event_c5ee7537bdf4,Product::Накопительный счет,EVENT_ABOUT_PRODUCT
Event::event_c66fbad9f077,Product::Накопительный счет,EVENT_ABOUT_PRODUCT
Event::event_c69e5ebe6d36,Product::Дебетовая карта,EVENT_ABOUT_PRODUCT
Event::event_c7b56b517d9e,Product::Инвестиционный счет,EVENT_ABOUT_PRODUCT
Event::event_c98eed443026,Product::Дебетовая карта,EVENT_ABOUT_PRODUCT
Event::event_c99facc16dd8,Product::Потребительский кредит,EVENT_ABOUT_PRODUCT
Event::event_c9fd547bd8c3,Product::Дебетовая карта,EVENT_ABOUT_PRODUCT
Event::event_ca232430e006,Product::Кредитная карта,EVENT_ABOUT_PRODUCT
Event::event_cb8713269890,Product::Потребительский кредит,EVENT_ABOUT_PRODUCT
Event::event_cbcaed27118b,Product::Кредитная карта,EVENT_ABOUT_PRODUCT
Event::event_cf43f0366792,Product::Кредитная карта,EVENT_ABOUT_PRODUCT
Event::event_cfb60056cc33,Product::Потребительский кредит,EVENT_ABOUT_PRODUCT
Event::event_d1d2d046f009,Product::Ипотека,EVENT_ABOUT_PRODUCT
Event::event_d4148e149005,Product::Ипотека,EVENT_ABOUT_PRODUCT
Event::event_d4d88008ca4d,Product::Дебетовая карта,EVENT_ABOUT_PRODUCT
Event::event_d4e1bac7722d,Product::Ипотека,EVENT_ABOUT_PRODUCT
Event::event_d71ea6919cd3,Product::Потребительский кредит,EVENT_ABOUT_PRODUCT
Event::event_d768c0c7f4ab,Product::Инвестиционный счет,EVENT_ABOUT_PRODUCT
Event::event_d86bbedebbde,Product::Накопительный счет,EVENT_ABOUT_PRODUCT
Event::event_dbee8fc7655a,Product::Ипотека,EVENT_ABOUT_PRODUCT
Event::event_dc8caaca728d,Product::Ипотека,EVENT_ABOUT_PRODUCT
Event::event_dd28fbb40f25,Product::Страхование,EVENT_ABOUT_PRODUCT
Event::event_de84b1891874,Product::Кредитная карта,EVENT_ABOUT_PRODUCT
Event::event_dee79f911a48,Product::Инвестиционный счет,EVENT_ABOUT_PRODUCT
Event::event_e059a5856228,Product::Потребительский кредит,EVENT_ABOUT_PRODUCT
Event::event_e29857fe2fc9,Product::Страхование,EVENT_ABOUT_PRODUCT
Event::event_e346253f3775,Product::Накопительный счет,EVENT_ABOUT_PRODUCT
Event::event_e42e836c5490,Product::Ипотека,EVENT_ABOUT_PRODUCT
Event::event_e45f9057a3b8,Product::Кредитная карта,EVENT_ABOUT_PRODUCT
Event::event_e48895189837,Product::Инвестиционный счет,EVENT_ABOUT_PRODUCT
Event::event_e6cce9adca42,Product::Дебетовая карта,EVENT_ABOUT_PRODUCT
Event::event_e854a4fa7f5b,Product::Дебетовая карта,EVENT_ABOUT_PRODUCT
Event::event_eaa1eb95ebd7,Product::Инвестиционный счет,EVENT_ABOUT_PRODUCT
Event::event_ec4b7dab592d,Product::Страхование,EVENT_ABOUT_PRODUCT
Event::event_ee4f49a3b398,Product::Ипотека,EVENT_ABOUT_PRODUCT
Event::event_efdf237f32d4,Product::Накопительный счет,EVENT_ABOUT_PRODUCT
Event::event_f01ad024543e,Product::Накопительный счет,EVENT_ABOUT_PRODUCT
Event::event_f1d9a60c299d,Product::Дебетовая карта,EVENT_ABOUT_PRODUCT
Event::event_f1e9d659c730,Product::Ипотека,EVENT_ABOUT_PRODUCT
Event::event_f3417982ce56,Product::Накопительный счет,EVENT_ABOUT_PRODUCT
Event::event_f4e9f24b357b,Product::Потребительский кредит,EVENT_ABOUT_PRODUCT
Event::event_f74ea6506987,Product::Дебетовая карта,EVENT_ABOUT_PRODUCT
Event::event_f8b3d29dfbdd,Product::Инвестиционный счет,EVENT_ABOUT_PRODUCT
Event::event_fac32dcf828f,Product::Ипотека,EVENT_ABOUT_PRODUCT
Event::event_fb84c9525fb2,Product::Ипотека,EVENT_ABOUT_PRODUCT
Event::event_fca8868fa5fe,Product::Ипотека,EVENT_ABOUT_PRODUCT
Event::event_fe07231b16b9,Product::Дебетовая карта,EVENT_ABOUT_PRODUCT
Event::event_fe437fd3e3d4,Product::Накопительный счет,EVENT_ABOUT_PRODUCT
Event::event_fe68a434f384,Product::Кредитная карта,EVENT_ABOUT_PRODUCT
Event::event_ffc587b1db9e,Product::Кредитная карта,EVENT_ABOUT_PRODUCT
Event::event_004fc7ecd9a4,Channel::email,EVENT_FROM_CHANNEL
Event::event_005dbb194333,Channel::мобильное приложение,EVENT_FROM_CHANNEL
Event::event_018ef199ad16,Channel::чат,EVENT_FROM_CHANNEL
Event::event_0199e3955865,Channel::телефон,EVENT_FROM_CHANNEL
Event::event_01c86a80c366,Channel::офис,EVENT_FROM_CHANNEL
Event::event_01e204b94ee1,Channel::мобильное приложение,EVENT_FROM_CHANNEL
Event::event_047691e49e5e,Channel::телефон,EVENT_FROM_CHANNEL
Event::event_04b1ad977154,Channel::чат,EVENT_FROM_CHANNEL
Event::event_05228b6dd178,Channel::офис,EVENT_FROM_CHANNEL
Event::event_05d3dff4256f,Channel::email,EVENT_FROM_CHANNEL
Event::event_0603c7fc1130,Channel::сайт,EVENT_FROM_CHANNEL
Event::event_0675734700e1,Channel::чат,EVENT_FROM_CHANNEL
Event::event_083e4c73eb20,Channel::телефон,EVENT_FROM_CHANNEL
Event::event_0a092504170b,Channel::сайт,EVENT_FROM_CHANNEL
Event::event_0b7edc594afd,Channel::сайт,EVENT_FROM_CHANNEL
Event::event_0be825338bf1,Channel::сайт,EVENT_FROM_CHANNEL
Event::event_0cedd8d68f42,Channel::чат,EVENT_FROM_CHANNEL
Event::event_0d8e4d9e5b33,Channel::чат,EVENT_FROM_CHANNEL
Event::event_0f5db095f94f,Channel::офис,EVENT_FROM_CHANNEL
Event::event_10c25891fbda,Channel::телефон,EVENT_FROM_CHANNEL
Event::event_1315f43b9ad3,Channel::чат,EVENT_FROM_CHANNEL
Event::event_13fa3c53a9e9,Channel::сайт,EVENT_FROM_CHANNEL
Event::event_14b04203f743,Channel::офис,EVENT_FROM_CHANNEL
Event::event_154df8b52a04,Channel::офис,EVENT_FROM_CHANNEL
Event::event_169ee995e6d1,Channel::сайт,EVENT_FROM_CHANNEL
Event::event_16c059d72069,Channel::телефон,EVENT_FROM_CHANNEL
Event::event_1984bd2072f5,Channel::офис,EVENT_FROM_CHANNEL
Event::event_1a168de29bae,Channel::чат,EVENT_FROM_CHANNEL
Event::event_1a2b9226c415,Channel::сайт,EVENT_FROM_CHANNEL
Event::event_1abb12a15b95,Channel::сайт,EVENT_FROM_CHANNEL
Event::event_1b62139f57e9,Channel::мобильное приложение,EVENT_FROM_CHANNEL
Event::event_1b7ae55a4026,Channel::email,EVENT_FROM_CHANNEL
Event::event_1b8c0b245bc3,Channel::телефон,EVENT_FROM_CHANNEL
Event::event_1c0c1f40b7e7,Channel::чат,EVENT_FROM_CHANNEL
Event::event_1cd9e5524c45,Channel::сайт,EVENT_FROM_CHANNEL
Event::event_1d9133db1e58,Channel::чат,EVENT_FROM_CHANNEL
Event::event_1e24bd1e959c,Channel::мобильное приложение,EVENT_FROM_CHANNEL
Event::event_1e79f3245984,Channel::чат,EVENT_FROM_CHANNEL
Event::event_1eec34c9d6ac,Channel::мобильное приложение,EVENT_FROM_CHANNEL
Event::event_20d03315c9a3,Channel::телефон,EVENT_FROM_CHANNEL
Event::event_22c136c0ba19,Channel::email,EVENT_FROM_CHANNEL
Event::event_23cb234e9bed,Channel::офис,EVENT_FROM_CHANNEL
Event::event_240a45d6b2a1,Channel::чат,EVENT_FROM_CHANNEL
Event::event_24b00571fa17,Channel::email,EVENT_FROM_CHANNEL
Event::event_25b4a89b3bef,Channel::чат,EVENT_FROM_CHANNEL
Event::event_27771ad1ae68,Channel::email,EVENT_FROM_CHANNEL
Event::event_27f9b4ebb9c8,Channel::сайт,EVENT_FROM_CHANNEL
Event::event_28f0d477a5e4,Channel::мобильное приложение,EVENT_FROM_CHANNEL
Event::event_290849618577,Channel::чат,EVENT_FROM_CHANNEL
Event::event_293fd9715cf6,Channel::мобильное приложение,EVENT_FROM_CHANNEL
Event::event_2ab5f4b56b35,Channel::email,EVENT_FROM_CHANNEL
Event::event_2becb5ce4b6b,Channel::чат,EVENT_FROM_CHANNEL
Event::event_2eaeb68603d7,Channel::телефон,EVENT_FROM_CHANNEL
Event::event_2ec6a02eb4ee,Channel::мобильное приложение,EVENT_FROM_CHANNEL
Event::event_2f01b3a1fc29,Channel::телефон,EVENT_FROM_CHANNEL
Event::event_2f93c12b9343,Channel::чат,EVENT_FROM_CHANNEL
Event::event_30f7917b9982,Channel::сайт,EVENT_FROM_CHANNEL
Event::event_31297d57fdf6,Channel::чат,EVENT_FROM_CHANNEL
Event::event_3143fb525d29,Channel::офис,EVENT_FROM_CHANNEL
Event::event_315214396d17,Channel::сайт,EVENT_FROM_CHANNEL
Event::event_3163dbb1dd58,Channel::мобильное приложение,EVENT_FROM_CHANNEL
Event::event_32f0087e4868,Channel::мобильное приложение,EVENT_FROM_CHANNEL
Event::event_33213a837f9a,Channel::чат,EVENT_FROM_CHANNEL
Event::event_348be7346fb7,Channel::телефон,EVENT_FROM_CHANNEL
Event::event_37a69ac0b0a6,Channel::сайт,EVENT_FROM_CHANNEL
Event::event_37ab80f3e370,Channel::чат,EVENT_FROM_CHANNEL
Event::event_3bd032dadf3a,Channel::чат,EVENT_FROM_CHANNEL
Event::event_3cf2d02c98b0,Channel::сайт,EVENT_FROM_CHANNEL
Event::event_3eaffd63f9b3,Channel::сайт,EVENT_FROM_CHANNEL
Event::event_40abdee785ad,Channel::мобильное приложение,EVENT_FROM_CHANNEL
Event::event_40ec4ea8ce5f,Channel::сайт,EVENT_FROM_CHANNEL
Event::event_42fe7392948e,Channel::email,EVENT_FROM_CHANNEL
Event::event_438d7c6d946a,Channel::чат,EVENT_FROM_CHANNEL
Event::event_441438e60397,Channel::чат,EVENT_FROM_CHANNEL
Event::event_4a2a3516b6b0,Channel::сайт,EVENT_FROM_CHANNEL
Event::event_4a37e700a4c3,Channel::email,EVENT_FROM_CHANNEL
Event::event_4c0c79e2b2bb,Channel::телефон,EVENT_FROM_CHANNEL
Event::event_4c40be4187ce,Channel::телефон,EVENT_FROM_CHANNEL
Event::event_4ca460af6928,Channel::мобильное приложение,EVENT_FROM_CHANNEL
Event::event_4ca74c4f8d6f,Channel::мобильное приложение,EVENT_FROM_CHANNEL
Event::event_4e7ae3596ec3,Channel::чат,EVENT_FROM_CHANNEL
Event::event_4e947e9a6033,Channel::офис,EVENT_FROM_CHANNEL
Event::event_4f215353ec22,Channel::телефон,EVENT_FROM_CHANNEL
Event::event_4f871ce9f1bd,Channel::офис,EVENT_FROM_CHANNEL
Event::event_52cf5a4db90a,Channel::сайт,EVENT_FROM_CHANNEL
Event::event_54961ad78c04,Channel::чат,EVENT_FROM_CHANNEL
Event::event_569ef04a1039,Channel::телефон,EVENT_FROM_CHANNEL
Event::event_56e64ba3dc9a,Channel::сайт,EVENT_FROM_CHANNEL
Event::event_57dd986b4882,Channel::чат,EVENT_FROM_CHANNEL
Event::event_5abb571c5117,Channel::сайт,EVENT_FROM_CHANNEL
Event::event_5b7c198b3863,Channel::мобильное приложение,EVENT_FROM_CHANNEL
Event::event_5c5c58e9eb46,Channel::чат,EVENT_FROM_CHANNEL
Event::event_5d87fb0d500f,Channel::email,EVENT_FROM_CHANNEL
Event::event_604dc9f58779,Channel::чат,EVENT_FROM_CHANNEL
Event::event_60c6aec57ebd,Channel::чат,EVENT_FROM_CHANNEL
Event::event_62cf9e35e01b,Channel::чат,EVENT_FROM_CHANNEL
Event::event_63d733506b6a,Channel::офис,EVENT_FROM_CHANNEL
Event::event_645b8f0d7ac7,Channel::чат,EVENT_FROM_CHANNEL
Event::event_6517e3a01960,Channel::мобильное приложение,EVENT_FROM_CHANNEL
Event::event_656353341612,Channel::чат,EVENT_FROM_CHANNEL
Event::event_65d9b172fbc2,Channel::сайт,EVENT_FROM_CHANNEL
Event::event_668716fa5460,Channel::чат,EVENT_FROM_CHANNEL
Event::event_673480c6a584,Channel::чат,EVENT_FROM_CHANNEL
Event::event_67d6eb7a52e3,Channel::офис,EVENT_FROM_CHANNEL
Event::event_681a0f4b121f,Channel::email,EVENT_FROM_CHANNEL
Event::event_68fa4b037b07,Channel::чат,EVENT_FROM_CHANNEL
Event::event_6e0f45cec684,Channel::офис,EVENT_FROM_CHANNEL
Event::event_6e5bef8925ac,Channel::чат,EVENT_FROM_CHANNEL
Event::event_709479fb7e8e,Channel::офис,EVENT_FROM_CHANNEL
Event::event_7122f74f5916,Channel::мобильное приложение,EVENT_FROM_CHANNEL
Event::event_724d42d1789c,Channel::сайт,EVENT_FROM_CHANNEL
Event::event_72d3ee9df974,Channel::офис,EVENT_FROM_CHANNEL
Event::event_731191183003,Channel::офис,EVENT_FROM_CHANNEL
Event::event_732177d7e241,Channel::офис,EVENT_FROM_CHANNEL
Event::event_7467e1f53e11,Channel::телефон,EVENT_FROM_CHANNEL
Event::event_76c822a306f4,Channel::чат,EVENT_FROM_CHANNEL
Event::event_780c95fa24f1,Channel::email,EVENT_FROM_CHANNEL
Event::event_793eb5cc3758,Channel::чат,EVENT_FROM_CHANNEL
Event::event_794b9a0f37b6,Channel::сайт,EVENT_FROM_CHANNEL
Event::event_79f856de5d3a,Channel::офис,EVENT_FROM_CHANNEL
Event::event_7b20c3cf48ef,Channel::офис,EVENT_FROM_CHANNEL
Event::event_7ba092af714b,Channel::сайт,EVENT_FROM_CHANNEL
Event::event_7c2d07c505cf,Channel::чат,EVENT_FROM_CHANNEL
Event::event_7cf6fe1f85ab,Channel::мобильное приложение,EVENT_FROM_CHANNEL
Event::event_7cf7a4a696ab,Channel::сайт,EVENT_FROM_CHANNEL
Event::event_7d25c29698b6,Channel::мобильное приложение,EVENT_FROM_CHANNEL
Event::event_7d4967c62c86,Channel::чат,EVENT_FROM_CHANNEL
Event::event_7d5785e0bf41,Channel::телефон,EVENT_FROM_CHANNEL
Event::event_7dce7853327a,Channel::email,EVENT_FROM_CHANNEL
Event::event_817cdf84ce45,Channel::сайт,EVENT_FROM_CHANNEL
Event::event_83f1aaa4343d,Channel::телефон,EVENT_FROM_CHANNEL
Event::event_852b55ae8ff6,Channel::чат,EVENT_FROM_CHANNEL
Event::event_880a377966a8,Channel::email,EVENT_FROM_CHANNEL
Event::event_89f58a9c303d,Channel::мобильное приложение,EVENT_FROM_CHANNEL
Event::event_8b188eea9d21,Channel::офис,EVENT_FROM_CHANNEL
Event::event_8b3d4b34b894,Channel::чат,EVENT_FROM_CHANNEL
Event::event_8c29135abac0,Channel::офис,EVENT_FROM_CHANNEL
Event::event_8c9b8b24a51c,Channel::мобильное приложение,EVENT_FROM_CHANNEL
Event::event_8cdb82c9630e,Channel::офис,EVENT_FROM_CHANNEL
Event::event_8d7423c933c5,Channel::чат,EVENT_FROM_CHANNEL
Event::event_8f387c590f91,Channel::чат,EVENT_FROM_CHANNEL
Event::event_9061bb01cff7,Channel::мобильное приложение,EVENT_FROM_CHANNEL
Event::event_9123926b3608,Channel::чат,EVENT_FROM_CHANNEL
Event::event_912be879b778,Channel::телефон,EVENT_FROM_CHANNEL
Event::event_914bc2b32205,Channel::чат,EVENT_FROM_CHANNEL
Event::event_92ec8a803166,Channel::email,EVENT_FROM_CHANNEL
Event::event_93300e115221,Channel::мобильное приложение,EVENT_FROM_CHANNEL
Event::event_942d32ad8213,Channel::чат,EVENT_FROM_CHANNEL
Event::event_9574cad4294c,Channel::мобильное приложение,EVENT_FROM_CHANNEL
Event::event_992265af59e7,Channel::офис,EVENT_FROM_CHANNEL
Event::event_993373bca03d,Channel::телефон,EVENT_FROM_CHANNEL
Event::event_99c5681b4262,Channel::телефон,EVENT_FROM_CHANNEL
Event::event_9a47a4a80e64,Channel::мобильное приложение,EVENT_FROM_CHANNEL
Event::event_9ac0a2c77c0a,Channel::сайт,EVENT_FROM_CHANNEL
Event::event_9b9f167c9e7e,Channel::email,EVENT_FROM_CHANNEL
Event::event_9c0778bd1c34,Channel::email,EVENT_FROM_CHANNEL
Event::event_9c644e806eb3,Channel::мобильное приложение,EVENT_FROM_CHANNEL
Event::event_9ec728605a34,Channel::чат,EVENT_FROM_CHANNEL
Event::event_a05b43d094d4,Channel::чат,EVENT_FROM_CHANNEL
Event::event_a122f25f71aa,Channel::офис,EVENT_FROM_CHANNEL
Event::event_a12be4513720,Channel::чат,EVENT_FROM_CHANNEL
Event::event_a172b5c9ad5c,Channel::чат,EVENT_FROM_CHANNEL
Event::event_a19379081937,Channel::офис,EVENT_FROM_CHANNEL
Event::event_a20ffd583ad5,Channel::мобильное приложение,EVENT_FROM_CHANNEL
Event::event_a3ab67050ec8,Channel::чат,EVENT_FROM_CHANNEL
Event::event_a430da8b72be,Channel::email,EVENT_FROM_CHANNEL
Event::event_a461a9c10bb9,Channel::мобильное приложение,EVENT_FROM_CHANNEL
Event::event_a5240b8f5ec4,Channel::email,EVENT_FROM_CHANNEL
Event::event_a8b7981d734a,Channel::телефон,EVENT_FROM_CHANNEL
Event::event_a8f7a0d3ddb7,Channel::email,EVENT_FROM_CHANNEL
Event::event_a90922b8c751,Channel::телефон,EVENT_FROM_CHANNEL
Event::event_aaa83bff47f9,Channel::сайт,EVENT_FROM_CHANNEL
Event::event_aad82a6c7be5,Channel::сайт,EVENT_FROM_CHANNEL
Event::event_abe212840fef,Channel::сайт,EVENT_FROM_CHANNEL
Event::event_ac67b3c3aba8,Channel::телефон,EVENT_FROM_CHANNEL
Event::event_ad86c3b9249f,Channel::мобильное приложение,EVENT_FROM_CHANNEL
Event::event_afcbbd08ccc2,Channel::email,EVENT_FROM_CHANNEL
Event::event_b081149bf60d,Channel::мобильное приложение,EVENT_FROM_CHANNEL
Event::event_b1f09822f639,Channel::email,EVENT_FROM_CHANNEL
Event::event_b1f221297bf6,Channel::сайт,EVENT_FROM_CHANNEL
Event::event_b3954eeca9e2,Channel::чат,EVENT_FROM_CHANNEL
Event::event_b4e5147fcef4,Channel::мобильное приложение,EVENT_FROM_CHANNEL
Event::event_b5990ddd8e29,Channel::мобильное приложение,EVENT_FROM_CHANNEL
Event::event_ba3263fb68e2,Channel::сайт,EVENT_FROM_CHANNEL
Event::event_bc2d0529cad7,Channel::чат,EVENT_FROM_CHANNEL
Event::event_bc755d97b28a,Channel::чат,EVENT_FROM_CHANNEL
Event::event_bd0c35bb7dc6,Channel::чат,EVENT_FROM_CHANNEL
Event::event_bd8bcd07b57e,Channel::офис,EVENT_FROM_CHANNEL
Event::event_bdbd248e7958,Channel::email,EVENT_FROM_CHANNEL
Event::event_be602d892628,Channel::сайт,EVENT_FROM_CHANNEL
Event::event_bf8e68242dbf,Channel::мобильное приложение,EVENT_FROM_CHANNEL
Event::event_c11e16d4ef6a,Channel::чат,EVENT_FROM_CHANNEL
Event::event_c49c7657cd4b,Channel::офис,EVENT_FROM_CHANNEL
Event::event_c5ee7537bdf4,Channel::мобильное приложение,EVENT_FROM_CHANNEL
Event::event_c66fbad9f077,Channel::сайт,EVENT_FROM_CHANNEL
Event::event_c69e5ebe6d36,Channel::мобильное приложение,EVENT_FROM_CHANNEL
Event::event_c7b56b517d9e,Channel::телефон,EVENT_FROM_CHANNEL
Event::event_c98eed443026,Channel::чат,EVENT_FROM_CHANNEL
Event::event_c99facc16dd8,Channel::email,EVENT_FROM_CHANNEL
Event::event_c9fd547bd8c3,Channel::телефон,EVENT_FROM_CHANNEL
Event::event_ca232430e006,Channel::мобильное приложение,EVENT_FROM_CHANNEL
Event::event_cb8713269890,Channel::email,EVENT_FROM_CHANNEL
Event::event_cbcaed27118b,Channel::офис,EVENT_FROM_CHANNEL
Event::event_cf43f0366792,Channel::телефон,EVENT_FROM_CHANNEL
Event::event_cfb60056cc33,Channel::сайт,EVENT_FROM_CHANNEL
Event::event_d1d2d046f009,Channel::сайт,EVENT_FROM_CHANNEL
Event::event_d4148e149005,Channel::офис,EVENT_FROM_CHANNEL
Event::event_d4d88008ca4d,Channel::сайт,EVENT_FROM_CHANNEL
Event::event_d4e1bac7722d,Channel::чат,EVENT_FROM_CHANNEL
Event::event_d71ea6919cd3,Channel::офис,EVENT_FROM_CHANNEL
Event::event_d768c0c7f4ab,Channel::чат,EVENT_FROM_CHANNEL
Event::event_d86bbedebbde,Channel::чат,EVENT_FROM_CHANNEL
Event::event_dbee8fc7655a,Channel::телефон,EVENT_FROM_CHANNEL
Event::event_dc8caaca728d,Channel::офис,EVENT_FROM_CHANNEL
Event::event_dd28fbb40f25,Channel::чат,EVENT_FROM_CHANNEL
Event::event_de84b1891874,Channel::email,EVENT_FROM_CHANNEL
Event::event_dee79f911a48,Channel::мобильное приложение,EVENT_FROM_CHANNEL
Event::event_e059a5856228,Channel::офис,EVENT_FROM_CHANNEL
Event::event_e29857fe2fc9,Channel::email,EVENT_FROM_CHANNEL
Event::event_e346253f3775,Channel::телефон,EVENT_FROM_CHANNEL
Event::event_e42e836c5490,Channel::телефон,EVENT_FROM_CHANNEL
Event::event_e45f9057a3b8,Channel::чат,EVENT_FROM_CHANNEL
Event::event_e48895189837,Channel::офис,EVENT_FROM_CHANNEL
Event::event_e6cce9adca42,Channel::сайт,EVENT_FROM_CHANNEL
Event::event_e854a4fa7f5b,Channel::телефон,EVENT_FROM_CHANNEL
Event::event_eaa1eb95ebd7,Channel::чат,EVENT_FROM_CHANNEL
Event::event_ec4b7dab592d,Channel::чат,EVENT_FROM_CHANNEL
Event::event_ee4f49a3b398,Channel::мобильное приложение,EVENT_FROM_CHANNEL
Event::event_efdf237f32d4,Channel::телефон,EVENT_FROM_CHANNEL
Event::event_f01ad024543e,Channel::сайт,EVENT_FROM_CHANNEL
Event::event_f1d9a60c299d,Channel::телефон,EVENT_FROM_CHANNEL
Event::event_f1e9d659c730,Channel::офис,EVENT_FROM_CHANNEL
Event::event_f3417982ce56,Channel::телефон,EVENT_FROM_CHANNEL
Event::event_f4e9f24b357b,Channel::сайт,EVENT_FROM_CHANNEL
Event::event_f74ea6506987,Channel::офис,EVENT_FROM_CHANNEL
Event::event_f8b3d29dfbdd,Channel::телефон,EVENT_FROM_CHANNEL
Event::event_fac32dcf828f,Channel::email,EVENT_FROM_CHANNEL
Event::event_fb84c9525fb2,Channel::офис,EVENT_FROM_CHANNEL
Event::event_fca8868fa5fe,Channel::мобильное приложение,EVENT_FROM_CHANNEL
Event::event_fe07231b16b9,Channel::чат,EVENT_FROM_CHANNEL
Event::event_fe437fd3e3d4,Channel::сайт,EVENT_FROM_CHANNEL
Event::event_fe68a434f384,Channel::мобильное приложение,EVENT_FROM_CHANNEL
Event::event_ffc587b1db9e,Channel::телефон,EVENT_FROM_CHANNEL
Event::event_004fc7ecd9a4,Message::message_0781e70ed4e4,EVENT_HAS_MESSAGE
Event::event_004fc7ecd9a4,Message::message_9174bae10b4d,EVENT_HAS_MESSAGE
Event::event_004fc7ecd9a4,Message::message_e3f2dddcf15a,EVENT_HAS_MESSAGE
Event::event_004fc7ecd9a4,Message::message_fbc210c53fcc,EVENT_HAS_MESSAGE
Event::event_005dbb194333,Message::message_1ccc0a3752fa,EVENT_HAS_MESSAGE
Event::event_005dbb194333,Message::message_350c4d9d4677,EVENT_HAS_MESSAGE
Event::event_005dbb194333,Message::message_4caec813e3c5,EVENT_HAS_MESSAGE
Event::event_005dbb194333,Message::message_67b9821f1543,EVENT_HAS_MESSAGE
Event::event_005dbb194333,Message::message_78dfbfea49fc,EVENT_HAS_MESSAGE
Event::event_005dbb194333,Message::message_9524c54fbb8e,EVENT_HAS_MESSAGE
Event::event_005dbb194333,Message::message_c0dfb4bb8bb3,EVENT_HAS_MESSAGE
Event::event_018ef199ad16,Message::message_34c594688f7e,EVENT_HAS_MESSAGE
Event::event_018ef199ad16,Message::message_5ae647a76a87,EVENT_HAS_MESSAGE
Event::event_018ef199ad16,Message::message_60d768426f1b,EVENT_HAS_MESSAGE
Event::event_018ef199ad16,Message::message_7979d7aec94c,EVENT_HAS_MESSAGE
Event::event_018ef199ad16,Message::message_f5d7c99b38ae,EVENT_HAS_MESSAGE
Event::event_0199e3955865,Message::message_1b41f9c5cbab,EVENT_HAS_MESSAGE
Event::event_0199e3955865,Message::message_26081b37bb0f,EVENT_HAS_MESSAGE
Event::event_0199e3955865,Message::message_300434938447,EVENT_HAS_MESSAGE
Event::event_0199e3955865,Message::message_33f1ef315ec6,EVENT_HAS_MESSAGE
Event::event_0199e3955865,Message::message_96d32504c2e8,EVENT_HAS_MESSAGE
Event::event_0199e3955865,Message::message_a65c368c0e11,EVENT_HAS_MESSAGE
Event::event_0199e3955865,Message::message_f51d39230090,EVENT_HAS_MESSAGE
Event::event_0199e3955865,Message::message_f9ef3a53e9e5,EVENT_HAS_MESSAGE
Event::event_01c86a80c366,Message::message_c07bfa905790,EVENT_HAS_MESSAGE
Event::event_01c86a80c366,Message::message_d7c15d06b3b4,EVENT_HAS_MESSAGE
Event::event_01c86a80c366,Message::message_ec9eb605937a,EVENT_HAS_MESSAGE
Event::event_01c86a80c366,Message::message_f5e29a11718f,EVENT_HAS_MESSAGE
Event::event_01e204b94ee1,Message::message_353ec357735c,EVENT_HAS_MESSAGE
Event::event_01e204b94ee1,Message::message_79a50ae4bf65,EVENT_HAS_MESSAGE
Event::event_01e204b94ee1,Message::message_7b724f335aa3,EVENT_HAS_MESSAGE
Event::event_01e204b94ee1,Message::message_f384001c5e6c,EVENT_HAS_MESSAGE
Event::event_047691e49e5e,Message::message_3484c7a3f32e,EVENT_HAS_MESSAGE
Event::event_047691e49e5e,Message::message_58d646ceb054,EVENT_HAS_MESSAGE
Event::event_047691e49e5e,Message::message_5f9e970fefbb,EVENT_HAS_MESSAGE
Event::event_047691e49e5e,Message::message_7bc25058c0be,EVENT_HAS_MESSAGE
Event::event_047691e49e5e,Message::message_8b038de37cbd,EVENT_HAS_MESSAGE
Event::event_047691e49e5e,Message::message_e4db4ad1ecd6,EVENT_HAS_MESSAGE
Event::event_04b1ad977154,Message::message_05b14fa1b337,EVENT_HAS_MESSAGE
Event::event_04b1ad977154,Message::message_09bdc6ed7d6e,EVENT_HAS_MESSAGE
Event::event_04b1ad977154,Message::message_3573f4f369ce,EVENT_HAS_MESSAGE
Event::event_04b1ad977154,Message::message_47f4df225ba6,EVENT_HAS_MESSAGE
Event::event_04b1ad977154,Message::message_670bf9e2346b,EVENT_HAS_MESSAGE
Event::event_04b1ad977154,Message::message_79f1a73d77c2,EVENT_HAS_MESSAGE
Event::event_04b1ad977154,Message::message_aff5e78e4db7,EVENT_HAS_MESSAGE
Event::event_04b1ad977154,Message::message_ec63964f9e65,EVENT_HAS_MESSAGE
Event::event_05228b6dd178,Message::message_2997287d5d02,EVENT_HAS_MESSAGE
Event::event_05228b6dd178,Message::message_381ca45202fa,EVENT_HAS_MESSAGE
Event::event_05228b6dd178,Message::message_952c49311e46,EVENT_HAS_MESSAGE
Event::event_05228b6dd178,Message::message_a214d1a0b859,EVENT_HAS_MESSAGE
Event::event_05228b6dd178,Message::message_a82d7e272673,EVENT_HAS_MESSAGE
Event::event_05228b6dd178,Message::message_f818b27ab590,EVENT_HAS_MESSAGE
Event::event_05d3dff4256f,Message::message_06f611bb5b3e,EVENT_HAS_MESSAGE
Event::event_05d3dff4256f,Message::message_35386cc9f65d,EVENT_HAS_MESSAGE
Event::event_05d3dff4256f,Message::message_5afbf36bcdc8,EVENT_HAS_MESSAGE
Event::event_05d3dff4256f,Message::message_60c45b58528e,EVENT_HAS_MESSAGE
Event::event_05d3dff4256f,Message::message_655e3c325bab,EVENT_HAS_MESSAGE
Event::event_05d3dff4256f,Message::message_7258424c1fb2,EVENT_HAS_MESSAGE
Event::event_05d3dff4256f,Message::message_b0e0d6967444,EVENT_HAS_MESSAGE
Event::event_0603c7fc1130,Message::message_1423628579f7,EVENT_HAS_MESSAGE
Event::event_0603c7fc1130,Message::message_237729f6f9fb,EVENT_HAS_MESSAGE
Event::event_0603c7fc1130,Message::message_2d8caa997ac8,EVENT_HAS_MESSAGE
Event::event_0603c7fc1130,Message::message_4812e48fc618,EVENT_HAS_MESSAGE
Event::event_0603c7fc1130,Message::message_4abd378a0e70,EVENT_HAS_MESSAGE
Event::event_0603c7fc1130,Message::message_5350d046eb6f,EVENT_HAS_MESSAGE
Event::event_0603c7fc1130,Message::message_89f80ffc1d3b,EVENT_HAS_MESSAGE
Event::event_0603c7fc1130,Message::message_e3d3b2f0dfbf,EVENT_HAS_MESSAGE
Event::event_0675734700e1,Message::message_2348acdfea09,EVENT_HAS_MESSAGE
Event::event_0675734700e1,Message::message_24a8c07bc140,EVENT_HAS_MESSAGE
Event::event_0675734700e1,Message::message_3ed5667d3f34,EVENT_HAS_MESSAGE
Event::event_0675734700e1,Message::message_b865b563b91f,EVENT_HAS_MESSAGE
Event::event_0675734700e1,Message::message_c5ba5ad287d9,EVENT_HAS_MESSAGE
Event::event_0675734700e1,Message::message_f6dedf8bdda7,EVENT_HAS_MESSAGE
Event::event_083e4c73eb20,Message::message_11fb6424a80c,EVENT_HAS_MESSAGE
Event::event_083e4c73eb20,Message::message_32feb61e6110,EVENT_HAS_MESSAGE
Event::event_083e4c73eb20,Message::message_508b92b479f9,EVENT_HAS_MESSAGE
Event::event_083e4c73eb20,Message::message_5c80086c7fdd,EVENT_HAS_MESSAGE
Event::event_083e4c73eb20,Message::message_9c2a654035e8,EVENT_HAS_MESSAGE
Event::event_083e4c73eb20,Message::message_d6dc7514be67,EVENT_HAS_MESSAGE
Event::event_083e4c73eb20,Message::message_e1157375f8ab,EVENT_HAS_MESSAGE
Event::event_0a092504170b,Message::message_066dfc58a8b9,EVENT_HAS_MESSAGE
Event::event_0a092504170b,Message::message_5d442c464a44,EVENT_HAS_MESSAGE
Event::event_0a092504170b,Message::message_98ae42704d4f,EVENT_HAS_MESSAGE
Event::event_0a092504170b,Message::message_beecdfbb1822,EVENT_HAS_MESSAGE
Event::event_0a092504170b,Message::message_ed5e9bd3e722,EVENT_HAS_MESSAGE
Event::event_0b7edc594afd,Message::message_10c6d2f5bebf,EVENT_HAS_MESSAGE
Event::event_0b7edc594afd,Message::message_361843554443,EVENT_HAS_MESSAGE
Event::event_0b7edc594afd,Message::message_429a9771726c,EVENT_HAS_MESSAGE
Event::event_0b7edc594afd,Message::message_4bd4e2b337a6,EVENT_HAS_MESSAGE
Event::event_0be825338bf1,Message::message_006130a7b7c2,EVENT_HAS_MESSAGE
Event::event_0be825338bf1,Message::message_2a15557aa86f,EVENT_HAS_MESSAGE
Event::event_0be825338bf1,Message::message_3bd3ff0b3c02,EVENT_HAS_MESSAGE
Event::event_0be825338bf1,Message::message_5833243efc2e,EVENT_HAS_MESSAGE
Event::event_0be825338bf1,Message::message_7a351a295583,EVENT_HAS_MESSAGE
Event::event_0be825338bf1,Message::message_9896335540aa,EVENT_HAS_MESSAGE
Event::event_0be825338bf1,Message::message_c61554e01e91,EVENT_HAS_MESSAGE
Event::event_0be825338bf1,Message::message_f19eacfee06f,EVENT_HAS_MESSAGE
Event::event_0cedd8d68f42,Message::message_4f459f4efb72,EVENT_HAS_MESSAGE
Event::event_0cedd8d68f42,Message::message_8d1efc22c28c,EVENT_HAS_MESSAGE
Event::event_0cedd8d68f42,Message::message_998775e7cad7,EVENT_HAS_MESSAGE
Event::event_0cedd8d68f42,Message::message_e9393fcf7b62,EVENT_HAS_MESSAGE
Event::event_0d8e4d9e5b33,Message::message_856f8384811b,EVENT_HAS_MESSAGE
Event::event_0d8e4d9e5b33,Message::message_8e18ab9bc4c1,EVENT_HAS_MESSAGE
Event::event_0d8e4d9e5b33,Message::message_a1d3966f26a3,EVENT_HAS_MESSAGE
Event::event_0d8e4d9e5b33,Message::message_a914440f8284,EVENT_HAS_MESSAGE
Event::event_0d8e4d9e5b33,Message::message_bb3479831f84,EVENT_HAS_MESSAGE
Event::event_0d8e4d9e5b33,Message::message_c2b7f3b8a343,EVENT_HAS_MESSAGE
Event::event_0d8e4d9e5b33,Message::message_ca44667fb050,EVENT_HAS_MESSAGE
Event::event_0d8e4d9e5b33,Message::message_ccfe68fd1b0e,EVENT_HAS_MESSAGE
Event::event_0f5db095f94f,Message::message_9e3fc392606e,EVENT_HAS_MESSAGE
Event::event_0f5db095f94f,Message::message_9fa04a67ff51,EVENT_HAS_MESSAGE
Event::event_0f5db095f94f,Message::message_b58ec0ce6dbf,EVENT_HAS_MESSAGE
Event::event_0f5db095f94f,Message::message_c2243608f7ce,EVENT_HAS_MESSAGE
Event::event_10c25891fbda,Message::message_07f9fd1b2694,EVENT_HAS_MESSAGE
Event::event_10c25891fbda,Message::message_321c3cbd9e02,EVENT_HAS_MESSAGE
Event::event_10c25891fbda,Message::message_3c4371ee0796,EVENT_HAS_MESSAGE
Event::event_10c25891fbda,Message::message_43b6495eefc5,EVENT_HAS_MESSAGE
Event::event_10c25891fbda,Message::message_621cc98d3560,EVENT_HAS_MESSAGE
Event::event_10c25891fbda,Message::message_a8656c0724f8,EVENT_HAS_MESSAGE
Event::event_1315f43b9ad3,Message::message_047b12bf5a63,EVENT_HAS_MESSAGE
Event::event_1315f43b9ad3,Message::message_6a71c2dd9ef0,EVENT_HAS_MESSAGE
Event::event_1315f43b9ad3,Message::message_99a70fd066be,EVENT_HAS_MESSAGE
Event::event_1315f43b9ad3,Message::message_9aa879683698,EVENT_HAS_MESSAGE
Event::event_1315f43b9ad3,Message::message_9c9bf1e3f900,EVENT_HAS_MESSAGE
Event::event_13fa3c53a9e9,Message::message_43e1ab93d089,EVENT_HAS_MESSAGE
Event::event_13fa3c53a9e9,Message::message_a2f74edcefa7,EVENT_HAS_MESSAGE
Event::event_13fa3c53a9e9,Message::message_c29919ec37f6,EVENT_HAS_MESSAGE
Event::event_13fa3c53a9e9,Message::message_e9f8ba430656,EVENT_HAS_MESSAGE
Event::event_14b04203f743,Message::message_020cc8794807,EVENT_HAS_MESSAGE
Event::event_14b04203f743,Message::message_6237f33729fd,EVENT_HAS_MESSAGE
Event::event_14b04203f743,Message::message_657f942e1b51,EVENT_HAS_MESSAGE
Event::event_14b04203f743,Message::message_8bdbf7dfe0c5,EVENT_HAS_MESSAGE
Event::event_14b04203f743,Message::message_a646db41be18,EVENT_HAS_MESSAGE
Event::event_14b04203f743,Message::message_ccc26ca1015b,EVENT_HAS_MESSAGE
Event::event_14b04203f743,Message::message_e421379435c6,EVENT_HAS_MESSAGE
Event::event_14b04203f743,Message::message_ee1d063f1348,EVENT_HAS_MESSAGE
Event::event_154df8b52a04,Message::message_299ec6997421,EVENT_HAS_MESSAGE
Event::event_154df8b52a04,Message::message_4de1ed00626f,EVENT_HAS_MESSAGE
Event::event_154df8b52a04,Message::message_7b39a2d18eda,EVENT_HAS_MESSAGE
Event::event_154df8b52a04,Message::message_ddc812dc23e9,EVENT_HAS_MESSAGE
Event::event_154df8b52a04,Message::message_e8c9d08dc095,EVENT_HAS_MESSAGE
Event::event_169ee995e6d1,Message::message_18fd641ed8c3,EVENT_HAS_MESSAGE
Event::event_169ee995e6d1,Message::message_2ab5bd23168c,EVENT_HAS_MESSAGE
Event::event_169ee995e6d1,Message::message_40f1a69ac5ce,EVENT_HAS_MESSAGE
Event::event_169ee995e6d1,Message::message_8a07745be260,EVENT_HAS_MESSAGE
Event::event_169ee995e6d1,Message::message_98ba6306d3c6,EVENT_HAS_MESSAGE
Event::event_169ee995e6d1,Message::message_dd84f88468b0,EVENT_HAS_MESSAGE
Event::event_16c059d72069,Message::message_3e68ab7af303,EVENT_HAS_MESSAGE
Event::event_16c059d72069,Message::message_95b84efc030b,EVENT_HAS_MESSAGE
Event::event_16c059d72069,Message::message_e3c153ecf2f7,EVENT_HAS_MESSAGE
Event::event_16c059d72069,Message::message_e8981e121ca3,EVENT_HAS_MESSAGE
Event::event_16c059d72069,Message::message_f231b7f5a849,EVENT_HAS_MESSAGE
Event::event_16c059d72069,Message::message_f9e54f73842a,EVENT_HAS_MESSAGE
Event::event_1984bd2072f5,Message::message_2dd8629f5b90,EVENT_HAS_MESSAGE
Event::event_1984bd2072f5,Message::message_5319c79e95fe,EVENT_HAS_MESSAGE
Event::event_1984bd2072f5,Message::message_80de5e4aec93,EVENT_HAS_MESSAGE
Event::event_1984bd2072f5,Message::message_9988dcadfea0,EVENT_HAS_MESSAGE
Event::event_1984bd2072f5,Message::message_ca62ac220957,EVENT_HAS_MESSAGE
Event::event_1984bd2072f5,Message::message_dba7b190fdf1,EVENT_HAS_MESSAGE
Event::event_1984bd2072f5,Message::message_e1033bf83ed8,EVENT_HAS_MESSAGE
Event::event_1a168de29bae,Message::message_0995fd43d57b,EVENT_HAS_MESSAGE
Event::event_1a168de29bae,Message::message_45fa8452ead1,EVENT_HAS_MESSAGE
Event::event_1a168de29bae,Message::message_544b77c2f08e,EVENT_HAS_MESSAGE
Event::event_1a168de29bae,Message::message_5868ac6528cc,EVENT_HAS_MESSAGE
Event::event_1a168de29bae,Message::message_7a30a326bd5a,EVENT_HAS_MESSAGE
Event::event_1a168de29bae,Message::message_819fdbb5c7fc,EVENT_HAS_MESSAGE
Event::event_1a168de29bae,Message::message_92c3dcb33226,EVENT_HAS_MESSAGE
Event::event_1a168de29bae,Message::message_c0d947fef1b7,EVENT_HAS_MESSAGE
Event::event_1a2b9226c415,Message::message_10566e3296da,EVENT_HAS_MESSAGE
Event::event_1a2b9226c415,Message::message_44cc4b3b07bf,EVENT_HAS_MESSAGE
Event::event_1a2b9226c415,Message::message_7cee30bcc429,EVENT_HAS_MESSAGE
Event::event_1a2b9226c415,Message::message_c158dd3d3143,EVENT_HAS_MESSAGE
Event::event_1a2b9226c415,Message::message_f32ae13bddf3,EVENT_HAS_MESSAGE
Event::event_1abb12a15b95,Message::message_54e8cf5bb45d,EVENT_HAS_MESSAGE
Event::event_1abb12a15b95,Message::message_a1216a249989,EVENT_HAS_MESSAGE
Event::event_1abb12a15b95,Message::message_b432d91de824,EVENT_HAS_MESSAGE
Event::event_1abb12a15b95,Message::message_cac0c6e20015,EVENT_HAS_MESSAGE
Event::event_1b62139f57e9,Message::message_467b9ea63201,EVENT_HAS_MESSAGE
Event::event_1b62139f57e9,Message::message_4cab2071d0d1,EVENT_HAS_MESSAGE
Event::event_1b62139f57e9,Message::message_7dbea065419e,EVENT_HAS_MESSAGE
Event::event_1b62139f57e9,Message::message_8f340c7f4378,EVENT_HAS_MESSAGE
Event::event_1b62139f57e9,Message::message_9f2224019468,EVENT_HAS_MESSAGE
Event::event_1b62139f57e9,Message::message_d6dddf5d83ac,EVENT_HAS_MESSAGE
Event::event_1b7ae55a4026,Message::message_02857bad7009,EVENT_HAS_MESSAGE
Event::event_1b7ae55a4026,Message::message_2baff1860269,EVENT_HAS_MESSAGE
Event::event_1b7ae55a4026,Message::message_bc73df6145de,EVENT_HAS_MESSAGE
Event::event_1b7ae55a4026,Message::message_c7a5609245b1,EVENT_HAS_MESSAGE
Event::event_1b8c0b245bc3,Message::message_1c16d7c9c80f,EVENT_HAS_MESSAGE
Event::event_1b8c0b245bc3,Message::message_22b8e426054b,EVENT_HAS_MESSAGE
Event::event_1b8c0b245bc3,Message::message_4323ca571510,EVENT_HAS_MESSAGE
Event::event_1b8c0b245bc3,Message::message_67a1c0c2b9cf,EVENT_HAS_MESSAGE
Event::event_1b8c0b245bc3,Message::message_ecd8c18ac312,EVENT_HAS_MESSAGE
Event::event_1b8c0b245bc3,Message::message_fd394d564c17,EVENT_HAS_MESSAGE
Event::event_1c0c1f40b7e7,Message::message_8ef736353086,EVENT_HAS_MESSAGE
Event::event_1c0c1f40b7e7,Message::message_b20ceb478c85,EVENT_HAS_MESSAGE
Event::event_1c0c1f40b7e7,Message::message_c6cf8b42bb87,EVENT_HAS_MESSAGE
Event::event_1c0c1f40b7e7,Message::message_d0f8b330f98a,EVENT_HAS_MESSAGE
Event::event_1cd9e5524c45,Message::message_17fbd20d6451,EVENT_HAS_MESSAGE
Event::event_1cd9e5524c45,Message::message_1c21fdcaaea8,EVENT_HAS_MESSAGE
Event::event_1cd9e5524c45,Message::message_4cfc817112db,EVENT_HAS_MESSAGE
Event::event_1cd9e5524c45,Message::message_56dbdca6f1ea,EVENT_HAS_MESSAGE
Event::event_1cd9e5524c45,Message::message_78262ec99ac6,EVENT_HAS_MESSAGE
Event::event_1cd9e5524c45,Message::message_ab946f71a85f,EVENT_HAS_MESSAGE
Event::event_1d9133db1e58,Message::message_15baca0b4b10,EVENT_HAS_MESSAGE
Event::event_1d9133db1e58,Message::message_280480dccff2,EVENT_HAS_MESSAGE
Event::event_1d9133db1e58,Message::message_2c48610c2aa8,EVENT_HAS_MESSAGE
Event::event_1d9133db1e58,Message::message_33bb1ae9d038,EVENT_HAS_MESSAGE
Event::event_1d9133db1e58,Message::message_68094da24515,EVENT_HAS_MESSAGE
Event::event_1d9133db1e58,Message::message_b42fa5a02c31,EVENT_HAS_MESSAGE
Event::event_1e24bd1e959c,Message::message_2f77adacaa3d,EVENT_HAS_MESSAGE
Event::event_1e24bd1e959c,Message::message_308ac98deae3,EVENT_HAS_MESSAGE
Event::event_1e24bd1e959c,Message::message_6c691dc008dc,EVENT_HAS_MESSAGE
Event::event_1e24bd1e959c,Message::message_b0d198870599,EVENT_HAS_MESSAGE
Event::event_1e24bd1e959c,Message::message_e37d3be870c7,EVENT_HAS_MESSAGE
Event::event_1e24bd1e959c,Message::message_ec172ecd1f80,EVENT_HAS_MESSAGE
Event::event_1e24bd1e959c,Message::message_f7c213372092,EVENT_HAS_MESSAGE
Event::event_1e24bd1e959c,Message::message_fb7e8e5e854d,EVENT_HAS_MESSAGE
Event::event_1e79f3245984,Message::message_1c90a4556a0c,EVENT_HAS_MESSAGE
Event::event_1e79f3245984,Message::message_2f3ccb4cf2d3,EVENT_HAS_MESSAGE
Event::event_1e79f3245984,Message::message_5bc7e745abd1,EVENT_HAS_MESSAGE
Event::event_1e79f3245984,Message::message_dd83fef295d1,EVENT_HAS_MESSAGE
Event::event_1e79f3245984,Message::message_e2ea1d07c388,EVENT_HAS_MESSAGE
Event::event_1e79f3245984,Message::message_e3c718c27434,EVENT_HAS_MESSAGE
Event::event_1eec34c9d6ac,Message::message_37b3bce00de9,EVENT_HAS_MESSAGE
Event::event_1eec34c9d6ac,Message::message_3961c3b03424,EVENT_HAS_MESSAGE
Event::event_1eec34c9d6ac,Message::message_60328feda960,EVENT_HAS_MESSAGE
Event::event_1eec34c9d6ac,Message::message_99e335e75647,EVENT_HAS_MESSAGE
Event::event_1eec34c9d6ac,Message::message_d444626d3bd3,EVENT_HAS_MESSAGE
Event::event_1eec34c9d6ac,Message::message_f3680088e706,EVENT_HAS_MESSAGE
Event::event_20d03315c9a3,Message::message_0801bcb492bd,EVENT_HAS_MESSAGE
Event::event_20d03315c9a3,Message::message_33ec34ee9b41,EVENT_HAS_MESSAGE
Event::event_20d03315c9a3,Message::message_45c5c90a2233,EVENT_HAS_MESSAGE
Event::event_20d03315c9a3,Message::message_6e5da356ff5d,EVENT_HAS_MESSAGE
Event::event_20d03315c9a3,Message::message_6e83c49049ce,EVENT_HAS_MESSAGE
Event::event_20d03315c9a3,Message::message_7dc0e47653c3,EVENT_HAS_MESSAGE
Event::event_20d03315c9a3,Message::message_83b1e7fb1071,EVENT_HAS_MESSAGE
Event::event_20d03315c9a3,Message::message_f82ee72ec334,EVENT_HAS_MESSAGE
Event::event_22c136c0ba19,Message::message_58f449555f98,EVENT_HAS_MESSAGE
Event::event_22c136c0ba19,Message::message_ae63cbd0ec78,EVENT_HAS_MESSAGE
Event::event_22c136c0ba19,Message::message_cc24d21606c5,EVENT_HAS_MESSAGE
Event::event_22c136c0ba19,Message::message_d43bd9cd58b0,EVENT_HAS_MESSAGE
Event::event_23cb234e9bed,Message::message_5ed1c28aa7d0,EVENT_HAS_MESSAGE
Event::event_23cb234e9bed,Message::message_7b1fa0c58cc4,EVENT_HAS_MESSAGE
Event::event_23cb234e9bed,Message::message_7e2d5451b3cd,EVENT_HAS_MESSAGE
Event::event_23cb234e9bed,Message::message_9ee0e343220a,EVENT_HAS_MESSAGE
Event::event_23cb234e9bed,Message::message_b622255797ef,EVENT_HAS_MESSAGE
Event::event_240a45d6b2a1,Message::message_21a83f6633bb,EVENT_HAS_MESSAGE
Event::event_240a45d6b2a1,Message::message_3fc9e5246b41,EVENT_HAS_MESSAGE
Event::event_240a45d6b2a1,Message::message_7a30c501beb6,EVENT_HAS_MESSAGE
Event::event_240a45d6b2a1,Message::message_956feead680e,EVENT_HAS_MESSAGE
Event::event_240a45d6b2a1,Message::message_a7793cca36fb,EVENT_HAS_MESSAGE
Event::event_24b00571fa17,Message::message_64b74802a4ff,EVENT_HAS_MESSAGE
Event::event_24b00571fa17,Message::message_95d82019d9e3,EVENT_HAS_MESSAGE
Event::event_24b00571fa17,Message::message_9b60882bfab3,EVENT_HAS_MESSAGE
Event::event_24b00571fa17,Message::message_9e5b5a14a2f4,EVENT_HAS_MESSAGE
Event::event_24b00571fa17,Message::message_b95d2ffdbb0f,EVENT_HAS_MESSAGE
Event::event_24b00571fa17,Message::message_bac0f058c148,EVENT_HAS_MESSAGE
Event::event_24b00571fa17,Message::message_fd0e735c1126,EVENT_HAS_MESSAGE
Event::event_25b4a89b3bef,Message::message_077c61fe7720,EVENT_HAS_MESSAGE
Event::event_25b4a89b3bef,Message::message_7d44b4f49fc0,EVENT_HAS_MESSAGE
Event::event_25b4a89b3bef,Message::message_8aabcce11f7c,EVENT_HAS_MESSAGE
Event::event_25b4a89b3bef,Message::message_ac6e31a6db73,EVENT_HAS_MESSAGE
Event::event_25b4a89b3bef,Message::message_f8bfd042cc32,EVENT_HAS_MESSAGE
Event::event_27771ad1ae68,Message::message_0e6b652c8a7a,EVENT_HAS_MESSAGE
Event::event_27771ad1ae68,Message::message_0f52f5143cb3,EVENT_HAS_MESSAGE
Event::event_27771ad1ae68,Message::message_215e0f4840f9,EVENT_HAS_MESSAGE
Event::event_27771ad1ae68,Message::message_6635c4711190,EVENT_HAS_MESSAGE
Event::event_27771ad1ae68,Message::message_8260cb2fa08d,EVENT_HAS_MESSAGE
Event::event_27771ad1ae68,Message::message_866fa64cbe86,EVENT_HAS_MESSAGE
Event::event_27771ad1ae68,Message::message_92f4890685b2,EVENT_HAS_MESSAGE
Event::event_27771ad1ae68,Message::message_fb9f05378cf1,EVENT_HAS_MESSAGE
Event::event_27f9b4ebb9c8,Message::message_4c7de3a189e3,EVENT_HAS_MESSAGE
Event::event_27f9b4ebb9c8,Message::message_755ad68990f2,EVENT_HAS_MESSAGE
Event::event_27f9b4ebb9c8,Message::message_758145ab230c,EVENT_HAS_MESSAGE
Event::event_27f9b4ebb9c8,Message::message_ae41ef553faf,EVENT_HAS_MESSAGE
Event::event_27f9b4ebb9c8,Message::message_cfaf014ce20e,EVENT_HAS_MESSAGE
Event::event_27f9b4ebb9c8,Message::message_f8cf73881388,EVENT_HAS_MESSAGE
Event::event_28f0d477a5e4,Message::message_18d1dd391efc,EVENT_HAS_MESSAGE
Event::event_28f0d477a5e4,Message::message_339f0a0f18ad,EVENT_HAS_MESSAGE
Event::event_28f0d477a5e4,Message::message_34d3bdc7769c,EVENT_HAS_MESSAGE
Event::event_28f0d477a5e4,Message::message_4355c3469b2a,EVENT_HAS_MESSAGE
Event::event_28f0d477a5e4,Message::message_501b91160147,EVENT_HAS_MESSAGE
Event::event_28f0d477a5e4,Message::message_58304bbb0442,EVENT_HAS_MESSAGE
Event::event_28f0d477a5e4,Message::message_7d862c8f515d,EVENT_HAS_MESSAGE
Event::event_290849618577,Message::message_3a3341fc3ff4,EVENT_HAS_MESSAGE
Event::event_290849618577,Message::message_4f5ab66fd198,EVENT_HAS_MESSAGE
Event::event_290849618577,Message::message_82d49b3cf2ba,EVENT_HAS_MESSAGE
Event::event_290849618577,Message::message_83c86399ab00,EVENT_HAS_MESSAGE
Event::event_290849618577,Message::message_8a967acf4a60,EVENT_HAS_MESSAGE
Event::event_290849618577,Message::message_c681dfa3c4ab,EVENT_HAS_MESSAGE
Event::event_290849618577,Message::message_c7c76db87cf2,EVENT_HAS_MESSAGE
Event::event_290849618577,Message::message_f78fcf52ca58,EVENT_HAS_MESSAGE
Event::event_293fd9715cf6,Message::message_49d785193598,EVENT_HAS_MESSAGE
Event::event_293fd9715cf6,Message::message_57f72bdc5756,EVENT_HAS_MESSAGE
Event::event_293fd9715cf6,Message::message_a8b4948e2f39,EVENT_HAS_MESSAGE
Event::event_293fd9715cf6,Message::message_c59331cbe098,EVENT_HAS_MESSAGE
Event::event_293fd9715cf6,Message::message_df18172021c7,EVENT_HAS_MESSAGE
Event::event_2ab5f4b56b35,Message::message_9f090b89f9b2,EVENT_HAS_MESSAGE
Event::event_2ab5f4b56b35,Message::message_b1b288f1fc7a,EVENT_HAS_MESSAGE
Event::event_2ab5f4b56b35,Message::message_c18218b97e89,EVENT_HAS_MESSAGE
Event::event_2ab5f4b56b35,Message::message_ca52b14c8ac4,EVENT_HAS_MESSAGE
Event::event_2ab5f4b56b35,Message::message_f1c8c5f58317,EVENT_HAS_MESSAGE
Event::event_2becb5ce4b6b,Message::message_438e871956f6,EVENT_HAS_MESSAGE
Event::event_2becb5ce4b6b,Message::message_5309326541ed,EVENT_HAS_MESSAGE
Event::event_2becb5ce4b6b,Message::message_6722c04a5796,EVENT_HAS_MESSAGE
Event::event_2becb5ce4b6b,Message::message_810cc0f6ec49,EVENT_HAS_MESSAGE
Event::event_2becb5ce4b6b,Message::message_a07237bcb922,EVENT_HAS_MESSAGE
Event::event_2becb5ce4b6b,Message::message_b203ffff5065,EVENT_HAS_MESSAGE
Event::event_2becb5ce4b6b,Message::message_b70bc631bde5,EVENT_HAS_MESSAGE
Event::event_2eaeb68603d7,Message::message_325be24a6f75,EVENT_HAS_MESSAGE
Event::event_2eaeb68603d7,Message::message_40dbba8b32c2,EVENT_HAS_MESSAGE
Event::event_2eaeb68603d7,Message::message_971750aad90a,EVENT_HAS_MESSAGE
Event::event_2eaeb68603d7,Message::message_adbb771c4438,EVENT_HAS_MESSAGE
Event::event_2eaeb68603d7,Message::message_efe6a2c40001,EVENT_HAS_MESSAGE
Event::event_2ec6a02eb4ee,Message::message_058a312da829,EVENT_HAS_MESSAGE
Event::event_2ec6a02eb4ee,Message::message_1da208199014,EVENT_HAS_MESSAGE
Event::event_2ec6a02eb4ee,Message::message_66929a96ff2c,EVENT_HAS_MESSAGE
Event::event_2ec6a02eb4ee,Message::message_a2b6b4ba0f5c,EVENT_HAS_MESSAGE
Event::event_2ec6a02eb4ee,Message::message_d98d37623209,EVENT_HAS_MESSAGE
Event::event_2f01b3a1fc29,Message::message_83d25a3d15d1,EVENT_HAS_MESSAGE
Event::event_2f01b3a1fc29,Message::message_97a402a2b665,EVENT_HAS_MESSAGE
Event::event_2f01b3a1fc29,Message::message_b845f52c113f,EVENT_HAS_MESSAGE
Event::event_2f01b3a1fc29,Message::message_c8f54ca931ea,EVENT_HAS_MESSAGE
Event::event_2f01b3a1fc29,Message::message_e442a74d816e,EVENT_HAS_MESSAGE
Event::event_2f01b3a1fc29,Message::message_f93d543c6467,EVENT_HAS_MESSAGE
Event::event_2f93c12b9343,Message::message_5cc1b4496865,EVENT_HAS_MESSAGE
Event::event_2f93c12b9343,Message::message_6d796a17eab5,EVENT_HAS_MESSAGE
Event::event_2f93c12b9343,Message::message_90737c74c477,EVENT_HAS_MESSAGE
Event::event_2f93c12b9343,Message::message_9871ae944b31,EVENT_HAS_MESSAGE
Event::event_2f93c12b9343,Message::message_a504eb1c2faa,EVENT_HAS_MESSAGE
Event::event_2f93c12b9343,Message::message_ad8b65d1c6ac,EVENT_HAS_MESSAGE
Event::event_2f93c12b9343,Message::message_f7fd6314253c,EVENT_HAS_MESSAGE
Event::event_30f7917b9982,Message::message_0338b1d4d166,EVENT_HAS_MESSAGE
Event::event_30f7917b9982,Message::message_0d9f02598674,EVENT_HAS_MESSAGE
Event::event_30f7917b9982,Message::message_1eb3948c8c76,EVENT_HAS_MESSAGE
Event::event_30f7917b9982,Message::message_4f07f33e452c,EVENT_HAS_MESSAGE
Event::event_30f7917b9982,Message::message_65acb044325a,EVENT_HAS_MESSAGE
Event::event_30f7917b9982,Message::message_ebeeee7d5d97,EVENT_HAS_MESSAGE
Event::event_30f7917b9982,Message::message_ec46ae095c95,EVENT_HAS_MESSAGE
Event::event_31297d57fdf6,Message::message_267cc179da60,EVENT_HAS_MESSAGE
Event::event_31297d57fdf6,Message::message_36c7b493bfc8,EVENT_HAS_MESSAGE
Event::event_31297d57fdf6,Message::message_443bb6014b93,EVENT_HAS_MESSAGE
Event::event_31297d57fdf6,Message::message_497cf9c26630,EVENT_HAS_MESSAGE
Event::event_31297d57fdf6,Message::message_71fea9e01039,EVENT_HAS_MESSAGE
Event::event_31297d57fdf6,Message::message_961726a3a95d,EVENT_HAS_MESSAGE
Event::event_31297d57fdf6,Message::message_995ab0281dff,EVENT_HAS_MESSAGE
Event::event_31297d57fdf6,Message::message_df80c4c8d5ab,EVENT_HAS_MESSAGE
Event::event_3143fb525d29,Message::message_02395d6a776e,EVENT_HAS_MESSAGE
Event::event_3143fb525d29,Message::message_50b084c07b58,EVENT_HAS_MESSAGE
Event::event_3143fb525d29,Message::message_657ac6e379cc,EVENT_HAS_MESSAGE
Event::event_3143fb525d29,Message::message_b31279991f19,EVENT_HAS_MESSAGE
Event::event_3143fb525d29,Message::message_d3829a822a0d,EVENT_HAS_MESSAGE
Event::event_3143fb525d29,Message::message_db4ee1c115f7,EVENT_HAS_MESSAGE
Event::event_315214396d17,Message::message_71a9c3065085,EVENT_HAS_MESSAGE
Event::event_315214396d17,Message::message_9979d0840f41,EVENT_HAS_MESSAGE
Event::event_315214396d17,Message::message_a04146919bd5,EVENT_HAS_MESSAGE
Event::event_315214396d17,Message::message_c62943e8ff60,EVENT_HAS_MESSAGE
Event::event_315214396d17,Message::message_da0fb6592bcf,EVENT_HAS_MESSAGE
Event::event_3163dbb1dd58,Message::message_23f6a9374ca7,EVENT_HAS_MESSAGE
Event::event_3163dbb1dd58,Message::message_3574dcd882d4,EVENT_HAS_MESSAGE
Event::event_3163dbb1dd58,Message::message_35fe07a124b1,EVENT_HAS_MESSAGE
Event::event_3163dbb1dd58,Message::message_45fc070e15c7,EVENT_HAS_MESSAGE
Event::event_3163dbb1dd58,Message::message_46a23d69ee28,EVENT_HAS_MESSAGE
Event::event_3163dbb1dd58,Message::message_5f38505e9fff,EVENT_HAS_MESSAGE
Event::event_3163dbb1dd58,Message::message_afa321661aed,EVENT_HAS_MESSAGE
Event::event_3163dbb1dd58,Message::message_b4c4f733b0a5,EVENT_HAS_MESSAGE
Event::event_32f0087e4868,Message::message_618f82e90f1f,EVENT_HAS_MESSAGE
Event::event_32f0087e4868,Message::message_6d6656fdf72e,EVENT_HAS_MESSAGE
Event::event_32f0087e4868,Message::message_86a233d6e0e4,EVENT_HAS_MESSAGE
Event::event_32f0087e4868,Message::message_b9d5855bd366,EVENT_HAS_MESSAGE
Event::event_32f0087e4868,Message::message_d735f574cba0,EVENT_HAS_MESSAGE
Event::event_33213a837f9a,Message::message_140425a4d8dc,EVENT_HAS_MESSAGE
Event::event_33213a837f9a,Message::message_3d005507c668,EVENT_HAS_MESSAGE
Event::event_33213a837f9a,Message::message_6697a150033e,EVENT_HAS_MESSAGE
Event::event_33213a837f9a,Message::message_7bc6896c8f39,EVENT_HAS_MESSAGE
Event::event_33213a837f9a,Message::message_7d25fe5c62e1,EVENT_HAS_MESSAGE
Event::event_33213a837f9a,Message::message_84722204b65d,EVENT_HAS_MESSAGE
Event::event_33213a837f9a,Message::message_b9fba591329d,EVENT_HAS_MESSAGE
Event::event_33213a837f9a,Message::message_cd5b73915e08,EVENT_HAS_MESSAGE
Event::event_348be7346fb7,Message::message_7c3afeffb562,EVENT_HAS_MESSAGE
Event::event_348be7346fb7,Message::message_89d4857b7ce4,EVENT_HAS_MESSAGE
Event::event_348be7346fb7,Message::message_9cf76f3b0eb3,EVENT_HAS_MESSAGE
Event::event_348be7346fb7,Message::message_a7d61c955e61,EVENT_HAS_MESSAGE
Event::event_348be7346fb7,Message::message_d484e1480d21,EVENT_HAS_MESSAGE
Event::event_37a69ac0b0a6,Message::message_043495f4084e,EVENT_HAS_MESSAGE
Event::event_37a69ac0b0a6,Message::message_232ba4eee75e,EVENT_HAS_MESSAGE
Event::event_37a69ac0b0a6,Message::message_2c0208628f7c,EVENT_HAS_MESSAGE
Event::event_37a69ac0b0a6,Message::message_8f6016b5d1f3,EVENT_HAS_MESSAGE
Event::event_37a69ac0b0a6,Message::message_9110515305fb,EVENT_HAS_MESSAGE
Event::event_37a69ac0b0a6,Message::message_bb0ab37aaae7,EVENT_HAS_MESSAGE
Event::event_37ab80f3e370,Message::message_27a07f2dfa2d,EVENT_HAS_MESSAGE
Event::event_37ab80f3e370,Message::message_3db02afd4528,EVENT_HAS_MESSAGE
Event::event_37ab80f3e370,Message::message_57a581410398,EVENT_HAS_MESSAGE
Event::event_37ab80f3e370,Message::message_79b854f66422,EVENT_HAS_MESSAGE
Event::event_37ab80f3e370,Message::message_b90e71d9beee,EVENT_HAS_MESSAGE
Event::event_37ab80f3e370,Message::message_cb6f0d6ba46f,EVENT_HAS_MESSAGE
Event::event_37ab80f3e370,Message::message_dee4271b63da,EVENT_HAS_MESSAGE
Event::event_37ab80f3e370,Message::message_fcad62b7b998,EVENT_HAS_MESSAGE
Event::event_3bd032dadf3a,Message::message_5437f950be4b,EVENT_HAS_MESSAGE
Event::event_3bd032dadf3a,Message::message_ad381d6c274d,EVENT_HAS_MESSAGE
Event::event_3bd032dadf3a,Message::message_b8f2cdf13043,EVENT_HAS_MESSAGE
Event::event_3bd032dadf3a,Message::message_c955c95882a3,EVENT_HAS_MESSAGE
Event::event_3cf2d02c98b0,Message::message_4b8cb4b0e61c,EVENT_HAS_MESSAGE
Event::event_3cf2d02c98b0,Message::message_d6d0a3e06696,EVENT_HAS_MESSAGE
Event::event_3cf2d02c98b0,Message::message_e514f68aa134,EVENT_HAS_MESSAGE
Event::event_3cf2d02c98b0,Message::message_efe3f4ee9d9e,EVENT_HAS_MESSAGE
Event::event_3eaffd63f9b3,Message::message_3c36db8dda22,EVENT_HAS_MESSAGE
Event::event_3eaffd63f9b3,Message::message_7c59deca6d6b,EVENT_HAS_MESSAGE
Event::event_3eaffd63f9b3,Message::message_96a2b6726470,EVENT_HAS_MESSAGE
Event::event_3eaffd63f9b3,Message::message_a04eff790dfd,EVENT_HAS_MESSAGE
Event::event_3eaffd63f9b3,Message::message_eacbc8e2ddcf,EVENT_HAS_MESSAGE
Event::event_40abdee785ad,Message::message_41804aaa273b,EVENT_HAS_MESSAGE
Event::event_40abdee785ad,Message::message_afa502458718,EVENT_HAS_MESSAGE
Event::event_40abdee785ad,Message::message_b88a228c7785,EVENT_HAS_MESSAGE
Event::event_40abdee785ad,Message::message_bbe78abfb9ac,EVENT_HAS_MESSAGE
Event::event_40ec4ea8ce5f,Message::message_1653f18031a7,EVENT_HAS_MESSAGE
Event::event_40ec4ea8ce5f,Message::message_4771ff19a5eb,EVENT_HAS_MESSAGE
Event::event_40ec4ea8ce5f,Message::message_654a2210d663,EVENT_HAS_MESSAGE
Event::event_40ec4ea8ce5f,Message::message_66e2c774801d,EVENT_HAS_MESSAGE
Event::event_40ec4ea8ce5f,Message::message_aae7c11c97ec,EVENT_HAS_MESSAGE
Event::event_42fe7392948e,Message::message_6b94c7173f03,EVENT_HAS_MESSAGE
Event::event_42fe7392948e,Message::message_9ab5e0867948,EVENT_HAS_MESSAGE
Event::event_42fe7392948e,Message::message_a17c3d018f67,EVENT_HAS_MESSAGE
Event::event_42fe7392948e,Message::message_a728c720ab56,EVENT_HAS_MESSAGE
Event::event_42fe7392948e,Message::message_bdaa3fc8e175,EVENT_HAS_MESSAGE
Event::event_438d7c6d946a,Message::message_66ee108aebff,EVENT_HAS_MESSAGE
Event::event_438d7c6d946a,Message::message_9e108c95ce2e,EVENT_HAS_MESSAGE
Event::event_438d7c6d946a,Message::message_a148ad0ffe61,EVENT_HAS_MESSAGE
Event::event_438d7c6d946a,Message::message_a639fd6e9f71,EVENT_HAS_MESSAGE
Event::event_438d7c6d946a,Message::message_fbe824e0dbcb,EVENT_HAS_MESSAGE
Event::event_441438e60397,Message::message_11add80a670c,EVENT_HAS_MESSAGE
Event::event_441438e60397,Message::message_3a3a518c2c4c,EVENT_HAS_MESSAGE
Event::event_441438e60397,Message::message_91bc5e27b3c3,EVENT_HAS_MESSAGE
Event::event_441438e60397,Message::message_e278bad34a66,EVENT_HAS_MESSAGE
Event::event_4a2a3516b6b0,Message::message_4ad667e12088,EVENT_HAS_MESSAGE
Event::event_4a2a3516b6b0,Message::message_4c5ac5985e1a,EVENT_HAS_MESSAGE
Event::event_4a2a3516b6b0,Message::message_782a109e1145,EVENT_HAS_MESSAGE
Event::event_4a2a3516b6b0,Message::message_8c15d25b8a6d,EVENT_HAS_MESSAGE
Event::event_4a2a3516b6b0,Message::message_8ec8b6b5a78d,EVENT_HAS_MESSAGE
Event::event_4a2a3516b6b0,Message::message_a55096e3bac0,EVENT_HAS_MESSAGE
Event::event_4a2a3516b6b0,Message::message_aca0629387ff,EVENT_HAS_MESSAGE
Event::event_4a2a3516b6b0,Message::message_de6498ac1ae3,EVENT_HAS_MESSAGE
Event::event_4a37e700a4c3,Message::message_035160a42f3a,EVENT_HAS_MESSAGE
Event::event_4a37e700a4c3,Message::message_22744aac7be3,EVENT_HAS_MESSAGE
Event::event_4a37e700a4c3,Message::message_3ec475a974f3,EVENT_HAS_MESSAGE
Event::event_4a37e700a4c3,Message::message_52f3a96121da,EVENT_HAS_MESSAGE
Event::event_4a37e700a4c3,Message::message_5b57bd561c3a,EVENT_HAS_MESSAGE
Event::event_4a37e700a4c3,Message::message_9c0e1ef37684,EVENT_HAS_MESSAGE
Event::event_4a37e700a4c3,Message::message_b1308902fc33,EVENT_HAS_MESSAGE
Event::event_4a37e700a4c3,Message::message_e994bb4d2c6b,EVENT_HAS_MESSAGE
Event::event_4c0c79e2b2bb,Message::message_00dc22e8bb6f,EVENT_HAS_MESSAGE
Event::event_4c0c79e2b2bb,Message::message_19dd0683bc0c,EVENT_HAS_MESSAGE
Event::event_4c0c79e2b2bb,Message::message_8cc09e9c5a64,EVENT_HAS_MESSAGE
Event::event_4c0c79e2b2bb,Message::message_ad60a5d19886,EVENT_HAS_MESSAGE
Event::event_4c0c79e2b2bb,Message::message_d1d5b75d5e1c,EVENT_HAS_MESSAGE
Event::event_4c40be4187ce,Message::message_0b84f32b434c,EVENT_HAS_MESSAGE
Event::event_4c40be4187ce,Message::message_29be2aceac98,EVENT_HAS_MESSAGE
Event::event_4c40be4187ce,Message::message_9d2980819564,EVENT_HAS_MESSAGE
Event::event_4c40be4187ce,Message::message_bc9d15f5b885,EVENT_HAS_MESSAGE
Event::event_4c40be4187ce,Message::message_dd08be6c5b85,EVENT_HAS_MESSAGE
Event::event_4c40be4187ce,Message::message_f53dfbcfc974,EVENT_HAS_MESSAGE
Event::event_4c40be4187ce,Message::message_fd70ab4d8d0b,EVENT_HAS_MESSAGE
Event::event_4ca460af6928,Message::message_0e34f477e78e,EVENT_HAS_MESSAGE
Event::event_4ca460af6928,Message::message_38a6bb0366aa,EVENT_HAS_MESSAGE
Event::event_4ca460af6928,Message::message_523f60fb1461,EVENT_HAS_MESSAGE
Event::event_4ca460af6928,Message::message_7a55c031ed24,EVENT_HAS_MESSAGE
Event::event_4ca460af6928,Message::message_a80fac27efa0,EVENT_HAS_MESSAGE
Event::event_4ca460af6928,Message::message_b1ff164d63b6,EVENT_HAS_MESSAGE
Event::event_4ca460af6928,Message::message_d7515fd7c526,EVENT_HAS_MESSAGE
Event::event_4ca74c4f8d6f,Message::message_07bc49a9b0d1,EVENT_HAS_MESSAGE
Event::event_4ca74c4f8d6f,Message::message_6018b3cf9bdb,EVENT_HAS_MESSAGE
Event::event_4ca74c4f8d6f,Message::message_822b68ddf5f0,EVENT_HAS_MESSAGE
Event::event_4ca74c4f8d6f,Message::message_849616bda344,EVENT_HAS_MESSAGE
Event::event_4ca74c4f8d6f,Message::message_c07025783760,EVENT_HAS_MESSAGE
Event::event_4ca74c4f8d6f,Message::message_fdbe443d90f2,EVENT_HAS_MESSAGE
Event::event_4e7ae3596ec3,Message::message_1199e3ae5cdd,EVENT_HAS_MESSAGE
Event::event_4e7ae3596ec3,Message::message_942442c06253,EVENT_HAS_MESSAGE
Event::event_4e7ae3596ec3,Message::message_955c709a4acb,EVENT_HAS_MESSAGE
Event::event_4e7ae3596ec3,Message::message_9d99b11fd234,EVENT_HAS_MESSAGE
Event::event_4e947e9a6033,Message::message_03c0635f637e,EVENT_HAS_MESSAGE
Event::event_4e947e9a6033,Message::message_303702c9ff3c,EVENT_HAS_MESSAGE
Event::event_4e947e9a6033,Message::message_4f62011da1d8,EVENT_HAS_MESSAGE
Event::event_4e947e9a6033,Message::message_be35476bb23f,EVENT_HAS_MESSAGE
Event::event_4e947e9a6033,Message::message_c73727eb1975,EVENT_HAS_MESSAGE
Event::event_4f215353ec22,Message::message_0954e057922b,EVENT_HAS_MESSAGE
Event::event_4f215353ec22,Message::message_731686602fda,EVENT_HAS_MESSAGE
Event::event_4f215353ec22,Message::message_a7f85bd99a36,EVENT_HAS_MESSAGE
Event::event_4f215353ec22,Message::message_fd41cd6e9416,EVENT_HAS_MESSAGE
Event::event_4f871ce9f1bd,Message::message_076cbbe00d30,EVENT_HAS_MESSAGE
Event::event_4f871ce9f1bd,Message::message_11df7e3aa020,EVENT_HAS_MESSAGE
Event::event_4f871ce9f1bd,Message::message_49f8d4459d55,EVENT_HAS_MESSAGE
Event::event_4f871ce9f1bd,Message::message_7fb6ef37710a,EVENT_HAS_MESSAGE
Event::event_52cf5a4db90a,Message::message_3786da2cb043,EVENT_HAS_MESSAGE
Event::event_52cf5a4db90a,Message::message_52b57fdabe34,EVENT_HAS_MESSAGE
Event::event_52cf5a4db90a,Message::message_bb6a2b11faa8,EVENT_HAS_MESSAGE
Event::event_52cf5a4db90a,Message::message_e8d27a079297,EVENT_HAS_MESSAGE
Event::event_54961ad78c04,Message::message_099b09e5b9b3,EVENT_HAS_MESSAGE
Event::event_54961ad78c04,Message::message_624aded2a98b,EVENT_HAS_MESSAGE
Event::event_54961ad78c04,Message::message_82f51029d828,EVENT_HAS_MESSAGE
Event::event_54961ad78c04,Message::message_b8128fd367dc,EVENT_HAS_MESSAGE
Event::event_54961ad78c04,Message::message_d178b9dc97d0,EVENT_HAS_MESSAGE
Event::event_54961ad78c04,Message::message_dd54c52e7c2b,EVENT_HAS_MESSAGE
Event::event_54961ad78c04,Message::message_f22f241c9945,EVENT_HAS_MESSAGE
Event::event_569ef04a1039,Message::message_7b809abcf646,EVENT_HAS_MESSAGE
Event::event_569ef04a1039,Message::message_8a4052858732,EVENT_HAS_MESSAGE
Event::event_569ef04a1039,Message::message_db0413bd44b9,EVENT_HAS_MESSAGE
Event::event_569ef04a1039,Message::message_ec250526ae04,EVENT_HAS_MESSAGE
Event::event_569ef04a1039,Message::message_ed0d46e970a9,EVENT_HAS_MESSAGE
Event::event_56e64ba3dc9a,Message::message_06fbcbdb7d09,EVENT_HAS_MESSAGE
Event::event_56e64ba3dc9a,Message::message_49a14822cf88,EVENT_HAS_MESSAGE
Event::event_56e64ba3dc9a,Message::message_7b975abba615,EVENT_HAS_MESSAGE
Event::event_56e64ba3dc9a,Message::message_954c45050759,EVENT_HAS_MESSAGE
Event::event_56e64ba3dc9a,Message::message_bcae375d93c2,EVENT_HAS_MESSAGE
Event::event_56e64ba3dc9a,Message::message_cd26317009d3,EVENT_HAS_MESSAGE
Event::event_56e64ba3dc9a,Message::message_d6e2bcb4da22,EVENT_HAS_MESSAGE
Event::event_56e64ba3dc9a,Message::message_f560869a08cd,EVENT_HAS_MESSAGE
Event::event_57dd986b4882,Message::message_197eac91e603,EVENT_HAS_MESSAGE
Event::event_57dd986b4882,Message::message_2bca9ac1d212,EVENT_HAS_MESSAGE
Event::event_57dd986b4882,Message::message_54592a8520fa,EVENT_HAS_MESSAGE
Event::event_57dd986b4882,Message::message_80efc183b8a8,EVENT_HAS_MESSAGE
Event::event_57dd986b4882,Message::message_95612d17e25e,EVENT_HAS_MESSAGE
Event::event_57dd986b4882,Message::message_be8ae7c98b91,EVENT_HAS_MESSAGE
Event::event_57dd986b4882,Message::message_da4dbfcb3869,EVENT_HAS_MESSAGE
Event::event_57dd986b4882,Message::message_e06b37a1debc,EVENT_HAS_MESSAGE
Event::event_5abb571c5117,Message::message_5771a87d8398,EVENT_HAS_MESSAGE
Event::event_5abb571c5117,Message::message_6fbbe1c526d5,EVENT_HAS_MESSAGE
Event::event_5abb571c5117,Message::message_74eb544d4655,EVENT_HAS_MESSAGE
Event::event_5abb571c5117,Message::message_c2db0f714a25,EVENT_HAS_MESSAGE
Event::event_5b7c198b3863,Message::message_3c3f32c1b98c,EVENT_HAS_MESSAGE
Event::event_5b7c198b3863,Message::message_53293c1d5c40,EVENT_HAS_MESSAGE
Event::event_5b7c198b3863,Message::message_68bd51afacdf,EVENT_HAS_MESSAGE
Event::event_5b7c198b3863,Message::message_86c383edd78a,EVENT_HAS_MESSAGE
Event::event_5b7c198b3863,Message::message_a7c595b179da,EVENT_HAS_MESSAGE
Event::event_5c5c58e9eb46,Message::message_27c8d35100a9,EVENT_HAS_MESSAGE
Event::event_5c5c58e9eb46,Message::message_6c1622e2ecb2,EVENT_HAS_MESSAGE
Event::event_5c5c58e9eb46,Message::message_7d15de841237,EVENT_HAS_MESSAGE
Event::event_5c5c58e9eb46,Message::message_c5d68be65a83,EVENT_HAS_MESSAGE
Event::event_5c5c58e9eb46,Message::message_e75bf7021a2a,EVENT_HAS_MESSAGE
Event::event_5d87fb0d500f,Message::message_4952f4a99853,EVENT_HAS_MESSAGE
Event::event_5d87fb0d500f,Message::message_551472253a6d,EVENT_HAS_MESSAGE
Event::event_5d87fb0d500f,Message::message_62c77285b42e,EVENT_HAS_MESSAGE
Event::event_5d87fb0d500f,Message::message_6c1b63f4538b,EVENT_HAS_MESSAGE
Event::event_5d87fb0d500f,Message::message_abc793e9e4df,EVENT_HAS_MESSAGE
Event::event_5d87fb0d500f,Message::message_b7d9af6e773e,EVENT_HAS_MESSAGE
Event::event_5d87fb0d500f,Message::message_c9e89f40754c,EVENT_HAS_MESSAGE
Event::event_5d87fb0d500f,Message::message_e11b2f3d6687,EVENT_HAS_MESSAGE
Event::event_604dc9f58779,Message::message_139ae44894f7,EVENT_HAS_MESSAGE
Event::event_604dc9f58779,Message::message_17b40d1a6717,EVENT_HAS_MESSAGE
Event::event_604dc9f58779,Message::message_46b8d8d1b2ec,EVENT_HAS_MESSAGE
Event::event_604dc9f58779,Message::message_5c548051f7d3,EVENT_HAS_MESSAGE
Event::event_604dc9f58779,Message::message_9d1178b19ca5,EVENT_HAS_MESSAGE
Event::event_604dc9f58779,Message::message_dcf15e43eb72,EVENT_HAS_MESSAGE
Event::event_60c6aec57ebd,Message::message_0368fe05e648,EVENT_HAS_MESSAGE
Event::event_60c6aec57ebd,Message::message_1d6b3dc789f9,EVENT_HAS_MESSAGE
Event::event_60c6aec57ebd,Message::message_7b4285b09350,EVENT_HAS_MESSAGE
Event::event_60c6aec57ebd,Message::message_cba0203eeef2,EVENT_HAS_MESSAGE
Event::event_60c6aec57ebd,Message::message_f211df76d5f2,EVENT_HAS_MESSAGE
Event::event_62cf9e35e01b,Message::message_74daaf84976a,EVENT_HAS_MESSAGE
Event::event_62cf9e35e01b,Message::message_c54bbd59d561,EVENT_HAS_MESSAGE
Event::event_62cf9e35e01b,Message::message_d0f1b81e806c,EVENT_HAS_MESSAGE
Event::event_62cf9e35e01b,Message::message_db2079cac47e,EVENT_HAS_MESSAGE
Event::event_62cf9e35e01b,Message::message_f76a4882b3c2,EVENT_HAS_MESSAGE
Event::event_63d733506b6a,Message::message_02287d82aa1f,EVENT_HAS_MESSAGE
Event::event_63d733506b6a,Message::message_271fc283a3d1,EVENT_HAS_MESSAGE
Event::event_63d733506b6a,Message::message_57bb9c8c6933,EVENT_HAS_MESSAGE
Event::event_63d733506b6a,Message::message_8195c2f2d0ab,EVENT_HAS_MESSAGE
Event::event_63d733506b6a,Message::message_a6ea864582ff,EVENT_HAS_MESSAGE
Event::event_63d733506b6a,Message::message_b2c708131014,EVENT_HAS_MESSAGE
Event::event_645b8f0d7ac7,Message::message_4b917506d5c6,EVENT_HAS_MESSAGE
Event::event_645b8f0d7ac7,Message::message_5dedebf8b2ee,EVENT_HAS_MESSAGE
Event::event_645b8f0d7ac7,Message::message_befe083ed9c5,EVENT_HAS_MESSAGE
Event::event_645b8f0d7ac7,Message::message_c6d7afc37e1a,EVENT_HAS_MESSAGE
Event::event_645b8f0d7ac7,Message::message_e3be1b253ea1,EVENT_HAS_MESSAGE
Event::event_645b8f0d7ac7,Message::message_eeaa56ad7c53,EVENT_HAS_MESSAGE
Event::event_6517e3a01960,Message::message_05e3bf81191f,EVENT_HAS_MESSAGE
Event::event_6517e3a01960,Message::message_08d31a56b64f,EVENT_HAS_MESSAGE
Event::event_6517e3a01960,Message::message_14a9217cee37,EVENT_HAS_MESSAGE
Event::event_6517e3a01960,Message::message_4eae150b8c92,EVENT_HAS_MESSAGE
Event::event_6517e3a01960,Message::message_56b6015c17fa,EVENT_HAS_MESSAGE
Event::event_6517e3a01960,Message::message_570bbe65f66d,EVENT_HAS_MESSAGE
Event::event_656353341612,Message::message_11a5a3779038,EVENT_HAS_MESSAGE
Event::event_656353341612,Message::message_42eaefe108ef,EVENT_HAS_MESSAGE
Event::event_656353341612,Message::message_5051767f3d31,EVENT_HAS_MESSAGE
Event::event_656353341612,Message::message_a4c93eec4423,EVENT_HAS_MESSAGE
Event::event_656353341612,Message::message_c4bad6d461bd,EVENT_HAS_MESSAGE
Event::event_656353341612,Message::message_fce7fadda4c8,EVENT_HAS_MESSAGE
Event::event_65d9b172fbc2,Message::message_0c152405d793,EVENT_HAS_MESSAGE
Event::event_65d9b172fbc2,Message::message_71866daedc80,EVENT_HAS_MESSAGE
Event::event_65d9b172fbc2,Message::message_71c59e4e9661,EVENT_HAS_MESSAGE
Event::event_65d9b172fbc2,Message::message_9de39e6ba4fe,EVENT_HAS_MESSAGE
Event::event_65d9b172fbc2,Message::message_c8661c47e887,EVENT_HAS_MESSAGE
Event::event_65d9b172fbc2,Message::message_cd4e85a3f2bc,EVENT_HAS_MESSAGE
Event::event_65d9b172fbc2,Message::message_df4bd7728c38,EVENT_HAS_MESSAGE
Event::event_668716fa5460,Message::message_26392e40053d,EVENT_HAS_MESSAGE
Event::event_668716fa5460,Message::message_8953eef70038,EVENT_HAS_MESSAGE
Event::event_668716fa5460,Message::message_913df41773ef,EVENT_HAS_MESSAGE
Event::event_668716fa5460,Message::message_b7a1975e077b,EVENT_HAS_MESSAGE
Event::event_668716fa5460,Message::message_d85cf7fcd613,EVENT_HAS_MESSAGE
Event::event_673480c6a584,Message::message_89332fc1b11a,EVENT_HAS_MESSAGE
Event::event_673480c6a584,Message::message_d02c15225a83,EVENT_HAS_MESSAGE
Event::event_673480c6a584,Message::message_dd888c134c28,EVENT_HAS_MESSAGE
Event::event_673480c6a584,Message::message_ea8ce8f0bc93,EVENT_HAS_MESSAGE
Event::event_673480c6a584,Message::message_f2636efa80fe,EVENT_HAS_MESSAGE
Event::event_673480c6a584,Message::message_f558d2989c30,EVENT_HAS_MESSAGE
Event::event_67d6eb7a52e3,Message::message_0fe86be0ae26,EVENT_HAS_MESSAGE
Event::event_67d6eb7a52e3,Message::message_7ea9f35c76a0,EVENT_HAS_MESSAGE
Event::event_67d6eb7a52e3,Message::message_99862a05da56,EVENT_HAS_MESSAGE
Event::event_67d6eb7a52e3,Message::message_9ef3f57049a1,EVENT_HAS_MESSAGE
Event::event_67d6eb7a52e3,Message::message_b03e127d3957,EVENT_HAS_MESSAGE
Event::event_67d6eb7a52e3,Message::message_c7f969c3da98,EVENT_HAS_MESSAGE
Event::event_67d6eb7a52e3,Message::message_d3776b18cefc,EVENT_HAS_MESSAGE
Event::event_67d6eb7a52e3,Message::message_e532dbd7e115,EVENT_HAS_MESSAGE
Event::event_681a0f4b121f,Message::message_42538ddbe049,EVENT_HAS_MESSAGE
Event::event_681a0f4b121f,Message::message_96db576054d9,EVENT_HAS_MESSAGE
Event::event_681a0f4b121f,Message::message_9ec20f11d4c9,EVENT_HAS_MESSAGE
Event::event_681a0f4b121f,Message::message_a4faad54a04b,EVENT_HAS_MESSAGE
Event::event_681a0f4b121f,Message::message_a89012bc1c62,EVENT_HAS_MESSAGE
Event::event_681a0f4b121f,Message::message_af66e29fabf5,EVENT_HAS_MESSAGE
Event::event_681a0f4b121f,Message::message_ca41a4a690d1,EVENT_HAS_MESSAGE
Event::event_681a0f4b121f,Message::message_fe15927b6a14,EVENT_HAS_MESSAGE
Event::event_68fa4b037b07,Message::message_0f1d45516751,EVENT_HAS_MESSAGE
Event::event_68fa4b037b07,Message::message_25708bfddc7a,EVENT_HAS_MESSAGE
Event::event_68fa4b037b07,Message::message_5d76b7bac48b,EVENT_HAS_MESSAGE
Event::event_68fa4b037b07,Message::message_83673f18778a,EVENT_HAS_MESSAGE
Event::event_68fa4b037b07,Message::message_d5c3c39789fa,EVENT_HAS_MESSAGE
Event::event_68fa4b037b07,Message::message_df958b29988d,EVENT_HAS_MESSAGE
Event::event_6e0f45cec684,Message::message_2892975d707d,EVENT_HAS_MESSAGE
Event::event_6e0f45cec684,Message::message_351afdd821d3,EVENT_HAS_MESSAGE
Event::event_6e0f45cec684,Message::message_55e59d91beaf,EVENT_HAS_MESSAGE
Event::event_6e0f45cec684,Message::message_865074f84ee1,EVENT_HAS_MESSAGE
Event::event_6e0f45cec684,Message::message_ca685566b934,EVENT_HAS_MESSAGE
Event::event_6e0f45cec684,Message::message_df55a8c42bdc,EVENT_HAS_MESSAGE
Event::event_6e0f45cec684,Message::message_e96b22f5f117,EVENT_HAS_MESSAGE
Event::event_6e5bef8925ac,Message::message_4dbcf40a21c1,EVENT_HAS_MESSAGE
Event::event_6e5bef8925ac,Message::message_87e1d5d71b0f,EVENT_HAS_MESSAGE
Event::event_6e5bef8925ac,Message::message_96064b4ea54b,EVENT_HAS_MESSAGE
Event::event_6e5bef8925ac,Message::message_a6ede29fe69a,EVENT_HAS_MESSAGE
Event::event_6e5bef8925ac,Message::message_e8a3fe43a8d7,EVENT_HAS_MESSAGE
Event::event_709479fb7e8e,Message::message_22a4cf5afc47,EVENT_HAS_MESSAGE
Event::event_709479fb7e8e,Message::message_4b1e939be5c6,EVENT_HAS_MESSAGE
Event::event_709479fb7e8e,Message::message_6ed055609509,EVENT_HAS_MESSAGE
Event::event_709479fb7e8e,Message::message_9d27ff78a5cf,EVENT_HAS_MESSAGE
Event::event_7122f74f5916,Message::message_2db89ed42c44,EVENT_HAS_MESSAGE
Event::event_7122f74f5916,Message::message_34861da4e37f,EVENT_HAS_MESSAGE
Event::event_7122f74f5916,Message::message_931ba8a96e09,EVENT_HAS_MESSAGE
Event::event_7122f74f5916,Message::message_fc683c41e5c0,EVENT_HAS_MESSAGE
Event::event_724d42d1789c,Message::message_2940850524be,EVENT_HAS_MESSAGE
Event::event_724d42d1789c,Message::message_6fe0e17c5fc0,EVENT_HAS_MESSAGE
Event::event_724d42d1789c,Message::message_80b5e9a2eb5b,EVENT_HAS_MESSAGE
Event::event_724d42d1789c,Message::message_b4eaf5eeb278,EVENT_HAS_MESSAGE
Event::event_724d42d1789c,Message::message_be4b1dcd778b,EVENT_HAS_MESSAGE
Event::event_724d42d1789c,Message::message_c349529ae18f,EVENT_HAS_MESSAGE
Event::event_724d42d1789c,Message::message_de26dfe2a6fc,EVENT_HAS_MESSAGE
Event::event_724d42d1789c,Message::message_e50cd96ae856,EVENT_HAS_MESSAGE
Event::event_72d3ee9df974,Message::message_1bf85b83d91e,EVENT_HAS_MESSAGE
Event::event_72d3ee9df974,Message::message_2754208e2f7a,EVENT_HAS_MESSAGE
Event::event_72d3ee9df974,Message::message_36f8ac099e67,EVENT_HAS_MESSAGE
Event::event_72d3ee9df974,Message::message_43b6eeabf461,EVENT_HAS_MESSAGE
Event::event_72d3ee9df974,Message::message_6f07220a56a2,EVENT_HAS_MESSAGE
Event::event_72d3ee9df974,Message::message_9a5e27a96cb6,EVENT_HAS_MESSAGE
Event::event_72d3ee9df974,Message::message_bce42055f944,EVENT_HAS_MESSAGE
Event::event_72d3ee9df974,Message::message_fdb6eb558861,EVENT_HAS_MESSAGE
Event::event_731191183003,Message::message_527a22c6a535,EVENT_HAS_MESSAGE
Event::event_731191183003,Message::message_6458cdef7e9d,EVENT_HAS_MESSAGE
Event::event_731191183003,Message::message_70a7487bef8f,EVENT_HAS_MESSAGE
Event::event_731191183003,Message::message_7d21d903bb9a,EVENT_HAS_MESSAGE
Event::event_731191183003,Message::message_8ae4c3504005,EVENT_HAS_MESSAGE
Event::event_731191183003,Message::message_c2dac7369c39,EVENT_HAS_MESSAGE
Event::event_732177d7e241,Message::message_665f3bb31c26,EVENT_HAS_MESSAGE
Event::event_732177d7e241,Message::message_d262dcdb033e,EVENT_HAS_MESSAGE
Event::event_732177d7e241,Message::message_d2b41c1de741,EVENT_HAS_MESSAGE
Event::event_732177d7e241,Message::message_df29be8dd613,EVENT_HAS_MESSAGE
Event::event_7467e1f53e11,Message::message_0a678a1f990d,EVENT_HAS_MESSAGE
Event::event_7467e1f53e11,Message::message_0bea80115381,EVENT_HAS_MESSAGE
Event::event_7467e1f53e11,Message::message_697c4167e00e,EVENT_HAS_MESSAGE
Event::event_7467e1f53e11,Message::message_7f15bc8a2df3,EVENT_HAS_MESSAGE
Event::event_7467e1f53e11,Message::message_ac229013e067,EVENT_HAS_MESSAGE
Event::event_7467e1f53e11,Message::message_adb3500fe8b6,EVENT_HAS_MESSAGE
Event::event_7467e1f53e11,Message::message_d2329610d927,EVENT_HAS_MESSAGE
Event::event_7467e1f53e11,Message::message_d6fd35316338,EVENT_HAS_MESSAGE
Event::event_76c822a306f4,Message::message_004712ec5bed,EVENT_HAS_MESSAGE
Event::event_76c822a306f4,Message::message_576c0a9c281a,EVENT_HAS_MESSAGE
Event::event_76c822a306f4,Message::message_882e91565904,EVENT_HAS_MESSAGE
Event::event_76c822a306f4,Message::message_90b153f5606d,EVENT_HAS_MESSAGE
Event::event_76c822a306f4,Message::message_9df4bc30ad30,EVENT_HAS_MESSAGE
Event::event_76c822a306f4,Message::message_b5c34c307ef7,EVENT_HAS_MESSAGE
Event::event_76c822a306f4,Message::message_c7db9c366d1b,EVENT_HAS_MESSAGE
Event::event_780c95fa24f1,Message::message_0bd86eb014bd,EVENT_HAS_MESSAGE
Event::event_780c95fa24f1,Message::message_0cd8bf651535,EVENT_HAS_MESSAGE
Event::event_780c95fa24f1,Message::message_143d05099866,EVENT_HAS_MESSAGE
Event::event_780c95fa24f1,Message::message_1913cbd39643,EVENT_HAS_MESSAGE
Event::event_780c95fa24f1,Message::message_4347562325b6,EVENT_HAS_MESSAGE
Event::event_780c95fa24f1,Message::message_b6ccb382c409,EVENT_HAS_MESSAGE
Event::event_793eb5cc3758,Message::message_3830bbb451c6,EVENT_HAS_MESSAGE
Event::event_793eb5cc3758,Message::message_43d6edcc7cb2,EVENT_HAS_MESSAGE
Event::event_793eb5cc3758,Message::message_697881cd7b25,EVENT_HAS_MESSAGE
Event::event_793eb5cc3758,Message::message_71fc1f109143,EVENT_HAS_MESSAGE
Event::event_793eb5cc3758,Message::message_839388d7cf37,EVENT_HAS_MESSAGE
Event::event_793eb5cc3758,Message::message_ba2326ec926d,EVENT_HAS_MESSAGE
Event::event_793eb5cc3758,Message::message_d74eaa406909,EVENT_HAS_MESSAGE
Event::event_794b9a0f37b6,Message::message_0fe48f721754,EVENT_HAS_MESSAGE
Event::event_794b9a0f37b6,Message::message_5309169e067b,EVENT_HAS_MESSAGE
Event::event_794b9a0f37b6,Message::message_670ddb64a3e6,EVENT_HAS_MESSAGE
Event::event_794b9a0f37b6,Message::message_8f9a850d36de,EVENT_HAS_MESSAGE
Event::event_794b9a0f37b6,Message::message_b7bae8862a4b,EVENT_HAS_MESSAGE
Event::event_794b9a0f37b6,Message::message_d4cbb6d578d7,EVENT_HAS_MESSAGE
Event::event_794b9a0f37b6,Message::message_f9b60aebb6c3,EVENT_HAS_MESSAGE
Event::event_79f856de5d3a,Message::message_084553711428,EVENT_HAS_MESSAGE
Event::event_79f856de5d3a,Message::message_12157d9c58a3,EVENT_HAS_MESSAGE
Event::event_79f856de5d3a,Message::message_a1ff60d8f16f,EVENT_HAS_MESSAGE
Event::event_79f856de5d3a,Message::message_a3cf8673a35e,EVENT_HAS_MESSAGE
Event::event_7b20c3cf48ef,Message::message_0a3f03add91b,EVENT_HAS_MESSAGE
Event::event_7b20c3cf48ef,Message::message_40d194f29265,EVENT_HAS_MESSAGE
Event::event_7b20c3cf48ef,Message::message_88dfe07197cf,EVENT_HAS_MESSAGE
Event::event_7b20c3cf48ef,Message::message_89e646228ad1,EVENT_HAS_MESSAGE
Event::event_7b20c3cf48ef,Message::message_baba7569aa6b,EVENT_HAS_MESSAGE
Event::event_7b20c3cf48ef,Message::message_c67113046acb,EVENT_HAS_MESSAGE
Event::event_7b20c3cf48ef,Message::message_e2b737a1c916,EVENT_HAS_MESSAGE
Event::event_7ba092af714b,Message::message_2a3965be1dab,EVENT_HAS_MESSAGE
Event::event_7ba092af714b,Message::message_645f1157744d,EVENT_HAS_MESSAGE
Event::event_7ba092af714b,Message::message_653c337c5b01,EVENT_HAS_MESSAGE
Event::event_7ba092af714b,Message::message_7dffc94a1cc1,EVENT_HAS_MESSAGE
Event::event_7ba092af714b,Message::message_f376da6e9bab,EVENT_HAS_MESSAGE
Event::event_7c2d07c505cf,Message::message_4507ade241e0,EVENT_HAS_MESSAGE
Event::event_7c2d07c505cf,Message::message_73cacc0f7212,EVENT_HAS_MESSAGE
Event::event_7c2d07c505cf,Message::message_989d0ac053d3,EVENT_HAS_MESSAGE
Event::event_7c2d07c505cf,Message::message_dcb87efdf279,EVENT_HAS_MESSAGE
Event::event_7cf6fe1f85ab,Message::message_29d85b8c2787,EVENT_HAS_MESSAGE
Event::event_7cf6fe1f85ab,Message::message_6901f1e70a93,EVENT_HAS_MESSAGE
Event::event_7cf6fe1f85ab,Message::message_7009a3e428a9,EVENT_HAS_MESSAGE
Event::event_7cf6fe1f85ab,Message::message_a8cb9f3d9b3b,EVENT_HAS_MESSAGE
Event::event_7cf6fe1f85ab,Message::message_e9c79beba4f9,EVENT_HAS_MESSAGE
Event::event_7cf7a4a696ab,Message::message_0a0dd280d7c5,EVENT_HAS_MESSAGE
Event::event_7cf7a4a696ab,Message::message_0f02c74d9ec3,EVENT_HAS_MESSAGE
Event::event_7cf7a4a696ab,Message::message_670217bfcb9a,EVENT_HAS_MESSAGE
Event::event_7cf7a4a696ab,Message::message_7d929c8d9590,EVENT_HAS_MESSAGE
Event::event_7cf7a4a696ab,Message::message_a4b767e5962b,EVENT_HAS_MESSAGE
Event::event_7cf7a4a696ab,Message::message_b15806075cb5,EVENT_HAS_MESSAGE
Event::event_7cf7a4a696ab,Message::message_d73f2846de38,EVENT_HAS_MESSAGE
Event::event_7d25c29698b6,Message::message_4d74f0eda95b,EVENT_HAS_MESSAGE
Event::event_7d25c29698b6,Message::message_6d3d810ea323,EVENT_HAS_MESSAGE
Event::event_7d25c29698b6,Message::message_7e7e2b16e9c7,EVENT_HAS_MESSAGE
Event::event_7d25c29698b6,Message::message_8225a5de42c9,EVENT_HAS_MESSAGE
Event::event_7d25c29698b6,Message::message_991bd9492006,EVENT_HAS_MESSAGE
Event::event_7d25c29698b6,Message::message_a2faa365e250,EVENT_HAS_MESSAGE
Event::event_7d25c29698b6,Message::message_c86e97f7f877,EVENT_HAS_MESSAGE
Event::event_7d4967c62c86,Message::message_1de3edeb3dff,EVENT_HAS_MESSAGE
Event::event_7d4967c62c86,Message::message_950c78ed42dc,EVENT_HAS_MESSAGE
Event::event_7d4967c62c86,Message::message_a963a1a5b221,EVENT_HAS_MESSAGE
Event::event_7d4967c62c86,Message::message_b37f6497d021,EVENT_HAS_MESSAGE
Event::event_7d4967c62c86,Message::message_f9e22ae80804,EVENT_HAS_MESSAGE
Event::event_7d5785e0bf41,Message::message_1aef45a624cc,EVENT_HAS_MESSAGE
Event::event_7d5785e0bf41,Message::message_3846767551bc,EVENT_HAS_MESSAGE
Event::event_7d5785e0bf41,Message::message_48038d64a904,EVENT_HAS_MESSAGE
Event::event_7d5785e0bf41,Message::message_5faef1c13cb5,EVENT_HAS_MESSAGE
Event::event_7d5785e0bf41,Message::message_606157f30ed4,EVENT_HAS_MESSAGE
Event::event_7d5785e0bf41,Message::message_7f7958c6fd20,EVENT_HAS_MESSAGE
Event::event_7d5785e0bf41,Message::message_bdc7c8a80ca4,EVENT_HAS_MESSAGE
Event::event_7d5785e0bf41,Message::message_fcc13972d92b,EVENT_HAS_MESSAGE
Event::event_7dce7853327a,Message::message_3e9eba6940a9,EVENT_HAS_MESSAGE
Event::event_7dce7853327a,Message::message_70e2f445c71f,EVENT_HAS_MESSAGE
Event::event_7dce7853327a,Message::message_89d821ef92cd,EVENT_HAS_MESSAGE
Event::event_7dce7853327a,Message::message_8c97e42e1eda,EVENT_HAS_MESSAGE
Event::event_7dce7853327a,Message::message_bb8cc785fa17,EVENT_HAS_MESSAGE
Event::event_7dce7853327a,Message::message_f93429df9f71,EVENT_HAS_MESSAGE
Event::event_7dce7853327a,Message::message_ff16b8c28d64,EVENT_HAS_MESSAGE
Event::event_817cdf84ce45,Message::message_02cf28799cd3,EVENT_HAS_MESSAGE
Event::event_817cdf84ce45,Message::message_1d011a0a78c8,EVENT_HAS_MESSAGE
Event::event_817cdf84ce45,Message::message_3714c9732387,EVENT_HAS_MESSAGE
Event::event_817cdf84ce45,Message::message_5ac63a82e588,EVENT_HAS_MESSAGE
Event::event_817cdf84ce45,Message::message_7b6326a124d0,EVENT_HAS_MESSAGE
Event::event_817cdf84ce45,Message::message_98ea620d98ba,EVENT_HAS_MESSAGE
Event::event_817cdf84ce45,Message::message_cc1b37aee94e,EVENT_HAS_MESSAGE
Event::event_83f1aaa4343d,Message::message_a0982be01e4c,EVENT_HAS_MESSAGE
Event::event_83f1aaa4343d,Message::message_e31bc5934689,EVENT_HAS_MESSAGE
Event::event_83f1aaa4343d,Message::message_e929f31aee30,EVENT_HAS_MESSAGE
Event::event_83f1aaa4343d,Message::message_f1f5a2c5ed40,EVENT_HAS_MESSAGE
Event::event_852b55ae8ff6,Message::message_184dd7b790bf,EVENT_HAS_MESSAGE
Event::event_852b55ae8ff6,Message::message_2f5048fd8871,EVENT_HAS_MESSAGE
Event::event_852b55ae8ff6,Message::message_8315551b025b,EVENT_HAS_MESSAGE
Event::event_852b55ae8ff6,Message::message_8fdb412c5a79,EVENT_HAS_MESSAGE
Event::event_852b55ae8ff6,Message::message_df775e8ffa76,EVENT_HAS_MESSAGE
Event::event_880a377966a8,Message::message_51a02127c377,EVENT_HAS_MESSAGE
Event::event_880a377966a8,Message::message_8fb8a9011181,EVENT_HAS_MESSAGE
Event::event_880a377966a8,Message::message_dd7b482aa04f,EVENT_HAS_MESSAGE
Event::event_880a377966a8,Message::message_ff739225a62a,EVENT_HAS_MESSAGE
Event::event_89f58a9c303d,Message::message_29eeb28a584a,EVENT_HAS_MESSAGE
Event::event_89f58a9c303d,Message::message_8e053dac363d,EVENT_HAS_MESSAGE
Event::event_89f58a9c303d,Message::message_eb92c3f4492c,EVENT_HAS_MESSAGE
Event::event_89f58a9c303d,Message::message_f1ef2dce4f6e,EVENT_HAS_MESSAGE
Event::event_8b188eea9d21,Message::message_1653397e3083,EVENT_HAS_MESSAGE
Event::event_8b188eea9d21,Message::message_2b145ed6c5f0,EVENT_HAS_MESSAGE
Event::event_8b188eea9d21,Message::message_68167dd57b6e,EVENT_HAS_MESSAGE
Event::event_8b188eea9d21,Message::message_b543b5512c7c,EVENT_HAS_MESSAGE
Event::event_8b3d4b34b894,Message::message_04df07373dbf,EVENT_HAS_MESSAGE
Event::event_8b3d4b34b894,Message::message_11c7b76a0af0,EVENT_HAS_MESSAGE
Event::event_8b3d4b34b894,Message::message_21d49a265f6e,EVENT_HAS_MESSAGE
Event::event_8b3d4b34b894,Message::message_4a2afa272ad8,EVENT_HAS_MESSAGE
Event::event_8b3d4b34b894,Message::message_4e9d3acd6ec8,EVENT_HAS_MESSAGE
Event::event_8b3d4b34b894,Message::message_8ab735602aef,EVENT_HAS_MESSAGE
Event::event_8b3d4b34b894,Message::message_e2bd381f232c,EVENT_HAS_MESSAGE
Event::event_8b3d4b34b894,Message::message_fb5cdfa804c0,EVENT_HAS_MESSAGE
Event::event_8c29135abac0,Message::message_15e597b6c1ab,EVENT_HAS_MESSAGE
Event::event_8c29135abac0,Message::message_254ae0f7ca1b,EVENT_HAS_MESSAGE
Event::event_8c29135abac0,Message::message_4d397156e12d,EVENT_HAS_MESSAGE
Event::event_8c29135abac0,Message::message_cbb11d9fda43,EVENT_HAS_MESSAGE
Event::event_8c29135abac0,Message::message_e7945ed9103a,EVENT_HAS_MESSAGE
Event::event_8c9b8b24a51c,Message::message_05a25e9a7f38,EVENT_HAS_MESSAGE
Event::event_8c9b8b24a51c,Message::message_22644d8e183c,EVENT_HAS_MESSAGE
Event::event_8c9b8b24a51c,Message::message_8a369e2c84a8,EVENT_HAS_MESSAGE
Event::event_8c9b8b24a51c,Message::message_b0476c6c21ea,EVENT_HAS_MESSAGE
Event::event_8c9b8b24a51c,Message::message_bb28215c0d6c,EVENT_HAS_MESSAGE
Event::event_8c9b8b24a51c,Message::message_f899832b7db1,EVENT_HAS_MESSAGE
Event::event_8cdb82c9630e,Message::message_226d37d71bac,EVENT_HAS_MESSAGE
Event::event_8cdb82c9630e,Message::message_6a9c7a1bc0be,EVENT_HAS_MESSAGE
Event::event_8cdb82c9630e,Message::message_74978603d18f,EVENT_HAS_MESSAGE
Event::event_8cdb82c9630e,Message::message_d83aacd462c0,EVENT_HAS_MESSAGE
Event::event_8cdb82c9630e,Message::message_ecefd8eee554,EVENT_HAS_MESSAGE
Event::event_8d7423c933c5,Message::message_4cd107d7427e,EVENT_HAS_MESSAGE
Event::event_8d7423c933c5,Message::message_7866ed5e909a,EVENT_HAS_MESSAGE
Event::event_8d7423c933c5,Message::message_9ded3edd6dd1,EVENT_HAS_MESSAGE
Event::event_8d7423c933c5,Message::message_fbc6fbd83816,EVENT_HAS_MESSAGE
Event::event_8f387c590f91,Message::message_035a65eef8dc,EVENT_HAS_MESSAGE
Event::event_8f387c590f91,Message::message_3c476213fd23,EVENT_HAS_MESSAGE
Event::event_8f387c590f91,Message::message_8c24c0cb5526,EVENT_HAS_MESSAGE
Event::event_8f387c590f91,Message::message_9acc6e8bd0cb,EVENT_HAS_MESSAGE
Event::event_8f387c590f91,Message::message_c4197767835a,EVENT_HAS_MESSAGE
Event::event_8f387c590f91,Message::message_d08e3803c7b9,EVENT_HAS_MESSAGE
Event::event_8f387c590f91,Message::message_d2ccb685a631,EVENT_HAS_MESSAGE
Event::event_8f387c590f91,Message::message_eaced0ec35d2,EVENT_HAS_MESSAGE
Event::event_9061bb01cff7,Message::message_2c267f977d9e,EVENT_HAS_MESSAGE
Event::event_9061bb01cff7,Message::message_643a89f16062,EVENT_HAS_MESSAGE
Event::event_9061bb01cff7,Message::message_7405a62d19d0,EVENT_HAS_MESSAGE
Event::event_9061bb01cff7,Message::message_8508271831ed,EVENT_HAS_MESSAGE
Event::event_9061bb01cff7,Message::message_8cd3e1108960,EVENT_HAS_MESSAGE
Event::event_9061bb01cff7,Message::message_8d93b639affe,EVENT_HAS_MESSAGE
Event::event_9061bb01cff7,Message::message_8f42acdb3886,EVENT_HAS_MESSAGE
Event::event_9061bb01cff7,Message::message_d30f9da9aad8,EVENT_HAS_MESSAGE
Event::event_9123926b3608,Message::message_0007f4638de5,EVENT_HAS_MESSAGE
Event::event_9123926b3608,Message::message_21c637e9bf32,EVENT_HAS_MESSAGE
Event::event_9123926b3608,Message::message_698426343f90,EVENT_HAS_MESSAGE
Event::event_9123926b3608,Message::message_6c5838006d53,EVENT_HAS_MESSAGE
Event::event_9123926b3608,Message::message_71f38fc67ade,EVENT_HAS_MESSAGE
Event::event_9123926b3608,Message::message_8c7a7b97d511,EVENT_HAS_MESSAGE
Event::event_9123926b3608,Message::message_d4d6fdf25d9d,EVENT_HAS_MESSAGE
Event::event_9123926b3608,Message::message_dee3aea94bdb,EVENT_HAS_MESSAGE
Event::event_912be879b778,Message::message_352ea3b88294,EVENT_HAS_MESSAGE
Event::event_912be879b778,Message::message_611122054321,EVENT_HAS_MESSAGE
Event::event_912be879b778,Message::message_afcbb4cec738,EVENT_HAS_MESSAGE
Event::event_912be879b778,Message::message_b300161adf74,EVENT_HAS_MESSAGE
Event::event_912be879b778,Message::message_b96d2aa12139,EVENT_HAS_MESSAGE
Event::event_912be879b778,Message::message_be1ca0f33e8d,EVENT_HAS_MESSAGE
Event::event_912be879b778,Message::message_c5caeac4c678,EVENT_HAS_MESSAGE
Event::event_912be879b778,Message::message_f9f4c3a8499c,EVENT_HAS_MESSAGE
Event::event_914bc2b32205,Message::message_4cbda1dd35b7,EVENT_HAS_MESSAGE
Event::event_914bc2b32205,Message::message_623745b3e14b,EVENT_HAS_MESSAGE
Event::event_914bc2b32205,Message::message_6bb331eae21f,EVENT_HAS_MESSAGE
Event::event_914bc2b32205,Message::message_98ee7021857d,EVENT_HAS_MESSAGE
Event::event_914bc2b32205,Message::message_9c00ca5934af,EVENT_HAS_MESSAGE
Event::event_914bc2b32205,Message::message_ecd99945d6c7,EVENT_HAS_MESSAGE
Event::event_92ec8a803166,Message::message_1d5889a31b7f,EVENT_HAS_MESSAGE
Event::event_92ec8a803166,Message::message_3b7792d230bc,EVENT_HAS_MESSAGE
Event::event_92ec8a803166,Message::message_5eaddcb2530f,EVENT_HAS_MESSAGE
Event::event_92ec8a803166,Message::message_9540dc6a275f,EVENT_HAS_MESSAGE
Event::event_92ec8a803166,Message::message_95abb29ffc24,EVENT_HAS_MESSAGE
Event::event_92ec8a803166,Message::message_a0f0dab3c5b2,EVENT_HAS_MESSAGE
Event::event_92ec8a803166,Message::message_c808b3d8f747,EVENT_HAS_MESSAGE
Event::event_92ec8a803166,Message::message_eb43e69aae3b,EVENT_HAS_MESSAGE
Event::event_93300e115221,Message::message_451bc6ff679a,EVENT_HAS_MESSAGE
Event::event_93300e115221,Message::message_4d45f3d12b55,EVENT_HAS_MESSAGE
Event::event_93300e115221,Message::message_7927cf378c47,EVENT_HAS_MESSAGE
Event::event_93300e115221,Message::message_9451908a411b,EVENT_HAS_MESSAGE
Event::event_93300e115221,Message::message_9cf889ef94a7,EVENT_HAS_MESSAGE
Event::event_93300e115221,Message::message_ce349dfdea9f,EVENT_HAS_MESSAGE
Event::event_93300e115221,Message::message_cf69c5687e45,EVENT_HAS_MESSAGE
Event::event_93300e115221,Message::message_e6d481a73c1c,EVENT_HAS_MESSAGE
Event::event_942d32ad8213,Message::message_1dfbd6e33bfc,EVENT_HAS_MESSAGE
Event::event_942d32ad8213,Message::message_498737c896c3,EVENT_HAS_MESSAGE
Event::event_942d32ad8213,Message::message_5cdc2aa58e02,EVENT_HAS_MESSAGE
Event::event_942d32ad8213,Message::message_6299ff9516c0,EVENT_HAS_MESSAGE
Event::event_942d32ad8213,Message::message_da4def3f1daf,EVENT_HAS_MESSAGE
Event::event_9574cad4294c,Message::message_0efdb07fa575,EVENT_HAS_MESSAGE
Event::event_9574cad4294c,Message::message_1cb67de5968f,EVENT_HAS_MESSAGE
Event::event_9574cad4294c,Message::message_42df4a3331a1,EVENT_HAS_MESSAGE
Event::event_9574cad4294c,Message::message_545090183cc5,EVENT_HAS_MESSAGE
Event::event_9574cad4294c,Message::message_6b3832a31893,EVENT_HAS_MESSAGE
Event::event_9574cad4294c,Message::message_767b9a4df7c9,EVENT_HAS_MESSAGE
Event::event_9574cad4294c,Message::message_7cc3c13c3c9f,EVENT_HAS_MESSAGE
Event::event_9574cad4294c,Message::message_b5618d640c3a,EVENT_HAS_MESSAGE
Event::event_992265af59e7,Message::message_13c945e24d8c,EVENT_HAS_MESSAGE
Event::event_992265af59e7,Message::message_727e2efea1c7,EVENT_HAS_MESSAGE
Event::event_992265af59e7,Message::message_d8212f20060d,EVENT_HAS_MESSAGE
Event::event_992265af59e7,Message::message_f5c16f14c1f7,EVENT_HAS_MESSAGE
Event::event_992265af59e7,Message::message_fdaf601d4d3c,EVENT_HAS_MESSAGE
Event::event_993373bca03d,Message::message_2c01ac72ed4c,EVENT_HAS_MESSAGE
Event::event_993373bca03d,Message::message_4b75fab3244a,EVENT_HAS_MESSAGE
Event::event_993373bca03d,Message::message_558df37f8717,EVENT_HAS_MESSAGE
Event::event_993373bca03d,Message::message_715a5027d586,EVENT_HAS_MESSAGE
Event::event_993373bca03d,Message::message_cb5c4d0c4c77,EVENT_HAS_MESSAGE
Event::event_993373bca03d,Message::message_cd9a33b7d9d1,EVENT_HAS_MESSAGE
Event::event_99c5681b4262,Message::message_7cc1296a7904,EVENT_HAS_MESSAGE
Event::event_99c5681b4262,Message::message_990c4e882b95,EVENT_HAS_MESSAGE
Event::event_99c5681b4262,Message::message_ad4b40ec4bdf,EVENT_HAS_MESSAGE
Event::event_99c5681b4262,Message::message_e6ddb10cc018,EVENT_HAS_MESSAGE
Event::event_9a47a4a80e64,Message::message_0fd35f005b29,EVENT_HAS_MESSAGE
Event::event_9a47a4a80e64,Message::message_48f55971b1c4,EVENT_HAS_MESSAGE
Event::event_9a47a4a80e64,Message::message_52f2cafc0fb5,EVENT_HAS_MESSAGE
Event::event_9a47a4a80e64,Message::message_88c29bb982c4,EVENT_HAS_MESSAGE
Event::event_9a47a4a80e64,Message::message_9bed43ae1626,EVENT_HAS_MESSAGE
Event::event_9a47a4a80e64,Message::message_c330b6e72d11,EVENT_HAS_MESSAGE
Event::event_9ac0a2c77c0a,Message::message_a09d87207b47,EVENT_HAS_MESSAGE
Event::event_9ac0a2c77c0a,Message::message_a225a08b4f91,EVENT_HAS_MESSAGE
Event::event_9ac0a2c77c0a,Message::message_ae49d615d431,EVENT_HAS_MESSAGE
Event::event_9ac0a2c77c0a,Message::message_b88a790d8158,EVENT_HAS_MESSAGE
Event::event_9b9f167c9e7e,Message::message_3a82b5b37dde,EVENT_HAS_MESSAGE
Event::event_9b9f167c9e7e,Message::message_9edf0c40dbb3,EVENT_HAS_MESSAGE
Event::event_9b9f167c9e7e,Message::message_b50e780bc69d,EVENT_HAS_MESSAGE
Event::event_9b9f167c9e7e,Message::message_b8a3be10528e,EVENT_HAS_MESSAGE
Event::event_9c0778bd1c34,Message::message_222aa193d541,EVENT_HAS_MESSAGE
Event::event_9c0778bd1c34,Message::message_4867e8954b53,EVENT_HAS_MESSAGE
Event::event_9c0778bd1c34,Message::message_63a6cec0e05a,EVENT_HAS_MESSAGE
Event::event_9c0778bd1c34,Message::message_ae7a2aa9ccea,EVENT_HAS_MESSAGE
Event::event_9c0778bd1c34,Message::message_e4be9a83d1da,EVENT_HAS_MESSAGE
Event::event_9c644e806eb3,Message::message_12bc1909077d,EVENT_HAS_MESSAGE
Event::event_9c644e806eb3,Message::message_2d9cf3b6c5d9,EVENT_HAS_MESSAGE
Event::event_9c644e806eb3,Message::message_567aba161a79,EVENT_HAS_MESSAGE
Event::event_9c644e806eb3,Message::message_67226f6a6dba,EVENT_HAS_MESSAGE
Event::event_9c644e806eb3,Message::message_8fef1a5d897a,EVENT_HAS_MESSAGE
Event::event_9c644e806eb3,Message::message_919ae4957a15,EVENT_HAS_MESSAGE
Event::event_9c644e806eb3,Message::message_c7a23d89b324,EVENT_HAS_MESSAGE
Event::event_9ec728605a34,Message::message_3dd188313d9b,EVENT_HAS_MESSAGE
Event::event_9ec728605a34,Message::message_4308754d5fff,EVENT_HAS_MESSAGE
Event::event_9ec728605a34,Message::message_8f85a1dc1b40,EVENT_HAS_MESSAGE
Event::event_9ec728605a34,Message::message_a20ffa60dc15,EVENT_HAS_MESSAGE
Event::event_9ec728605a34,Message::message_add25f15a758,EVENT_HAS_MESSAGE
Event::event_9ec728605a34,Message::message_d342daba57cc,EVENT_HAS_MESSAGE
Event::event_a05b43d094d4,Message::message_1e91aa19a95a,EVENT_HAS_MESSAGE
Event::event_a05b43d094d4,Message::message_244efc0d8279,EVENT_HAS_MESSAGE
Event::event_a05b43d094d4,Message::message_576f409bec66,EVENT_HAS_MESSAGE
Event::event_a05b43d094d4,Message::message_a01a4a96ced1,EVENT_HAS_MESSAGE
Event::event_a05b43d094d4,Message::message_a84b9cfbc360,EVENT_HAS_MESSAGE
Event::event_a05b43d094d4,Message::message_b007b1d8b066,EVENT_HAS_MESSAGE
Event::event_a05b43d094d4,Message::message_b1c2ca7627b0,EVENT_HAS_MESSAGE
Event::event_a05b43d094d4,Message::message_be5a22246f83,EVENT_HAS_MESSAGE
Event::event_a122f25f71aa,Message::message_33c70b154aad,EVENT_HAS_MESSAGE
Event::event_a122f25f71aa,Message::message_3ce25f7f96bf,EVENT_HAS_MESSAGE
Event::event_a122f25f71aa,Message::message_4606cb539224,EVENT_HAS_MESSAGE
Event::event_a122f25f71aa,Message::message_48d103f99d5b,EVENT_HAS_MESSAGE
Event::event_a122f25f71aa,Message::message_65f3d127f8f2,EVENT_HAS_MESSAGE
Event::event_a122f25f71aa,Message::message_72e5d8cf0908,EVENT_HAS_MESSAGE
Event::event_a122f25f71aa,Message::message_98b8221cb003,EVENT_HAS_MESSAGE
Event::event_a12be4513720,Message::message_359aa0005774,EVENT_HAS_MESSAGE
Event::event_a12be4513720,Message::message_7a0eab917c33,EVENT_HAS_MESSAGE
Event::event_a12be4513720,Message::message_8e2769c071ff,EVENT_HAS_MESSAGE
Event::event_a12be4513720,Message::message_947804d6f000,EVENT_HAS_MESSAGE
Event::event_a12be4513720,Message::message_e42e469fa49a,EVENT_HAS_MESSAGE
Event::event_a172b5c9ad5c,Message::message_03b12f447059,EVENT_HAS_MESSAGE
Event::event_a172b5c9ad5c,Message::message_06744bcdf254,EVENT_HAS_MESSAGE
Event::event_a172b5c9ad5c,Message::message_0a3be62cbe27,EVENT_HAS_MESSAGE
Event::event_a172b5c9ad5c,Message::message_16f9bf7eb123,EVENT_HAS_MESSAGE
Event::event_a172b5c9ad5c,Message::message_56bc92eff832,EVENT_HAS_MESSAGE
Event::event_a172b5c9ad5c,Message::message_b3aa845b244d,EVENT_HAS_MESSAGE
Event::event_a19379081937,Message::message_23f44f4df40b,EVENT_HAS_MESSAGE
Event::event_a19379081937,Message::message_b078415d98fc,EVENT_HAS_MESSAGE
Event::event_a19379081937,Message::message_b8a951b872c8,EVENT_HAS_MESSAGE
Event::event_a19379081937,Message::message_c88a5ee96825,EVENT_HAS_MESSAGE
Event::event_a19379081937,Message::message_d1ab4f43746b,EVENT_HAS_MESSAGE
Event::event_a19379081937,Message::message_deff0cca4208,EVENT_HAS_MESSAGE
Event::event_a19379081937,Message::message_e598188f0a31,EVENT_HAS_MESSAGE
Event::event_a20ffd583ad5,Message::message_281fb4f549b8,EVENT_HAS_MESSAGE
Event::event_a20ffd583ad5,Message::message_6775dd0002fe,EVENT_HAS_MESSAGE
Event::event_a20ffd583ad5,Message::message_6944ae19eb75,EVENT_HAS_MESSAGE
Event::event_a20ffd583ad5,Message::message_752f16d0e157,EVENT_HAS_MESSAGE
Event::event_a20ffd583ad5,Message::message_88442e89b0b7,EVENT_HAS_MESSAGE
Event::event_a20ffd583ad5,Message::message_a4f6feeec1bc,EVENT_HAS_MESSAGE
Event::event_a20ffd583ad5,Message::message_ab70b420a227,EVENT_HAS_MESSAGE
Event::event_a20ffd583ad5,Message::message_b27c129a2cb1,EVENT_HAS_MESSAGE
Event::event_a3ab67050ec8,Message::message_8edec94c6d53,EVENT_HAS_MESSAGE
Event::event_a3ab67050ec8,Message::message_9866d1bfbbdb,EVENT_HAS_MESSAGE
Event::event_a3ab67050ec8,Message::message_a448095215da,EVENT_HAS_MESSAGE
Event::event_a3ab67050ec8,Message::message_c904274d577d,EVENT_HAS_MESSAGE
Event::event_a430da8b72be,Message::message_02b786cdfd21,EVENT_HAS_MESSAGE
Event::event_a430da8b72be,Message::message_80bb24ab3afd,EVENT_HAS_MESSAGE
Event::event_a430da8b72be,Message::message_aca38e5df9ef,EVENT_HAS_MESSAGE
Event::event_a430da8b72be,Message::message_b162bd907434,EVENT_HAS_MESSAGE
Event::event_a430da8b72be,Message::message_c6ca120edcc1,EVENT_HAS_MESSAGE
Event::event_a430da8b72be,Message::message_fb95669f688c,EVENT_HAS_MESSAGE
Event::event_a461a9c10bb9,Message::message_41ef8beacfa5,EVENT_HAS_MESSAGE
Event::event_a461a9c10bb9,Message::message_6be1c4a40089,EVENT_HAS_MESSAGE
Event::event_a461a9c10bb9,Message::message_a9e08d39de02,EVENT_HAS_MESSAGE
Event::event_a461a9c10bb9,Message::message_c9f922e30a80,EVENT_HAS_MESSAGE
Event::event_a461a9c10bb9,Message::message_f7dc1de66219,EVENT_HAS_MESSAGE
Event::event_a5240b8f5ec4,Message::message_af8dd92d4fbb,EVENT_HAS_MESSAGE
Event::event_a5240b8f5ec4,Message::message_b2c290db9b2d,EVENT_HAS_MESSAGE
Event::event_a5240b8f5ec4,Message::message_c48b20d887a7,EVENT_HAS_MESSAGE
Event::event_a5240b8f5ec4,Message::message_e45c1bfc9508,EVENT_HAS_MESSAGE
Event::event_a8b7981d734a,Message::message_43ad4166c348,EVENT_HAS_MESSAGE
Event::event_a8b7981d734a,Message::message_4a9ae0bee4ff,EVENT_HAS_MESSAGE
Event::event_a8b7981d734a,Message::message_5b613b07e2d3,EVENT_HAS_MESSAGE
Event::event_a8b7981d734a,Message::message_c197eada97ef,EVENT_HAS_MESSAGE
Event::event_a8b7981d734a,Message::message_d80efeedd526,EVENT_HAS_MESSAGE
Event::event_a8b7981d734a,Message::message_f0df02efcee3,EVENT_HAS_MESSAGE
Event::event_a8f7a0d3ddb7,Message::message_10d00e851267,EVENT_HAS_MESSAGE
Event::event_a8f7a0d3ddb7,Message::message_1c6848105ab5,EVENT_HAS_MESSAGE
Event::event_a8f7a0d3ddb7,Message::message_4c1d3f40e5b1,EVENT_HAS_MESSAGE
Event::event_a8f7a0d3ddb7,Message::message_5722007a99e0,EVENT_HAS_MESSAGE
Event::event_a8f7a0d3ddb7,Message::message_5eb2ab85a8f9,EVENT_HAS_MESSAGE
Event::event_a8f7a0d3ddb7,Message::message_7a42ccc446c9,EVENT_HAS_MESSAGE
Event::event_a8f7a0d3ddb7,Message::message_d6a877ed2c10,EVENT_HAS_MESSAGE
Event::event_a90922b8c751,Message::message_2cd0f9ed9b4d,EVENT_HAS_MESSAGE
Event::event_a90922b8c751,Message::message_9048e06626a6,EVENT_HAS_MESSAGE
Event::event_a90922b8c751,Message::message_9382e5342b40,EVENT_HAS_MESSAGE
Event::event_a90922b8c751,Message::message_bcf89cc4e181,EVENT_HAS_MESSAGE
Event::event_a90922b8c751,Message::message_bf459e843315,EVENT_HAS_MESSAGE
Event::event_a90922b8c751,Message::message_d8dafbd59031,EVENT_HAS_MESSAGE
Event::event_aaa83bff47f9,Message::message_0d45e6270705,EVENT_HAS_MESSAGE
Event::event_aaa83bff47f9,Message::message_3febd3d1ab30,EVENT_HAS_MESSAGE
Event::event_aaa83bff47f9,Message::message_4b612400014a,EVENT_HAS_MESSAGE
Event::event_aaa83bff47f9,Message::message_83e109dcf517,EVENT_HAS_MESSAGE
Event::event_aaa83bff47f9,Message::message_aaef2f43aab2,EVENT_HAS_MESSAGE
Event::event_aaa83bff47f9,Message::message_be5a1051f4b8,EVENT_HAS_MESSAGE
Event::event_aaa83bff47f9,Message::message_dfc63dd35ccb,EVENT_HAS_MESSAGE
Event::event_aad82a6c7be5,Message::message_45916ec5be68,EVENT_HAS_MESSAGE
Event::event_aad82a6c7be5,Message::message_540c445f021d,EVENT_HAS_MESSAGE
Event::event_aad82a6c7be5,Message::message_6b56a1120a23,EVENT_HAS_MESSAGE
Event::event_aad82a6c7be5,Message::message_8652331cf8ff,EVENT_HAS_MESSAGE
Event::event_aad82a6c7be5,Message::message_a0782bbc372c,EVENT_HAS_MESSAGE
Event::event_aad82a6c7be5,Message::message_e21f5fbce7e4,EVENT_HAS_MESSAGE
Event::event_aad82a6c7be5,Message::message_e76001874b8f,EVENT_HAS_MESSAGE
Event::event_abe212840fef,Message::message_19e14ae1b1a7,EVENT_HAS_MESSAGE
Event::event_abe212840fef,Message::message_3512780ecb91,EVENT_HAS_MESSAGE
Event::event_abe212840fef,Message::message_5c362953f957,EVENT_HAS_MESSAGE
Event::event_abe212840fef,Message::message_7961293c0a7b,EVENT_HAS_MESSAGE
Event::event_abe212840fef,Message::message_8dc45891d5b5,EVENT_HAS_MESSAGE
Event::event_abe212840fef,Message::message_9697a430a8c2,EVENT_HAS_MESSAGE
Event::event_abe212840fef,Message::message_998f341a674f,EVENT_HAS_MESSAGE
Event::event_abe212840fef,Message::message_dad3bf072a77,EVENT_HAS_MESSAGE
Event::event_ac67b3c3aba8,Message::message_12caa64eff4f,EVENT_HAS_MESSAGE
Event::event_ac67b3c3aba8,Message::message_2521d7e97d7d,EVENT_HAS_MESSAGE
Event::event_ac67b3c3aba8,Message::message_6e8044c3457d,EVENT_HAS_MESSAGE
Event::event_ac67b3c3aba8,Message::message_8c68f50984b0,EVENT_HAS_MESSAGE
Event::event_ac67b3c3aba8,Message::message_9a968741522e,EVENT_HAS_MESSAGE
Event::event_ac67b3c3aba8,Message::message_a01d95b167ea,EVENT_HAS_MESSAGE
Event::event_ad86c3b9249f,Message::message_5d4715de3d19,EVENT_HAS_MESSAGE
Event::event_ad86c3b9249f,Message::message_61c6c509555c,EVENT_HAS_MESSAGE
Event::event_ad86c3b9249f,Message::message_63a3969c952b,EVENT_HAS_MESSAGE
Event::event_ad86c3b9249f,Message::message_74ec23835796,EVENT_HAS_MESSAGE
Event::event_ad86c3b9249f,Message::message_a6e5eda14047,EVENT_HAS_MESSAGE
Event::event_ad86c3b9249f,Message::message_d23e4a02677a,EVENT_HAS_MESSAGE
Event::event_ad86c3b9249f,Message::message_ee0e9960cd40,EVENT_HAS_MESSAGE
Event::event_afcbbd08ccc2,Message::message_2d3e454d5459,EVENT_HAS_MESSAGE
Event::event_afcbbd08ccc2,Message::message_3ccb2380f4d1,EVENT_HAS_MESSAGE
Event::event_afcbbd08ccc2,Message::message_6267d13ce0c7,EVENT_HAS_MESSAGE
Event::event_afcbbd08ccc2,Message::message_7cd3900f46f3,EVENT_HAS_MESSAGE
Event::event_afcbbd08ccc2,Message::message_811ff15498cb,EVENT_HAS_MESSAGE
Event::event_afcbbd08ccc2,Message::message_c2282ef43c5b,EVENT_HAS_MESSAGE
Event::event_b081149bf60d,Message::message_36400a8a10e3,EVENT_HAS_MESSAGE
Event::event_b081149bf60d,Message::message_527e162c58ef,EVENT_HAS_MESSAGE
Event::event_b081149bf60d,Message::message_cecef0ca1891,EVENT_HAS_MESSAGE
Event::event_b081149bf60d,Message::message_e64822db3d2b,EVENT_HAS_MESSAGE
Event::event_b1f09822f639,Message::message_72bdd787b687,EVENT_HAS_MESSAGE
Event::event_b1f09822f639,Message::message_933658ffab3c,EVENT_HAS_MESSAGE
Event::event_b1f09822f639,Message::message_dcb489f40af7,EVENT_HAS_MESSAGE
Event::event_b1f09822f639,Message::message_eae102e00589,EVENT_HAS_MESSAGE
Event::event_b1f221297bf6,Message::message_01856a3388c9,EVENT_HAS_MESSAGE
Event::event_b1f221297bf6,Message::message_097d45c80a02,EVENT_HAS_MESSAGE
Event::event_b1f221297bf6,Message::message_4b3ef5e359fd,EVENT_HAS_MESSAGE
Event::event_b1f221297bf6,Message::message_5949d2837810,EVENT_HAS_MESSAGE
Event::event_b1f221297bf6,Message::message_b17e66c50478,EVENT_HAS_MESSAGE
Event::event_b1f221297bf6,Message::message_d2ddd023e112,EVENT_HAS_MESSAGE
Event::event_b1f221297bf6,Message::message_da7dfc59cf26,EVENT_HAS_MESSAGE
Event::event_b3954eeca9e2,Message::message_0493e3bec95f,EVENT_HAS_MESSAGE
Event::event_b3954eeca9e2,Message::message_21c313530223,EVENT_HAS_MESSAGE
Event::event_b3954eeca9e2,Message::message_8464cfdba227,EVENT_HAS_MESSAGE
Event::event_b3954eeca9e2,Message::message_861ff1523841,EVENT_HAS_MESSAGE
Event::event_b3954eeca9e2,Message::message_a0bce00f4ba9,EVENT_HAS_MESSAGE
Event::event_b3954eeca9e2,Message::message_df7168c2392b,EVENT_HAS_MESSAGE
Event::event_b3954eeca9e2,Message::message_e695f43a4c00,EVENT_HAS_MESSAGE
Event::event_b4e5147fcef4,Message::message_125b11b51d94,EVENT_HAS_MESSAGE
Event::event_b4e5147fcef4,Message::message_290e390cf559,EVENT_HAS_MESSAGE
Event::event_b4e5147fcef4,Message::message_365996a106b6,EVENT_HAS_MESSAGE
Event::event_b4e5147fcef4,Message::message_8a0509bf8938,EVENT_HAS_MESSAGE
Event::event_b4e5147fcef4,Message::message_e638e3f6fbf0,EVENT_HAS_MESSAGE
Event::event_b5990ddd8e29,Message::message_37217fc558cc,EVENT_HAS_MESSAGE
Event::event_b5990ddd8e29,Message::message_58be471fa5a5,EVENT_HAS_MESSAGE
Event::event_b5990ddd8e29,Message::message_596b5c70391f,EVENT_HAS_MESSAGE
Event::event_b5990ddd8e29,Message::message_5a107627a4d1,EVENT_HAS_MESSAGE
Event::event_b5990ddd8e29,Message::message_71582f4731f9,EVENT_HAS_MESSAGE
Event::event_b5990ddd8e29,Message::message_97c8b7e417d3,EVENT_HAS_MESSAGE
Event::event_b5990ddd8e29,Message::message_f6120e8c4178,EVENT_HAS_MESSAGE
Event::event_ba3263fb68e2,Message::message_04f0316ef3f1,EVENT_HAS_MESSAGE
Event::event_ba3263fb68e2,Message::message_19c1d764cdaa,EVENT_HAS_MESSAGE
Event::event_ba3263fb68e2,Message::message_2686b4e1ccab,EVENT_HAS_MESSAGE
Event::event_ba3263fb68e2,Message::message_57e0f3d65aba,EVENT_HAS_MESSAGE
Event::event_ba3263fb68e2,Message::message_64c92c6b286e,EVENT_HAS_MESSAGE
Event::event_ba3263fb68e2,Message::message_677a4494bcd9,EVENT_HAS_MESSAGE
Event::event_ba3263fb68e2,Message::message_68983c8ed9f8,EVENT_HAS_MESSAGE
Event::event_bc2d0529cad7,Message::message_043c7fd7faa3,EVENT_HAS_MESSAGE
Event::event_bc2d0529cad7,Message::message_3f40f15b5d6e,EVENT_HAS_MESSAGE
Event::event_bc2d0529cad7,Message::message_912f2e82d319,EVENT_HAS_MESSAGE
Event::event_bc2d0529cad7,Message::message_bbf4e9888427,EVENT_HAS_MESSAGE
Event::event_bc755d97b28a,Message::message_4f435f96ff97,EVENT_HAS_MESSAGE
Event::event_bc755d97b28a,Message::message_7c8200426782,EVENT_HAS_MESSAGE
Event::event_bc755d97b28a,Message::message_7f7296e29f6d,EVENT_HAS_MESSAGE
Event::event_bc755d97b28a,Message::message_84e4465fa347,EVENT_HAS_MESSAGE
Event::event_bc755d97b28a,Message::message_8b3c2efda199,EVENT_HAS_MESSAGE
Event::event_bc755d97b28a,Message::message_cfcc8a463f50,EVENT_HAS_MESSAGE
Event::event_bd0c35bb7dc6,Message::message_0e9373e7d185,EVENT_HAS_MESSAGE
Event::event_bd0c35bb7dc6,Message::message_4a10079bdad1,EVENT_HAS_MESSAGE
Event::event_bd0c35bb7dc6,Message::message_6874b1585caf,EVENT_HAS_MESSAGE
Event::event_bd0c35bb7dc6,Message::message_bf29fd27c9e3,EVENT_HAS_MESSAGE
Event::event_bd8bcd07b57e,Message::message_10a2873275bd,EVENT_HAS_MESSAGE
Event::event_bd8bcd07b57e,Message::message_3a91eba1f08e,EVENT_HAS_MESSAGE
Event::event_bd8bcd07b57e,Message::message_74269dba9815,EVENT_HAS_MESSAGE
Event::event_bd8bcd07b57e,Message::message_c14454f44422,EVENT_HAS_MESSAGE
Event::event_bdbd248e7958,Message::message_01a4c7b9f4f6,EVENT_HAS_MESSAGE
Event::event_bdbd248e7958,Message::message_5036e0177247,EVENT_HAS_MESSAGE
Event::event_bdbd248e7958,Message::message_51f7adb4396f,EVENT_HAS_MESSAGE
Event::event_bdbd248e7958,Message::message_66bd1289d773,EVENT_HAS_MESSAGE
Event::event_bdbd248e7958,Message::message_8194282ef98f,EVENT_HAS_MESSAGE
Event::event_bdbd248e7958,Message::message_8e86a3dd752c,EVENT_HAS_MESSAGE
Event::event_bdbd248e7958,Message::message_ad14bbdf4e55,EVENT_HAS_MESSAGE
Event::event_be602d892628,Message::message_03a67f16acf0,EVENT_HAS_MESSAGE
Event::event_be602d892628,Message::message_070f74b1e02d,EVENT_HAS_MESSAGE
Event::event_be602d892628,Message::message_0f3eef576ff9,EVENT_HAS_MESSAGE
Event::event_be602d892628,Message::message_30bbca1930fd,EVENT_HAS_MESSAGE
Event::event_be602d892628,Message::message_a25ad1a79915,EVENT_HAS_MESSAGE
Event::event_be602d892628,Message::message_bbaec851dac8,EVENT_HAS_MESSAGE
Event::event_be602d892628,Message::message_fa761c922a4c,EVENT_HAS_MESSAGE
Event::event_bf8e68242dbf,Message::message_10efc3eae15e,EVENT_HAS_MESSAGE
Event::event_bf8e68242dbf,Message::message_2570167bada7,EVENT_HAS_MESSAGE
Event::event_bf8e68242dbf,Message::message_692d6bd66a4a,EVENT_HAS_MESSAGE
Event::event_bf8e68242dbf,Message::message_77094d56e35a,EVENT_HAS_MESSAGE
Event::event_bf8e68242dbf,Message::message_92e560f36fb3,EVENT_HAS_MESSAGE
Event::event_bf8e68242dbf,Message::message_d2c31a38cf60,EVENT_HAS_MESSAGE
Event::event_bf8e68242dbf,Message::message_ea19c3c9f940,EVENT_HAS_MESSAGE
Event::event_c11e16d4ef6a,Message::message_0c571606bf60,EVENT_HAS_MESSAGE
Event::event_c11e16d4ef6a,Message::message_48ab73be744e,EVENT_HAS_MESSAGE
Event::event_c11e16d4ef6a,Message::message_b95a0c29ed42,EVENT_HAS_MESSAGE
Event::event_c11e16d4ef6a,Message::message_f04f965eda3e,EVENT_HAS_MESSAGE
Event::event_c49c7657cd4b,Message::message_014f9042d962,EVENT_HAS_MESSAGE
Event::event_c49c7657cd4b,Message::message_39e1dc2a4341,EVENT_HAS_MESSAGE
Event::event_c49c7657cd4b,Message::message_3c0e1c69ff02,EVENT_HAS_MESSAGE
Event::event_c49c7657cd4b,Message::message_4a19d54400fd,EVENT_HAS_MESSAGE
Event::event_c49c7657cd4b,Message::message_7c3e8df36587,EVENT_HAS_MESSAGE
Event::event_c49c7657cd4b,Message::message_a8d31cec9bf2,EVENT_HAS_MESSAGE
Event::event_c49c7657cd4b,Message::message_d6742fd5338b,EVENT_HAS_MESSAGE
Event::event_c5ee7537bdf4,Message::message_44a9317900f4,EVENT_HAS_MESSAGE
Event::event_c5ee7537bdf4,Message::message_476d90b5c962,EVENT_HAS_MESSAGE
Event::event_c5ee7537bdf4,Message::message_4981fc70f2d0,EVENT_HAS_MESSAGE
Event::event_c5ee7537bdf4,Message::message_ec2f783651e9,EVENT_HAS_MESSAGE
Event::event_c66fbad9f077,Message::message_1f4ebd013c02,EVENT_HAS_MESSAGE
Event::event_c66fbad9f077,Message::message_c4dcc0448e78,EVENT_HAS_MESSAGE
Event::event_c66fbad9f077,Message::message_f43f76516185,EVENT_HAS_MESSAGE
Event::event_c66fbad9f077,Message::message_fe11c4ed460e,EVENT_HAS_MESSAGE
Event::event_c69e5ebe6d36,Message::message_59ebcabe3b32,EVENT_HAS_MESSAGE
Event::event_c69e5ebe6d36,Message::message_8bd4f6db0fa5,EVENT_HAS_MESSAGE
Event::event_c69e5ebe6d36,Message::message_9861e6e3df6a,EVENT_HAS_MESSAGE
Event::event_c69e5ebe6d36,Message::message_ff5831721213,EVENT_HAS_MESSAGE
Event::event_c7b56b517d9e,Message::message_119afd62ee32,EVENT_HAS_MESSAGE
Event::event_c7b56b517d9e,Message::message_12f0e48136ae,EVENT_HAS_MESSAGE
Event::event_c7b56b517d9e,Message::message_13eb74e42a30,EVENT_HAS_MESSAGE
Event::event_c7b56b517d9e,Message::message_29d11e6ca830,EVENT_HAS_MESSAGE
Event::event_c7b56b517d9e,Message::message_b163f4adaf45,EVENT_HAS_MESSAGE
Event::event_c7b56b517d9e,Message::message_b167d9ae7faa,EVENT_HAS_MESSAGE
Event::event_c7b56b517d9e,Message::message_bf1ea20b1709,EVENT_HAS_MESSAGE
Event::event_c98eed443026,Message::message_003fb8a60d35,EVENT_HAS_MESSAGE
Event::event_c98eed443026,Message::message_651eaccc1124,EVENT_HAS_MESSAGE
Event::event_c98eed443026,Message::message_68a7175f61ac,EVENT_HAS_MESSAGE
Event::event_c98eed443026,Message::message_95dd637f1fa0,EVENT_HAS_MESSAGE
Event::event_c98eed443026,Message::message_df320d1e866e,EVENT_HAS_MESSAGE
Event::event_c99facc16dd8,Message::message_004815c78f02,EVENT_HAS_MESSAGE
Event::event_c99facc16dd8,Message::message_2c20485957d9,EVENT_HAS_MESSAGE
Event::event_c99facc16dd8,Message::message_cbf8cdfb26fb,EVENT_HAS_MESSAGE
Event::event_c99facc16dd8,Message::message_fb1629f836a4,EVENT_HAS_MESSAGE
Event::event_c9fd547bd8c3,Message::message_125dc0461796,EVENT_HAS_MESSAGE
Event::event_c9fd547bd8c3,Message::message_20ae18390c22,EVENT_HAS_MESSAGE
Event::event_c9fd547bd8c3,Message::message_4393d594edb1,EVENT_HAS_MESSAGE
Event::event_c9fd547bd8c3,Message::message_a77daeb5f22e,EVENT_HAS_MESSAGE
Event::event_c9fd547bd8c3,Message::message_b5a3f6c1570d,EVENT_HAS_MESSAGE
Event::event_c9fd547bd8c3,Message::message_f36de2615c00,EVENT_HAS_MESSAGE
Event::event_c9fd547bd8c3,Message::message_fb0dd15d0546,EVENT_HAS_MESSAGE
Event::event_ca232430e006,Message::message_40497b4ea174,EVENT_HAS_MESSAGE
Event::event_ca232430e006,Message::message_737e3b57eded,EVENT_HAS_MESSAGE
Event::event_ca232430e006,Message::message_a6eab9e40305,EVENT_HAS_MESSAGE
Event::event_ca232430e006,Message::message_d1978dea4ef6,EVENT_HAS_MESSAGE
Event::event_ca232430e006,Message::message_efbd89de7900,EVENT_HAS_MESSAGE
Event::event_cb8713269890,Message::message_17137344c8b1,EVENT_HAS_MESSAGE
Event::event_cb8713269890,Message::message_b29a69223d30,EVENT_HAS_MESSAGE
Event::event_cb8713269890,Message::message_c8d0b33792a6,EVENT_HAS_MESSAGE
Event::event_cb8713269890,Message::message_f8c2367d1227,EVENT_HAS_MESSAGE
Event::event_cbcaed27118b,Message::message_3f4d9a836e2a,EVENT_HAS_MESSAGE
Event::event_cbcaed27118b,Message::message_40996692d437,EVENT_HAS_MESSAGE
Event::event_cbcaed27118b,Message::message_65a739cd2d5a,EVENT_HAS_MESSAGE
Event::event_cbcaed27118b,Message::message_b38f3dbe89b3,EVENT_HAS_MESSAGE
Event::event_cbcaed27118b,Message::message_ec7e9b168aa1,EVENT_HAS_MESSAGE
Event::event_cbcaed27118b,Message::message_f33fada852f4,EVENT_HAS_MESSAGE
Event::event_cbcaed27118b,Message::message_ffd01f8bf392,EVENT_HAS_MESSAGE
Event::event_cf43f0366792,Message::message_126e369cb71d,EVENT_HAS_MESSAGE
Event::event_cf43f0366792,Message::message_1bd6f7fc661e,EVENT_HAS_MESSAGE
Event::event_cf43f0366792,Message::message_475454eaa2f7,EVENT_HAS_MESSAGE
Event::event_cf43f0366792,Message::message_73ddd1c58c65,EVENT_HAS_MESSAGE
Event::event_cf43f0366792,Message::message_8b62cfc900bb,EVENT_HAS_MESSAGE
Event::event_cf43f0366792,Message::message_d31ef103d9a5,EVENT_HAS_MESSAGE
Event::event_cf43f0366792,Message::message_e2c299817796,EVENT_HAS_MESSAGE
Event::event_cf43f0366792,Message::message_f3d318109c97,EVENT_HAS_MESSAGE
Event::event_cfb60056cc33,Message::message_5b0d76e76764,EVENT_HAS_MESSAGE
Event::event_cfb60056cc33,Message::message_628b66c22e89,EVENT_HAS_MESSAGE
Event::event_cfb60056cc33,Message::message_8c81f9e44668,EVENT_HAS_MESSAGE
Event::event_cfb60056cc33,Message::message_9a17b2efe8d4,EVENT_HAS_MESSAGE
Event::event_cfb60056cc33,Message::message_e61842013b26,EVENT_HAS_MESSAGE
Event::event_cfb60056cc33,Message::message_f5d4d71106e7,EVENT_HAS_MESSAGE
Event::event_cfb60056cc33,Message::message_f6013b5ba982,EVENT_HAS_MESSAGE
Event::event_d1d2d046f009,Message::message_6b5212e80124,EVENT_HAS_MESSAGE
Event::event_d1d2d046f009,Message::message_9993f3b3dc61,EVENT_HAS_MESSAGE
Event::event_d1d2d046f009,Message::message_a213d3e63324,EVENT_HAS_MESSAGE
Event::event_d1d2d046f009,Message::message_a5ef0f17a067,EVENT_HAS_MESSAGE
Event::event_d1d2d046f009,Message::message_de0a5e0c44f1,EVENT_HAS_MESSAGE
Event::event_d1d2d046f009,Message::message_e84193f29391,EVENT_HAS_MESSAGE
Event::event_d1d2d046f009,Message::message_f1d14669c53a,EVENT_HAS_MESSAGE
Event::event_d1d2d046f009,Message::message_f622cd3a2383,EVENT_HAS_MESSAGE
Event::event_d4148e149005,Message::message_0e6bc80be5d8,EVENT_HAS_MESSAGE
Event::event_d4148e149005,Message::message_17c763f98b93,EVENT_HAS_MESSAGE
Event::event_d4148e149005,Message::message_4725745b58e8,EVENT_HAS_MESSAGE
Event::event_d4148e149005,Message::message_653a4f248c52,EVENT_HAS_MESSAGE
Event::event_d4148e149005,Message::message_b443656c7705,EVENT_HAS_MESSAGE
Event::event_d4148e149005,Message::message_ef0cf260d371,EVENT_HAS_MESSAGE
Event::event_d4148e149005,Message::message_fff601cbf5db,EVENT_HAS_MESSAGE
Event::event_d4d88008ca4d,Message::message_2105e961af1e,EVENT_HAS_MESSAGE
Event::event_d4d88008ca4d,Message::message_24f952ba7925,EVENT_HAS_MESSAGE
Event::event_d4d88008ca4d,Message::message_2a89f03f439c,EVENT_HAS_MESSAGE
Event::event_d4d88008ca4d,Message::message_ea0df8f18817,EVENT_HAS_MESSAGE
Event::event_d4e1bac7722d,Message::message_499add9c46a3,EVENT_HAS_MESSAGE
Event::event_d4e1bac7722d,Message::message_551e2e1ab6b2,EVENT_HAS_MESSAGE
Event::event_d4e1bac7722d,Message::message_68f2deb84187,EVENT_HAS_MESSAGE
Event::event_d4e1bac7722d,Message::message_798475f3723a,EVENT_HAS_MESSAGE
Event::event_d4e1bac7722d,Message::message_8303f1d55031,EVENT_HAS_MESSAGE
Event::event_d4e1bac7722d,Message::message_a4d94ab24202,EVENT_HAS_MESSAGE
Event::event_d4e1bac7722d,Message::message_addef6afef45,EVENT_HAS_MESSAGE
Event::event_d71ea6919cd3,Message::message_06f055cb77bc,EVENT_HAS_MESSAGE
Event::event_d71ea6919cd3,Message::message_235795ff8802,EVENT_HAS_MESSAGE
Event::event_d71ea6919cd3,Message::message_2ac1415684ab,EVENT_HAS_MESSAGE
Event::event_d71ea6919cd3,Message::message_6a06b4862a66,EVENT_HAS_MESSAGE
Event::event_d71ea6919cd3,Message::message_7eb1fee9a7fc,EVENT_HAS_MESSAGE
Event::event_d71ea6919cd3,Message::message_a62cda40f081,EVENT_HAS_MESSAGE
Event::event_d71ea6919cd3,Message::message_ae5be8f6d0be,EVENT_HAS_MESSAGE
Event::event_d71ea6919cd3,Message::message_e52fdad589ff,EVENT_HAS_MESSAGE
Event::event_d768c0c7f4ab,Message::message_174bbf8c12ea,EVENT_HAS_MESSAGE
Event::event_d768c0c7f4ab,Message::message_3225e508a4b1,EVENT_HAS_MESSAGE
Event::event_d768c0c7f4ab,Message::message_6ad3397a5a81,EVENT_HAS_MESSAGE
Event::event_d768c0c7f4ab,Message::message_7f5abdbc3292,EVENT_HAS_MESSAGE
Event::event_d768c0c7f4ab,Message::message_8c17c4ad4a69,EVENT_HAS_MESSAGE
Event::event_d768c0c7f4ab,Message::message_f364c4da2f6b,EVENT_HAS_MESSAGE
Event::event_d768c0c7f4ab,Message::message_f4233609e301,EVENT_HAS_MESSAGE
Event::event_d86bbedebbde,Message::message_1a44a5ce59e9,EVENT_HAS_MESSAGE
Event::event_d86bbedebbde,Message::message_6768179b43bb,EVENT_HAS_MESSAGE
Event::event_d86bbedebbde,Message::message_77b0a64ff6b2,EVENT_HAS_MESSAGE
Event::event_d86bbedebbde,Message::message_79254f4de62a,EVENT_HAS_MESSAGE
Event::event_d86bbedebbde,Message::message_8af7d8708abc,EVENT_HAS_MESSAGE
Event::event_d86bbedebbde,Message::message_af0742bd7fdd,EVENT_HAS_MESSAGE
Event::event_d86bbedebbde,Message::message_fdc0b9415f0c,EVENT_HAS_MESSAGE
Event::event_dbee8fc7655a,Message::message_1b53c4b5a6ed,EVENT_HAS_MESSAGE
Event::event_dbee8fc7655a,Message::message_1ea7efabbf69,EVENT_HAS_MESSAGE
Event::event_dbee8fc7655a,Message::message_579884fb5e14,EVENT_HAS_MESSAGE
Event::event_dbee8fc7655a,Message::message_abf5d33fa005,EVENT_HAS_MESSAGE
Event::event_dbee8fc7655a,Message::message_aeaec9a35681,EVENT_HAS_MESSAGE
Event::event_dc8caaca728d,Message::message_099d68821bfe,EVENT_HAS_MESSAGE
Event::event_dc8caaca728d,Message::message_1093d7e70312,EVENT_HAS_MESSAGE
Event::event_dc8caaca728d,Message::message_1e939b1228db,EVENT_HAS_MESSAGE
Event::event_dc8caaca728d,Message::message_26c6d6a45ab4,EVENT_HAS_MESSAGE
Event::event_dc8caaca728d,Message::message_3df8873d4c9b,EVENT_HAS_MESSAGE
Event::event_dc8caaca728d,Message::message_7c19926f2682,EVENT_HAS_MESSAGE
Event::event_dc8caaca728d,Message::message_9c8bed5040e7,EVENT_HAS_MESSAGE
Event::event_dc8caaca728d,Message::message_fd6f48c60817,EVENT_HAS_MESSAGE
Event::event_dd28fbb40f25,Message::message_1fc090ef2b97,EVENT_HAS_MESSAGE
Event::event_dd28fbb40f25,Message::message_9cf4d38285eb,EVENT_HAS_MESSAGE
Event::event_dd28fbb40f25,Message::message_a005a9b40ea8,EVENT_HAS_MESSAGE
Event::event_dd28fbb40f25,Message::message_b91c9c52b963,EVENT_HAS_MESSAGE
Event::event_dd28fbb40f25,Message::message_d0326b9e0eb9,EVENT_HAS_MESSAGE
Event::event_de84b1891874,Message::message_5f01ec6392ff,EVENT_HAS_MESSAGE
Event::event_de84b1891874,Message::message_60d57374fc38,EVENT_HAS_MESSAGE
Event::event_de84b1891874,Message::message_88f57048c3f7,EVENT_HAS_MESSAGE
Event::event_de84b1891874,Message::message_a45aadc03ff3,EVENT_HAS_MESSAGE
Event::event_dee79f911a48,Message::message_09f9e29655af,EVENT_HAS_MESSAGE
Event::event_dee79f911a48,Message::message_2fd50ac94402,EVENT_HAS_MESSAGE
Event::event_dee79f911a48,Message::message_74a6922174c3,EVENT_HAS_MESSAGE
Event::event_dee79f911a48,Message::message_9462904daf8d,EVENT_HAS_MESSAGE
Event::event_dee79f911a48,Message::message_bbda3634a9c4,EVENT_HAS_MESSAGE
Event::event_e059a5856228,Message::message_22567d8dfc7a,EVENT_HAS_MESSAGE
Event::event_e059a5856228,Message::message_3f427d0bfc61,EVENT_HAS_MESSAGE
Event::event_e059a5856228,Message::message_40d71b6be9df,EVENT_HAS_MESSAGE
Event::event_e059a5856228,Message::message_564e79fa5ce4,EVENT_HAS_MESSAGE
Event::event_e059a5856228,Message::message_569a21364bb1,EVENT_HAS_MESSAGE
Event::event_e059a5856228,Message::message_a0557f2bcc7f,EVENT_HAS_MESSAGE
Event::event_e059a5856228,Message::message_a5effae6afa1,EVENT_HAS_MESSAGE
Event::event_e059a5856228,Message::message_c7cdc8e12d3e,EVENT_HAS_MESSAGE
Event::event_e29857fe2fc9,Message::message_1e012a64f7f5,EVENT_HAS_MESSAGE
Event::event_e29857fe2fc9,Message::message_31da77aff0e8,EVENT_HAS_MESSAGE
Event::event_e29857fe2fc9,Message::message_79cc3c238d2e,EVENT_HAS_MESSAGE
Event::event_e29857fe2fc9,Message::message_b42f48c24b6a,EVENT_HAS_MESSAGE
Event::event_e29857fe2fc9,Message::message_b51afaa15c04,EVENT_HAS_MESSAGE
Event::event_e29857fe2fc9,Message::message_fd874b2c6a62,EVENT_HAS_MESSAGE
Event::event_e346253f3775,Message::message_13bdcbb110a8,EVENT_HAS_MESSAGE
Event::event_e346253f3775,Message::message_18b7edc49d81,EVENT_HAS_MESSAGE
Event::event_e346253f3775,Message::message_1c4896d9c687,EVENT_HAS_MESSAGE
Event::event_e346253f3775,Message::message_632e3ab61720,EVENT_HAS_MESSAGE
Event::event_e346253f3775,Message::message_9c5dc4b52efe,EVENT_HAS_MESSAGE
Event::event_e346253f3775,Message::message_9c84b8f10eda,EVENT_HAS_MESSAGE
Event::event_e346253f3775,Message::message_a9e4b4b8e56a,EVENT_HAS_MESSAGE
Event::event_e346253f3775,Message::message_b80f2cc11d39,EVENT_HAS_MESSAGE
Event::event_e42e836c5490,Message::message_08dfc0871686,EVENT_HAS_MESSAGE
Event::event_e42e836c5490,Message::message_3229af3e2f8c,EVENT_HAS_MESSAGE
Event::event_e42e836c5490,Message::message_6a83d1f015d5,EVENT_HAS_MESSAGE
Event::event_e42e836c5490,Message::message_93444f1b26b6,EVENT_HAS_MESSAGE
Event::event_e42e836c5490,Message::message_c246b76ee936,EVENT_HAS_MESSAGE
Event::event_e42e836c5490,Message::message_ff7c51c31800,EVENT_HAS_MESSAGE
Event::event_e45f9057a3b8,Message::message_19a175bff972,EVENT_HAS_MESSAGE
Event::event_e45f9057a3b8,Message::message_319bc2abab01,EVENT_HAS_MESSAGE
Event::event_e45f9057a3b8,Message::message_4c632a42ba59,EVENT_HAS_MESSAGE
Event::event_e45f9057a3b8,Message::message_a3aad4feaf6c,EVENT_HAS_MESSAGE
Event::event_e45f9057a3b8,Message::message_b2f8b8c0b26d,EVENT_HAS_MESSAGE
Event::event_e45f9057a3b8,Message::message_bc788293a0bf,EVENT_HAS_MESSAGE
Event::event_e48895189837,Message::message_2e86f81eebf9,EVENT_HAS_MESSAGE
Event::event_e48895189837,Message::message_70a615fafc43,EVENT_HAS_MESSAGE
Event::event_e48895189837,Message::message_805a4d33aba9,EVENT_HAS_MESSAGE
Event::event_e48895189837,Message::message_841d92ad6226,EVENT_HAS_MESSAGE
Event::event_e48895189837,Message::message_bd1c0c4ed5ba,EVENT_HAS_MESSAGE
Event::event_e48895189837,Message::message_bd949b26ba0a,EVENT_HAS_MESSAGE
Event::event_e48895189837,Message::message_cb1f362399a9,EVENT_HAS_MESSAGE
Event::event_e48895189837,Message::message_fe226e234610,EVENT_HAS_MESSAGE
Event::event_e6cce9adca42,Message::message_2b99aa6ac2c5,EVENT_HAS_MESSAGE
Event::event_e6cce9adca42,Message::message_3ea8d7a428f1,EVENT_HAS_MESSAGE
Event::event_e6cce9adca42,Message::message_880b74a30c4b,EVENT_HAS_MESSAGE
Event::event_e6cce9adca42,Message::message_b654e9f5a128,EVENT_HAS_MESSAGE
Event::event_e6cce9adca42,Message::message_f48995b24e8e,EVENT_HAS_MESSAGE
Event::event_e854a4fa7f5b,Message::message_0fb1ebf8060d,EVENT_HAS_MESSAGE
Event::event_e854a4fa7f5b,Message::message_63910a3ced5f,EVENT_HAS_MESSAGE
Event::event_e854a4fa7f5b,Message::message_6da7db0489ab,EVENT_HAS_MESSAGE
Event::event_e854a4fa7f5b,Message::message_9624ad4b87c7,EVENT_HAS_MESSAGE
Event::event_e854a4fa7f5b,Message::message_c74c83586401,EVENT_HAS_MESSAGE
Event::event_e854a4fa7f5b,Message::message_d5b24eda4e15,EVENT_HAS_MESSAGE
Event::event_eaa1eb95ebd7,Message::message_0e1df40f073b,EVENT_HAS_MESSAGE
Event::event_eaa1eb95ebd7,Message::message_4d808781ce4d,EVENT_HAS_MESSAGE
Event::event_eaa1eb95ebd7,Message::message_4f1217ce4c3b,EVENT_HAS_MESSAGE
Event::event_eaa1eb95ebd7,Message::message_52de040e9936,EVENT_HAS_MESSAGE
Event::event_eaa1eb95ebd7,Message::message_5ba11f52f734,EVENT_HAS_MESSAGE
Event::event_eaa1eb95ebd7,Message::message_cda1375b7c3e,EVENT_HAS_MESSAGE
Event::event_ec4b7dab592d,Message::message_105fecd84914,EVENT_HAS_MESSAGE
Event::event_ec4b7dab592d,Message::message_9367cf272ed9,EVENT_HAS_MESSAGE
Event::event_ec4b7dab592d,Message::message_98c5b805cfe2,EVENT_HAS_MESSAGE
Event::event_ec4b7dab592d,Message::message_da6301052721,EVENT_HAS_MESSAGE
Event::event_ee4f49a3b398,Message::message_312b4e9621af,EVENT_HAS_MESSAGE
Event::event_ee4f49a3b398,Message::message_62eb814815eb,EVENT_HAS_MESSAGE
Event::event_ee4f49a3b398,Message::message_7847036fe6d0,EVENT_HAS_MESSAGE
Event::event_ee4f49a3b398,Message::message_e926fd199d49,EVENT_HAS_MESSAGE
Event::event_efdf237f32d4,Message::message_5bf61a55c7c7,EVENT_HAS_MESSAGE
Event::event_efdf237f32d4,Message::message_819072f51d6c,EVENT_HAS_MESSAGE
Event::event_efdf237f32d4,Message::message_8b5ed791036e,EVENT_HAS_MESSAGE
Event::event_efdf237f32d4,Message::message_b7fef0e04e5c,EVENT_HAS_MESSAGE
Event::event_efdf237f32d4,Message::message_e7eccea830ba,EVENT_HAS_MESSAGE
Event::event_f01ad024543e,Message::message_36a6b194e201,EVENT_HAS_MESSAGE
Event::event_f01ad024543e,Message::message_5625ac143c98,EVENT_HAS_MESSAGE
Event::event_f01ad024543e,Message::message_b1a0c8148f60,EVENT_HAS_MESSAGE
Event::event_f01ad024543e,Message::message_b2dfecfe1cdc,EVENT_HAS_MESSAGE
Event::event_f01ad024543e,Message::message_d1d33ee7f01c,EVENT_HAS_MESSAGE
Event::event_f01ad024543e,Message::message_de50afd9860f,EVENT_HAS_MESSAGE
Event::event_f01ad024543e,Message::message_e8881fd1a23a,EVENT_HAS_MESSAGE
Event::event_f01ad024543e,Message::message_efb8cc22edd3,EVENT_HAS_MESSAGE
Event::event_f1d9a60c299d,Message::message_19380cc22921,EVENT_HAS_MESSAGE
Event::event_f1d9a60c299d,Message::message_60b2befbb259,EVENT_HAS_MESSAGE
Event::event_f1d9a60c299d,Message::message_a726e4896c4f,EVENT_HAS_MESSAGE
Event::event_f1d9a60c299d,Message::message_aabd9418c1f1,EVENT_HAS_MESSAGE
Event::event_f1d9a60c299d,Message::message_ce23e0f61a09,EVENT_HAS_MESSAGE
Event::event_f1d9a60c299d,Message::message_d9011d29bf73,EVENT_HAS_MESSAGE
Event::event_f1e9d659c730,Message::message_259b4c4ba60a,EVENT_HAS_MESSAGE
Event::event_f1e9d659c730,Message::message_2cd9b94c2c0e,EVENT_HAS_MESSAGE
Event::event_f1e9d659c730,Message::message_3ecf9ead10ca,EVENT_HAS_MESSAGE
Event::event_f1e9d659c730,Message::message_8803263be6cd,EVENT_HAS_MESSAGE
Event::event_f3417982ce56,Message::message_505e1a723710,EVENT_HAS_MESSAGE
Event::event_f3417982ce56,Message::message_5a027dc27362,EVENT_HAS_MESSAGE
Event::event_f3417982ce56,Message::message_ac7a711cb47d,EVENT_HAS_MESSAGE
Event::event_f3417982ce56,Message::message_bf05f999db9d,EVENT_HAS_MESSAGE
Event::event_f4e9f24b357b,Message::message_1c2a89a657a2,EVENT_HAS_MESSAGE
Event::event_f4e9f24b357b,Message::message_3230b05ddd6e,EVENT_HAS_MESSAGE
Event::event_f4e9f24b357b,Message::message_450370d4011e,EVENT_HAS_MESSAGE
Event::event_f4e9f24b357b,Message::message_60d1d2eeea7f,EVENT_HAS_MESSAGE
Event::event_f4e9f24b357b,Message::message_6c558929a479,EVENT_HAS_MESSAGE
Event::event_f4e9f24b357b,Message::message_d0cf6d5539d0,EVENT_HAS_MESSAGE
Event::event_f74ea6506987,Message::message_1642dd0db235,EVENT_HAS_MESSAGE
Event::event_f74ea6506987,Message::message_26370eb7ce49,EVENT_HAS_MESSAGE
Event::event_f74ea6506987,Message::message_4d190add9e51,EVENT_HAS_MESSAGE
Event::event_f74ea6506987,Message::message_5af9308fdfd7,EVENT_HAS_MESSAGE
Event::event_f74ea6506987,Message::message_90e8e3f3fa3d,EVENT_HAS_MESSAGE
Event::event_f74ea6506987,Message::message_c6916c94f9b2,EVENT_HAS_MESSAGE
Event::event_f74ea6506987,Message::message_de00a022d626,EVENT_HAS_MESSAGE
Event::event_f8b3d29dfbdd,Message::message_217be1d84e0b,EVENT_HAS_MESSAGE
Event::event_f8b3d29dfbdd,Message::message_4b9889968f61,EVENT_HAS_MESSAGE
Event::event_f8b3d29dfbdd,Message::message_c7ac5a7d3f3b,EVENT_HAS_MESSAGE
Event::event_f8b3d29dfbdd,Message::message_efa71fe3e342,EVENT_HAS_MESSAGE
Event::event_fac32dcf828f,Message::message_087ee1905f84,EVENT_HAS_MESSAGE
Event::event_fac32dcf828f,Message::message_29eee1585556,EVENT_HAS_MESSAGE
Event::event_fac32dcf828f,Message::message_8a7d768b8187,EVENT_HAS_MESSAGE
Event::event_fac32dcf828f,Message::message_9476415b3a80,EVENT_HAS_MESSAGE
Event::event_fac32dcf828f,Message::message_a167988ddee5,EVENT_HAS_MESSAGE
Event::event_fac32dcf828f,Message::message_c43c31c14575,EVENT_HAS_MESSAGE
Event::event_fac32dcf828f,Message::message_f381ddef8567,EVENT_HAS_MESSAGE
Event::event_fac32dcf828f,Message::message_ff698d3d545b,EVENT_HAS_MESSAGE
Event::event_fb84c9525fb2,Message::message_46502bf755e2,EVENT_HAS_MESSAGE
Event::event_fb84c9525fb2,Message::message_6608a1e37660,EVENT_HAS_MESSAGE
Event::event_fb84c9525fb2,Message::message_7929ec61dcd0,EVENT_HAS_MESSAGE
Event::event_fb84c9525fb2,Message::message_7c1f0bf19af7,EVENT_HAS_MESSAGE
Event::event_fb84c9525fb2,Message::message_ac28640aacf2,EVENT_HAS_MESSAGE
Event::event_fb84c9525fb2,Message::message_d6c128128854,EVENT_HAS_MESSAGE
Event::event_fca8868fa5fe,Message::message_0e2223ecec30,EVENT_HAS_MESSAGE
Event::event_fca8868fa5fe,Message::message_0f1ef1e5161d,EVENT_HAS_MESSAGE
Event::event_fca8868fa5fe,Message::message_1e5cffb164b2,EVENT_HAS_MESSAGE
Event::event_fca8868fa5fe,Message::message_1f577ab3a2af,EVENT_HAS_MESSAGE
Event::event_fca8868fa5fe,Message::message_252d14d781f4,EVENT_HAS_MESSAGE
Event::event_fca8868fa5fe,Message::message_5d7b68d81108,EVENT_HAS_MESSAGE
Event::event_fca8868fa5fe,Message::message_899fdb4deebf,EVENT_HAS_MESSAGE
Event::event_fca8868fa5fe,Message::message_9f5b05e6a5b1,EVENT_HAS_MESSAGE
Event::event_fe07231b16b9,Message::message_26aacd7e91dd,EVENT_HAS_MESSAGE
Event::event_fe07231b16b9,Message::message_3cad77d47912,EVENT_HAS_MESSAGE
Event::event_fe07231b16b9,Message::message_43404444ab5a,EVENT_HAS_MESSAGE
Event::event_fe07231b16b9,Message::message_58b4631c3531,EVENT_HAS_MESSAGE
Event::event_fe07231b16b9,Message::message_7652e388c160,EVENT_HAS_MESSAGE
Event::event_fe07231b16b9,Message::message_bc866bbf23f2,EVENT_HAS_MESSAGE
Event::event_fe07231b16b9,Message::message_ce34feac5e31,EVENT_HAS_MESSAGE
Event::event_fe437fd3e3d4,Message::message_1ea660b31830,EVENT_HAS_MESSAGE
Event::event_fe437fd3e3d4,Message::message_47a23f447665,EVENT_HAS_MESSAGE
Event::event_fe437fd3e3d4,Message::message_86296015166b,EVENT_HAS_MESSAGE
Event::event_fe437fd3e3d4,Message::message_db9109ef1bc9,EVENT_HAS_MESSAGE
Event::event_fe68a434f384,Message::message_0ab8495effbc,EVENT_HAS_MESSAGE
Event::event_fe68a434f384,Message::message_1e673e8d5577,EVENT_HAS_MESSAGE
Event::event_fe68a434f384,Message::message_807ef4519972,EVENT_HAS_MESSAGE
Event::event_fe68a434f384,Message::message_b84f99cb2e68,EVENT_HAS_MESSAGE
Event::event_fe68a434f384,Message::message_d7d4b7dcf9c4,EVENT_HAS_MESSAGE
Event::event_fe68a434f384,Message::message_ee562cc7fb21,EVENT_HAS_MESSAGE
Event::event_fe68a434f384,Message::message_f8b7d8b64006,EVENT_HAS_MESSAGE
Event::event_ffc587b1db9e,Message::message_0595b95b8f5c,EVENT_HAS_MESSAGE
Event::event_ffc587b1db9e,Message::message_5d7e48fbfb3b,EVENT_HAS_MESSAGE
Event::event_ffc587b1db9e,Message::message_893fdf56854c,EVENT_HAS_MESSAGE
Event::event_ffc587b1db9e,Message::message_9ccbf333591e,EVENT_HAS_MESSAGE
Event::event_ffc587b1db9e,Message::message_de0340f57c83,EVENT_HAS_MESSAGE
Event::event_004fc7ecd9a4,Sentiment::positive,EVENT_HAS_SENTIMENT
Event::event_005dbb194333,Sentiment::positive,EVENT_HAS_SENTIMENT
Event::event_018ef199ad16,Sentiment::negative,EVENT_HAS_SENTIMENT
Event::event_0199e3955865,Sentiment::positive,EVENT_HAS_SENTIMENT
Event::event_01c86a80c366,Sentiment::positive,EVENT_HAS_SENTIMENT
Event::event_01e204b94ee1,Sentiment::neutral,EVENT_HAS_SENTIMENT
Event::event_047691e49e5e,Sentiment::negative,EVENT_HAS_SENTIMENT
Event::event_04b1ad977154,Sentiment::neutral,EVENT_HAS_SENTIMENT
Event::event_05228b6dd178,Sentiment::neutral,EVENT_HAS_SENTIMENT
Event::event_05d3dff4256f,Sentiment::neutral,EVENT_HAS_SENTIMENT
Event::event_0603c7fc1130,Sentiment::positive,EVENT_HAS_SENTIMENT
Event::event_0675734700e1,Sentiment::neutral,EVENT_HAS_SENTIMENT
Event::event_083e4c73eb20,Sentiment::negative,EVENT_HAS_SENTIMENT
Event::event_0a092504170b,Sentiment::positive,EVENT_HAS_SENTIMENT
Event::event_0b7edc594afd,Sentiment::positive,EVENT_HAS_SENTIMENT
Event::event_0be825338bf1,Sentiment::neutral,EVENT_HAS_SENTIMENT
Event::event_0cedd8d68f42,Sentiment::positive,EVENT_HAS_SENTIMENT
Event::event_0d8e4d9e5b33,Sentiment::positive,EVENT_HAS_SENTIMENT
Event::event_0f5db095f94f,Sentiment::neutral,EVENT_HAS_SENTIMENT
Event::event_10c25891fbda,Sentiment::neutral,EVENT_HAS_SENTIMENT
Event::event_1315f43b9ad3,Sentiment::neutral,EVENT_HAS_SENTIMENT
Event::event_13fa3c53a9e9,Sentiment::negative,EVENT_HAS_SENTIMENT
Event::event_14b04203f743,Sentiment::positive,EVENT_HAS_SENTIMENT
Event::event_154df8b52a04,Sentiment::negative,EVENT_HAS_SENTIMENT
Event::event_169ee995e6d1,Sentiment::positive,EVENT_HAS_SENTIMENT
Event::event_16c059d72069,Sentiment::negative,EVENT_HAS_SENTIMENT
Event::event_1984bd2072f5,Sentiment::neutral,EVENT_HAS_SENTIMENT
Event::event_1a168de29bae,Sentiment::positive,EVENT_HAS_SENTIMENT
Event::event_1a2b9226c415,Sentiment::neutral,EVENT_HAS_SENTIMENT
Event::event_1abb12a15b95,Sentiment::negative,EVENT_HAS_SENTIMENT
Event::event_1b62139f57e9,Sentiment::neutral,EVENT_HAS_SENTIMENT
Event::event_1b7ae55a4026,Sentiment::neutral,EVENT_HAS_SENTIMENT
Event::event_1b8c0b245bc3,Sentiment::negative,EVENT_HAS_SENTIMENT
Event::event_1c0c1f40b7e7,Sentiment::neutral,EVENT_HAS_SENTIMENT
Event::event_1cd9e5524c45,Sentiment::neutral,EVENT_HAS_SENTIMENT
Event::event_1d9133db1e58,Sentiment::negative,EVENT_HAS_SENTIMENT
Event::event_1e24bd1e959c,Sentiment::positive,EVENT_HAS_SENTIMENT
Event::event_1e79f3245984,Sentiment::positive,EVENT_HAS_SENTIMENT
Event::event_1eec34c9d6ac,Sentiment::positive,EVENT_HAS_SENTIMENT
Event::event_20d03315c9a3,Sentiment::positive,EVENT_HAS_SENTIMENT
Event::event_22c136c0ba19,Sentiment::neutral,EVENT_HAS_SENTIMENT
Event::event_23cb234e9bed,Sentiment::negative,EVENT_HAS_SENTIMENT
Event::event_240a45d6b2a1,Sentiment::positive,EVENT_HAS_SENTIMENT
Event::event_24b00571fa17,Sentiment::positive,EVENT_HAS_SENTIMENT
Event::event_25b4a89b3bef,Sentiment::positive,EVENT_HAS_SENTIMENT
Event::event_27771ad1ae68,Sentiment::neutral,EVENT_HAS_SENTIMENT
Event::event_27f9b4ebb9c8,Sentiment::negative,EVENT_HAS_SENTIMENT
Event::event_28f0d477a5e4,Sentiment::positive,EVENT_HAS_SENTIMENT
Event::event_290849618577,Sentiment::negative,EVENT_HAS_SENTIMENT
Event::event_293fd9715cf6,Sentiment::neutral,EVENT_HAS_SENTIMENT
Event::event_2ab5f4b56b35,Sentiment::neutral,EVENT_HAS_SENTIMENT
Event::event_2becb5ce4b6b,Sentiment::neutral,EVENT_HAS_SENTIMENT
Event::event_2eaeb68603d7,Sentiment::neutral,EVENT_HAS_SENTIMENT
Event::event_2ec6a02eb4ee,Sentiment::neutral,EVENT_HAS_SENTIMENT
Event::event_2f01b3a1fc29,Sentiment::neutral,EVENT_HAS_SENTIMENT
Event::event_2f93c12b9343,Sentiment::positive,EVENT_HAS_SENTIMENT
Event::event_30f7917b9982,Sentiment::positive,EVENT_HAS_SENTIMENT
Event::event_31297d57fdf6,Sentiment::neutral,EVENT_HAS_SENTIMENT
Event::event_3143fb525d29,Sentiment::neutral,EVENT_HAS_SENTIMENT
Event::event_315214396d17,Sentiment::positive,EVENT_HAS_SENTIMENT
Event::event_3163dbb1dd58,Sentiment::negative,EVENT_HAS_SENTIMENT
Event::event_32f0087e4868,Sentiment::positive,EVENT_HAS_SENTIMENT
Event::event_33213a837f9a,Sentiment::negative,EVENT_HAS_SENTIMENT
Event::event_348be7346fb7,Sentiment::positive,EVENT_HAS_SENTIMENT
Event::event_37a69ac0b0a6,Sentiment::negative,EVENT_HAS_SENTIMENT
Event::event_37ab80f3e370,Sentiment::neutral,EVENT_HAS_SENTIMENT
Event::event_3bd032dadf3a,Sentiment::neutral,EVENT_HAS_SENTIMENT
Event::event_3cf2d02c98b0,Sentiment::neutral,EVENT_HAS_SENTIMENT
Event::event_3eaffd63f9b3,Sentiment::negative,EVENT_HAS_SENTIMENT
Event::event_40abdee785ad,Sentiment::negative,EVENT_HAS_SENTIMENT
Event::event_40ec4ea8ce5f,Sentiment::positive,EVENT_HAS_SENTIMENT
Event::event_42fe7392948e,Sentiment::positive,EVENT_HAS_SENTIMENT
Event::event_438d7c6d946a,Sentiment::negative,EVENT_HAS_SENTIMENT
Event::event_441438e60397,Sentiment::neutral,EVENT_HAS_SENTIMENT
Event::event_4a2a3516b6b0,Sentiment::neutral,EVENT_HAS_SENTIMENT
Event::event_4a37e700a4c3,Sentiment::negative,EVENT_HAS_SENTIMENT
Event::event_4c0c79e2b2bb,Sentiment::neutral,EVENT_HAS_SENTIMENT
Event::event_4c40be4187ce,Sentiment::neutral,EVENT_HAS_SENTIMENT
Event::event_4ca460af6928,Sentiment::neutral,EVENT_HAS_SENTIMENT
Event::event_4ca74c4f8d6f,Sentiment::neutral,EVENT_HAS_SENTIMENT
Event::event_4e7ae3596ec3,Sentiment::negative,EVENT_HAS_SENTIMENT
Event::event_4e947e9a6033,Sentiment::positive,EVENT_HAS_SENTIMENT
Event::event_4f215353ec22,Sentiment::positive,EVENT_HAS_SENTIMENT
Event::event_4f871ce9f1bd,Sentiment::negative,EVENT_HAS_SENTIMENT
Event::event_52cf5a4db90a,Sentiment::negative,EVENT_HAS_SENTIMENT
Event::event_54961ad78c04,Sentiment::neutral,EVENT_HAS_SENTIMENT
Event::event_569ef04a1039,Sentiment::positive,EVENT_HAS_SENTIMENT
Event::event_56e64ba3dc9a,Sentiment::neutral,EVENT_HAS_SENTIMENT
Event::event_57dd986b4882,Sentiment::neutral,EVENT_HAS_SENTIMENT
Event::event_5abb571c5117,Sentiment::negative,EVENT_HAS_SENTIMENT
Event::event_5b7c198b3863,Sentiment::neutral,EVENT_HAS_SENTIMENT
Event::event_5c5c58e9eb46,Sentiment::neutral,EVENT_HAS_SENTIMENT
Event::event_5d87fb0d500f,Sentiment::positive,EVENT_HAS_SENTIMENT
Event::event_604dc9f58779,Sentiment::positive,EVENT_HAS_SENTIMENT
Event::event_60c6aec57ebd,Sentiment::negative,EVENT_HAS_SENTIMENT
Event::event_62cf9e35e01b,Sentiment::neutral,EVENT_HAS_SENTIMENT
Event::event_63d733506b6a,Sentiment::neutral,EVENT_HAS_SENTIMENT
Event::event_645b8f0d7ac7,Sentiment::positive,EVENT_HAS_SENTIMENT
Event::event_6517e3a01960,Sentiment::positive,EVENT_HAS_SENTIMENT
Event::event_656353341612,Sentiment::positive,EVENT_HAS_SENTIMENT
Event::event_65d9b172fbc2,Sentiment::positive,EVENT_HAS_SENTIMENT
Event::event_668716fa5460,Sentiment::positive,EVENT_HAS_SENTIMENT
Event::event_673480c6a584,Sentiment::negative,EVENT_HAS_SENTIMENT
Event::event_67d6eb7a52e3,Sentiment::neutral,EVENT_HAS_SENTIMENT
Event::event_681a0f4b121f,Sentiment::positive,EVENT_HAS_SENTIMENT
Event::event_68fa4b037b07,Sentiment::negative,EVENT_HAS_SENTIMENT
Event::event_6e0f45cec684,Sentiment::positive,EVENT_HAS_SENTIMENT
Event::event_6e5bef8925ac,Sentiment::negative,EVENT_HAS_SENTIMENT
Event::event_709479fb7e8e,Sentiment::neutral,EVENT_HAS_SENTIMENT
Event::event_7122f74f5916,Sentiment::negative,EVENT_HAS_SENTIMENT
Event::event_724d42d1789c,Sentiment::positive,EVENT_HAS_SENTIMENT
Event::event_72d3ee9df974,Sentiment::positive,EVENT_HAS_SENTIMENT
Event::event_731191183003,Sentiment::positive,EVENT_HAS_SENTIMENT
Event::event_732177d7e241,Sentiment::neutral,EVENT_HAS_SENTIMENT
Event::event_7467e1f53e11,Sentiment::positive,EVENT_HAS_SENTIMENT
Event::event_76c822a306f4,Sentiment::negative,EVENT_HAS_SENTIMENT
Event::event_780c95fa24f1,Sentiment::negative,EVENT_HAS_SENTIMENT
Event::event_793eb5cc3758,Sentiment::positive,EVENT_HAS_SENTIMENT
Event::event_794b9a0f37b6,Sentiment::negative,EVENT_HAS_SENTIMENT
Event::event_79f856de5d3a,Sentiment::positive,EVENT_HAS_SENTIMENT
Event::event_7b20c3cf48ef,Sentiment::neutral,EVENT_HAS_SENTIMENT
Event::event_7ba092af714b,Sentiment::negative,EVENT_HAS_SENTIMENT
Event::event_7c2d07c505cf,Sentiment::neutral,EVENT_HAS_SENTIMENT
Event::event_7cf6fe1f85ab,Sentiment::neutral,EVENT_HAS_SENTIMENT
Event::event_7cf7a4a696ab,Sentiment::positive,EVENT_HAS_SENTIMENT
Event::event_7d25c29698b6,Sentiment::negative,EVENT_HAS_SENTIMENT
Event::event_7d4967c62c86,Sentiment::negative,EVENT_HAS_SENTIMENT
Event::event_7d5785e0bf41,Sentiment::positive,EVENT_HAS_SENTIMENT
Event::event_7dce7853327a,Sentiment::positive,EVENT_HAS_SENTIMENT
Event::event_817cdf84ce45,Sentiment::negative,EVENT_HAS_SENTIMENT
Event::event_83f1aaa4343d,Sentiment::positive,EVENT_HAS_SENTIMENT
Event::event_852b55ae8ff6,Sentiment::negative,EVENT_HAS_SENTIMENT
Event::event_880a377966a8,Sentiment::neutral,EVENT_HAS_SENTIMENT
Event::event_89f58a9c303d,Sentiment::positive,EVENT_HAS_SENTIMENT
Event::event_8b188eea9d21,Sentiment::neutral,EVENT_HAS_SENTIMENT
Event::event_8b3d4b34b894,Sentiment::positive,EVENT_HAS_SENTIMENT
Event::event_8c29135abac0,Sentiment::negative,EVENT_HAS_SENTIMENT
Event::event_8c9b8b24a51c,Sentiment::negative,EVENT_HAS_SENTIMENT
Event::event_8cdb82c9630e,Sentiment::negative,EVENT_HAS_SENTIMENT
Event::event_8d7423c933c5,Sentiment::neutral,EVENT_HAS_SENTIMENT
Event::event_8f387c590f91,Sentiment::positive,EVENT_HAS_SENTIMENT
Event::event_9061bb01cff7,Sentiment::neutral,EVENT_HAS_SENTIMENT
Event::event_9123926b3608,Sentiment::neutral,EVENT_HAS_SENTIMENT
Event::event_912be879b778,Sentiment::neutral,EVENT_HAS_SENTIMENT
Event::event_914bc2b32205,Sentiment::positive,EVENT_HAS_SENTIMENT
Event::event_92ec8a803166,Sentiment::neutral,EVENT_HAS_SENTIMENT
Event::event_93300e115221,Sentiment::negative,EVENT_HAS_SENTIMENT
Event::event_942d32ad8213,Sentiment::positive,EVENT_HAS_SENTIMENT
Event::event_9574cad4294c,Sentiment::positive,EVENT_HAS_SENTIMENT
Event::event_992265af59e7,Sentiment::negative,EVENT_HAS_SENTIMENT
Event::event_993373bca03d,Sentiment::negative,EVENT_HAS_SENTIMENT
Event::event_99c5681b4262,Sentiment::positive,EVENT_HAS_SENTIMENT
Event::event_9a47a4a80e64,Sentiment::negative,EVENT_HAS_SENTIMENT
Event::event_9ac0a2c77c0a,Sentiment::positive,EVENT_HAS_SENTIMENT
Event::event_9b9f167c9e7e,Sentiment::positive,EVENT_HAS_SENTIMENT
Event::event_9c0778bd1c34,Sentiment::positive,EVENT_HAS_SENTIMENT
Event::event_9c644e806eb3,Sentiment::neutral,EVENT_HAS_SENTIMENT
Event::event_9ec728605a34,Sentiment::neutral,EVENT_HAS_SENTIMENT
Event::event_a05b43d094d4,Sentiment::neutral,EVENT_HAS_SENTIMENT
Event::event_a122f25f71aa,Sentiment::positive,EVENT_HAS_SENTIMENT
Event::event_a12be4513720,Sentiment::positive,EVENT_HAS_SENTIMENT
Event::event_a172b5c9ad5c,Sentiment::positive,EVENT_HAS_SENTIMENT
Event::event_a19379081937,Sentiment::neutral,EVENT_HAS_SENTIMENT
Event::event_a20ffd583ad5,Sentiment::negative,EVENT_HAS_SENTIMENT
Event::event_a3ab67050ec8,Sentiment::negative,EVENT_HAS_SENTIMENT
Event::event_a430da8b72be,Sentiment::positive,EVENT_HAS_SENTIMENT
Event::event_a461a9c10bb9,Sentiment::positive,EVENT_HAS_SENTIMENT
Event::event_a5240b8f5ec4,Sentiment::neutral,EVENT_HAS_SENTIMENT
Event::event_a8b7981d734a,Sentiment::neutral,EVENT_HAS_SENTIMENT
Event::event_a8f7a0d3ddb7,Sentiment::neutral,EVENT_HAS_SENTIMENT
Event::event_a90922b8c751,Sentiment::negative,EVENT_HAS_SENTIMENT
Event::event_aaa83bff47f9,Sentiment::positive,EVENT_HAS_SENTIMENT
Event::event_aad82a6c7be5,Sentiment::negative,EVENT_HAS_SENTIMENT
Event::event_abe212840fef,Sentiment::neutral,EVENT_HAS_SENTIMENT
Event::event_ac67b3c3aba8,Sentiment::positive,EVENT_HAS_SENTIMENT
Event::event_ad86c3b9249f,Sentiment::negative,EVENT_HAS_SENTIMENT
Event::event_afcbbd08ccc2,Sentiment::neutral,EVENT_HAS_SENTIMENT
Event::event_b081149bf60d,Sentiment::positive,EVENT_HAS_SENTIMENT
Event::event_b1f09822f639,Sentiment::positive,EVENT_HAS_SENTIMENT
Event::event_b1f221297bf6,Sentiment::neutral,EVENT_HAS_SENTIMENT
Event::event_b3954eeca9e2,Sentiment::negative,EVENT_HAS_SENTIMENT
Event::event_b4e5147fcef4,Sentiment::positive,EVENT_HAS_SENTIMENT
Event::event_b5990ddd8e29,Sentiment::neutral,EVENT_HAS_SENTIMENT
Event::event_ba3263fb68e2,Sentiment::neutral,EVENT_HAS_SENTIMENT
Event::event_bc2d0529cad7,Sentiment::positive,EVENT_HAS_SENTIMENT
Event::event_bc755d97b28a,Sentiment::negative,EVENT_HAS_SENTIMENT
Event::event_bd0c35bb7dc6,Sentiment::negative,EVENT_HAS_SENTIMENT
Event::event_bd8bcd07b57e,Sentiment::positive,EVENT_HAS_SENTIMENT
Event::event_bdbd248e7958,Sentiment::negative,EVENT_HAS_SENTIMENT
Event::event_be602d892628,Sentiment::negative,EVENT_HAS_SENTIMENT
Event::event_bf8e68242dbf,Sentiment::negative,EVENT_HAS_SENTIMENT
Event::event_c11e16d4ef6a,Sentiment::neutral,EVENT_HAS_SENTIMENT
Event::event_c49c7657cd4b,Sentiment::negative,EVENT_HAS_SENTIMENT
Event::event_c5ee7537bdf4,Sentiment::negative,EVENT_HAS_SENTIMENT
Event::event_c66fbad9f077,Sentiment::neutral,EVENT_HAS_SENTIMENT
Event::event_c69e5ebe6d36,Sentiment::positive,EVENT_HAS_SENTIMENT
Event::event_c7b56b517d9e,Sentiment::neutral,EVENT_HAS_SENTIMENT
Event::event_c98eed443026,Sentiment::positive,EVENT_HAS_SENTIMENT
Event::event_c99facc16dd8,Sentiment::negative,EVENT_HAS_SENTIMENT
Event::event_c9fd547bd8c3,Sentiment::positive,EVENT_HAS_SENTIMENT
Event::event_ca232430e006,Sentiment::neutral,EVENT_HAS_SENTIMENT
Event::event_cb8713269890,Sentiment::positive,EVENT_HAS_SENTIMENT
Event::event_cbcaed27118b,Sentiment::neutral,EVENT_HAS_SENTIMENT
Event::event_cf43f0366792,Sentiment::negative,EVENT_HAS_SENTIMENT
Event::event_cfb60056cc33,Sentiment::neutral,EVENT_HAS_SENTIMENT
Event::event_d1d2d046f009,Sentiment::neutral,EVENT_HAS_SENTIMENT
Event::event_d4148e149005,Sentiment::positive,EVENT_HAS_SENTIMENT
Event::event_d4d88008ca4d,Sentiment::positive,EVENT_HAS_SENTIMENT
Event::event_d4e1bac7722d,Sentiment::neutral,EVENT_HAS_SENTIMENT
Event::event_d71ea6919cd3,Sentiment::positive,EVENT_HAS_SENTIMENT
Event::event_d768c0c7f4ab,Sentiment::neutral,EVENT_HAS_SENTIMENT
Event::event_d86bbedebbde,Sentiment::neutral,EVENT_HAS_SENTIMENT
Event::event_dbee8fc7655a,Sentiment::positive,EVENT_HAS_SENTIMENT
Event::event_dc8caaca728d,Sentiment::neutral,EVENT_HAS_SENTIMENT
Event::event_dd28fbb40f25,Sentiment::positive,EVENT_HAS_SENTIMENT
Event::event_de84b1891874,Sentiment::positive,EVENT_HAS_SENTIMENT
Event::event_dee79f911a48,Sentiment::positive,EVENT_HAS_SENTIMENT
Event::event_e059a5856228,Sentiment::neutral,EVENT_HAS_SENTIMENT
Event::event_e29857fe2fc9,Sentiment::neutral,EVENT_HAS_SENTIMENT
Event::event_e346253f3775,Sentiment::positive,EVENT_HAS_SENTIMENT
Event::event_e42e836c5490,Sentiment::positive,EVENT_HAS_SENTIMENT
Event::event_e45f9057a3b8,Sentiment::negative,EVENT_HAS_SENTIMENT
Event::event_e48895189837,Sentiment::neutral,EVENT_HAS_SENTIMENT
Event::event_e6cce9adca42,Sentiment::positive,EVENT_HAS_SENTIMENT
Event::event_e854a4fa7f5b,Sentiment::neutral,EVENT_HAS_SENTIMENT
Event::event_eaa1eb95ebd7,Sentiment::negative,EVENT_HAS_SENTIMENT
Event::event_ec4b7dab592d,Sentiment::positive,EVENT_HAS_SENTIMENT
Event::event_ee4f49a3b398,Sentiment::neutral,EVENT_HAS_SENTIMENT
Event::event_efdf237f32d4,Sentiment::negative,EVENT_HAS_SENTIMENT
Event::event_f01ad024543e,Sentiment::positive,EVENT_HAS_SENTIMENT
Event::event_f1d9a60c299d,Sentiment::neutral,EVENT_HAS_SENTIMENT
Event::event_f1e9d659c730,Sentiment::negative,EVENT_HAS_SENTIMENT
Event::event_f3417982ce56,Sentiment::neutral,EVENT_HAS_SENTIMENT
Event::event_f4e9f24b357b,Sentiment::positive,EVENT_HAS_SENTIMENT
Event::event_f74ea6506987,Sentiment::positive,EVENT_HAS_SENTIMENT
Event::event_f8b3d29dfbdd,Sentiment::neutral,EVENT_HAS_SENTIMENT
Event::event_fac32dcf828f,Sentiment::neutral,EVENT_HAS_SENTIMENT
Event::event_fb84c9525fb2,Sentiment::positive,EVENT_HAS_SENTIMENT
Event::event_fca8868fa5fe,Sentiment::positive,EVENT_HAS_SENTIMENT
Event::event_fe07231b16b9,Sentiment::positive,EVENT_HAS_SENTIMENT
Event::event_fe437fd3e3d4,Sentiment::neutral,EVENT_HAS_SENTIMENT
Event::event_fe68a434f384,Sentiment::neutral,EVENT_HAS_SENTIMENT
Event::event_ffc587b1db9e,Sentiment::neutral,EVENT_HAS_SENTIMENT
Event::event_004fc7ecd9a4,LifecycleStage::покупка,EVENT_HAS_STAGE
Event::event_005dbb194333,LifecycleStage::знакомство,EVENT_HAS_STAGE
Event::event_018ef199ad16,LifecycleStage::решение проблемы,EVENT_HAS_STAGE
Event::event_0199e3955865,LifecycleStage::повторная покупка,EVENT_HAS_STAGE
Event::event_01c86a80c366,LifecycleStage::знакомство,EVENT_HAS_STAGE
Event::event_01e204b94ee1,LifecycleStage::повторная покупка,EVENT_HAS_STAGE
Event::event_047691e49e5e,LifecycleStage::эскалация,EVENT_HAS_STAGE
Event::event_04b1ad977154,LifecycleStage::использование продукта,EVENT_HAS_STAGE
Event::event_05228b6dd178,LifecycleStage::жалоба,EVENT_HAS_STAGE
Event::event_05d3dff4256f,LifecycleStage::интерес к продукту,EVENT_HAS_STAGE
Event::event_0603c7fc1130,LifecycleStage::интерес к продукту,EVENT_HAS_STAGE
Event::event_0675734700e1,LifecycleStage::вопрос в поддержку,EVENT_HAS_STAGE
Event::event_083e4c73eb20,LifecycleStage::жалоба,EVENT_HAS_STAGE
Event::event_0a092504170b,LifecycleStage::покупка,EVENT_HAS_STAGE
Event::event_0b7edc594afd,LifecycleStage::покупка,EVENT_HAS_STAGE
Event::event_0be825338bf1,LifecycleStage::использование продукта,EVENT_HAS_STAGE
Event::event_0cedd8d68f42,LifecycleStage::знакомство,EVENT_HAS_STAGE
Event::event_0d8e4d9e5b33,LifecycleStage::использование продукта,EVENT_HAS_STAGE
Event::event_0f5db095f94f,LifecycleStage::вопрос в поддержку,EVENT_HAS_STAGE
Event::event_10c25891fbda,LifecycleStage::удержание,EVENT_HAS_STAGE
Event::event_1315f43b9ad3,LifecycleStage::эскалация,EVENT_HAS_STAGE
Event::event_13fa3c53a9e9,LifecycleStage::жалоба,EVENT_HAS_STAGE
Event::event_14b04203f743,LifecycleStage::знакомство,EVENT_HAS_STAGE
Event::event_154df8b52a04,LifecycleStage::использование продукта,EVENT_HAS_STAGE
Event::event_169ee995e6d1,LifecycleStage::решение проблемы,EVENT_HAS_STAGE
Event::event_16c059d72069,LifecycleStage::знакомство,EVENT_HAS_STAGE
Event::event_1984bd2072f5,LifecycleStage::использование продукта,EVENT_HAS_STAGE
Event::event_1a168de29bae,LifecycleStage::интерес к продукту,EVENT_HAS_STAGE
Event::event_1a2b9226c415,LifecycleStage::знакомство,EVENT_HAS_STAGE
Event::event_1abb12a15b95,LifecycleStage::жалоба,EVENT_HAS_STAGE
Event::event_1b62139f57e9,LifecycleStage::знакомство,EVENT_HAS_STAGE
Event::event_1b7ae55a4026,LifecycleStage::повторная покупка,EVENT_HAS_STAGE
Event::event_1b8c0b245bc3,LifecycleStage::жалоба,EVENT_HAS_STAGE
Event::event_1c0c1f40b7e7,LifecycleStage::знакомство,EVENT_HAS_STAGE
Event::event_1cd9e5524c45,LifecycleStage::использование продукта,EVENT_HAS_STAGE
Event::event_1d9133db1e58,LifecycleStage::эскалация,EVENT_HAS_STAGE
Event::event_1e24bd1e959c,LifecycleStage::повторная покупка,EVENT_HAS_STAGE
Event::event_1e79f3245984,LifecycleStage::использование продукта,EVENT_HAS_STAGE
Event::event_1eec34c9d6ac,LifecycleStage::покупка,EVENT_HAS_STAGE
Event::event_20d03315c9a3,LifecycleStage::консультация,EVENT_HAS_STAGE
Event::event_22c136c0ba19,LifecycleStage::использование продукта,EVENT_HAS_STAGE
Event::event_23cb234e9bed,LifecycleStage::жалоба,EVENT_HAS_STAGE
Event::event_240a45d6b2a1,LifecycleStage::решение проблемы,EVENT_HAS_STAGE
Event::event_24b00571fa17,LifecycleStage::знакомство,EVENT_HAS_STAGE
Event::event_25b4a89b3bef,LifecycleStage::использование продукта,EVENT_HAS_STAGE
Event::event_27771ad1ae68,LifecycleStage::использование продукта,EVENT_HAS_STAGE
Event::event_27f9b4ebb9c8,LifecycleStage::эскалация,EVENT_HAS_STAGE
Event::event_28f0d477a5e4,LifecycleStage::повторная покупка,EVENT_HAS_STAGE
Event::event_290849618577,LifecycleStage::уход клиента,EVENT_HAS_STAGE
Event::event_293fd9715cf6,LifecycleStage::знакомство,EVENT_HAS_STAGE
Event::event_2ab5f4b56b35,LifecycleStage::решение проблемы,EVENT_HAS_STAGE
Event::event_2becb5ce4b6b,LifecycleStage::повторная покупка,EVENT_HAS_STAGE
Event::event_2eaeb68603d7,LifecycleStage::вопрос в поддержку,EVENT_HAS_STAGE
Event::event_2ec6a02eb4ee,LifecycleStage::покупка,EVENT_HAS_STAGE
Event::event_2f01b3a1fc29,LifecycleStage::вопрос в поддержку,EVENT_HAS_STAGE
Event::event_2f93c12b9343,LifecycleStage::интерес к продукту,EVENT_HAS_STAGE
Event::event_30f7917b9982,LifecycleStage::использование продукта,EVENT_HAS_STAGE
Event::event_31297d57fdf6,LifecycleStage::знакомство,EVENT_HAS_STAGE
Event::event_3143fb525d29,LifecycleStage::удержание,EVENT_HAS_STAGE
Event::event_315214396d17,LifecycleStage::вопрос в поддержку,EVENT_HAS_STAGE
Event::event_3163dbb1dd58,LifecycleStage::жалоба,EVENT_HAS_STAGE
Event::event_32f0087e4868,LifecycleStage::повторная покупка,EVENT_HAS_STAGE
Event::event_33213a837f9a,LifecycleStage::жалоба,EVENT_HAS_STAGE
Event::event_348be7346fb7,LifecycleStage::решение проблемы,EVENT_HAS_STAGE
Event::event_37a69ac0b0a6,LifecycleStage::закрытие продукта,EVENT_HAS_STAGE
Event::event_37ab80f3e370,LifecycleStage::использование продукта,EVENT_HAS_STAGE
Event::event_3bd032dadf3a,LifecycleStage::использование продукта,EVENT_HAS_STAGE
Event::event_3cf2d02c98b0,LifecycleStage::знакомство,EVENT_HAS_STAGE
Event::event_3eaffd63f9b3,LifecycleStage::уход клиента,EVENT_HAS_STAGE
Event::event_40abdee785ad,LifecycleStage::жалоба,EVENT_HAS_STAGE
Event::event_40ec4ea8ce5f,LifecycleStage::знакомство,EVENT_HAS_STAGE
Event::event_42fe7392948e,LifecycleStage::знакомство,EVENT_HAS_STAGE
Event::event_438d7c6d946a,LifecycleStage::жалоба,EVENT_HAS_STAGE
Event::event_441438e60397,LifecycleStage::интерес к продукту,EVENT_HAS_STAGE
Event::event_4a2a3516b6b0,LifecycleStage::использование продукта,EVENT_HAS_STAGE
Event::event_4a37e700a4c3,LifecycleStage::знакомство,EVENT_HAS_STAGE
Event::event_4c0c79e2b2bb,LifecycleStage::знакомство,EVENT_HAS_STAGE
Event::event_4c40be4187ce,LifecycleStage::повторная покупка,EVENT_HAS_STAGE
Event::event_4ca460af6928,LifecycleStage::вопрос в поддержку,EVENT_HAS_STAGE
Event::event_4ca74c4f8d6f,LifecycleStage::решение проблемы,EVENT_HAS_STAGE
Event::event_4e7ae3596ec3,LifecycleStage::уход клиента,EVENT_HAS_STAGE
Event::event_4e947e9a6033,LifecycleStage::повторная покупка,EVENT_HAS_STAGE
Event::event_4f215353ec22,LifecycleStage::использование продукта,EVENT_HAS_STAGE
Event::event_4f871ce9f1bd,LifecycleStage::решение проблемы,EVENT_HAS_STAGE
Event::event_52cf5a4db90a,LifecycleStage::уход клиента,EVENT_HAS_STAGE
Event::event_54961ad78c04,LifecycleStage::удержание,EVENT_HAS_STAGE
Event::event_569ef04a1039,LifecycleStage::удержание,EVENT_HAS_STAGE
Event::event_56e64ba3dc9a,LifecycleStage::жалоба,EVENT_HAS_STAGE
Event::event_57dd986b4882,LifecycleStage::удержание,EVENT_HAS_STAGE
Event::event_5abb571c5117,LifecycleStage::эскалация,EVENT_HAS_STAGE
Event::event_5b7c198b3863,LifecycleStage::консультация,EVENT_HAS_STAGE
Event::event_5c5c58e9eb46,LifecycleStage::вопрос в поддержку,EVENT_HAS_STAGE
Event::event_5d87fb0d500f,LifecycleStage::использование продукта,EVENT_HAS_STAGE
Event::event_604dc9f58779,LifecycleStage::покупка,EVENT_HAS_STAGE
Event::event_60c6aec57ebd,LifecycleStage::повторная покупка,EVENT_HAS_STAGE
Event::event_62cf9e35e01b,LifecycleStage::использование продукта,EVENT_HAS_STAGE
Event::event_63d733506b6a,LifecycleStage::решение проблемы,EVENT_HAS_STAGE
Event::event_645b8f0d7ac7,LifecycleStage::решение проблемы,EVENT_HAS_STAGE
Event::event_6517e3a01960,LifecycleStage::знакомство,EVENT_HAS_STAGE
Event::event_656353341612,LifecycleStage::знакомство,EVENT_HAS_STAGE
Event::event_65d9b172fbc2,LifecycleStage::решение проблемы,EVENT_HAS_STAGE
Event::event_668716fa5460,LifecycleStage::консультация,EVENT_HAS_STAGE
Event::event_673480c6a584,LifecycleStage::жалоба,EVENT_HAS_STAGE
Event::event_67d6eb7a52e3,LifecycleStage::решение проблемы,EVENT_HAS_STAGE
Event::event_681a0f4b121f,LifecycleStage::решение проблемы,EVENT_HAS_STAGE
Event::event_68fa4b037b07,LifecycleStage::уход клиента,EVENT_HAS_STAGE
Event::event_6e0f45cec684,LifecycleStage::повторная покупка,EVENT_HAS_STAGE
Event::event_6e5bef8925ac,LifecycleStage::уход клиента,EVENT_HAS_STAGE
Event::event_709479fb7e8e,LifecycleStage::вопрос в поддержку,EVENT_HAS_STAGE
Event::event_7122f74f5916,LifecycleStage::жалоба,EVENT_HAS_STAGE
Event::event_724d42d1789c,LifecycleStage::использование продукта,EVENT_HAS_STAGE
Event::event_72d3ee9df974,LifecycleStage::покупка,EVENT_HAS_STAGE
Event::event_731191183003,LifecycleStage::использование продукта,EVENT_HAS_STAGE
Event::event_732177d7e241,LifecycleStage::интерес к продукту,EVENT_HAS_STAGE
Event::event_7467e1f53e11,LifecycleStage::знакомство,EVENT_HAS_STAGE
Event::event_76c822a306f4,LifecycleStage::уход клиента,EVENT_HAS_STAGE
Event::event_780c95fa24f1,LifecycleStage::эскалация,EVENT_HAS_STAGE
Event::event_793eb5cc3758,LifecycleStage::покупка,EVENT_HAS_STAGE
Event::event_794b9a0f37b6,LifecycleStage::эскалация,EVENT_HAS_STAGE
Event::event_79f856de5d3a,LifecycleStage::удержание,EVENT_HAS_STAGE
Event::event_7b20c3cf48ef,LifecycleStage::интерес к продукту,EVENT_HAS_STAGE
Event::event_7ba092af714b,LifecycleStage::уход клиента,EVENT_HAS_STAGE
Event::event_7c2d07c505cf,LifecycleStage::знакомство,EVENT_HAS_STAGE
Event::event_7cf6fe1f85ab,LifecycleStage::использование продукта,EVENT_HAS_STAGE
Event::event_7cf7a4a696ab,LifecycleStage::использование продукта,EVENT_HAS_STAGE
Event::event_7d25c29698b6,LifecycleStage::уход клиента,EVENT_HAS_STAGE
Event::event_7d4967c62c86,LifecycleStage::жалоба,EVENT_HAS_STAGE
Event::event_7d5785e0bf41,LifecycleStage::покупка,EVENT_HAS_STAGE
Event::event_7dce7853327a,LifecycleStage::удержание,EVENT_HAS_STAGE
Event::event_817cdf84ce45,LifecycleStage::жалоба,EVENT_HAS_STAGE
Event::event_83f1aaa4343d,LifecycleStage::интерес к продукту,EVENT_HAS_STAGE
Event::event_852b55ae8ff6,LifecycleStage::уход клиента,EVENT_HAS_STAGE
Event::event_880a377966a8,LifecycleStage::интерес к продукту,EVENT_HAS_STAGE
Event::event_89f58a9c303d,LifecycleStage::покупка,EVENT_HAS_STAGE
Event::event_8b188eea9d21,LifecycleStage::консультация,EVENT_HAS_STAGE
Event::event_8b3d4b34b894,LifecycleStage::интерес к продукту,EVENT_HAS_STAGE
Event::event_8c29135abac0,LifecycleStage::эскалация,EVENT_HAS_STAGE
Event::event_8c9b8b24a51c,LifecycleStage::уход клиента,EVENT_HAS_STAGE
Event::event_8cdb82c9630e,LifecycleStage::уход клиента,EVENT_HAS_STAGE
Event::event_8d7423c933c5,LifecycleStage::жалоба,EVENT_HAS_STAGE
Event::event_8f387c590f91,LifecycleStage::знакомство,EVENT_HAS_STAGE
Event::event_9061bb01cff7,LifecycleStage::знакомство,EVENT_HAS_STAGE
Event::event_9123926b3608,LifecycleStage::интерес к продукту,EVENT_HAS_STAGE
Event::event_912be879b778,LifecycleStage::знакомство,EVENT_HAS_STAGE
Event::event_914bc2b32205,LifecycleStage::повторная покупка,EVENT_HAS_STAGE
Event::event_92ec8a803166,LifecycleStage::удержание,EVENT_HAS_STAGE
Event::event_93300e115221,LifecycleStage::уход клиента,EVENT_HAS_STAGE
Event::event_942d32ad8213,LifecycleStage::покупка,EVENT_HAS_STAGE
Event::event_9574cad4294c,LifecycleStage::вопрос в поддержку,EVENT_HAS_STAGE
Event::event_992265af59e7,LifecycleStage::консультация,EVENT_HAS_STAGE
Event::event_993373bca03d,LifecycleStage::жалоба,EVENT_HAS_STAGE
Event::event_99c5681b4262,LifecycleStage::покупка,EVENT_HAS_STAGE
Event::event_9a47a4a80e64,LifecycleStage::жалоба,EVENT_HAS_STAGE
Event::event_9ac0a2c77c0a,LifecycleStage::решение проблемы,EVENT_HAS_STAGE
Event::event_9b9f167c9e7e,LifecycleStage::знакомство,EVENT_HAS_STAGE
Event::event_9c0778bd1c34,LifecycleStage::повторная покупка,EVENT_HAS_STAGE
Event::event_9c644e806eb3,LifecycleStage::уход клиента,EVENT_HAS_STAGE
Event::event_9ec728605a34,LifecycleStage::знакомство,EVENT_HAS_STAGE
Event::event_a05b43d094d4,LifecycleStage::использование продукта,EVENT_HAS_STAGE
Event::event_a122f25f71aa,LifecycleStage::интерес к продукту,EVENT_HAS_STAGE
Event::event_a12be4513720,LifecycleStage::знакомство,EVENT_HAS_STAGE
Event::event_a172b5c9ad5c,LifecycleStage::использование продукта,EVENT_HAS_STAGE
Event::event_a19379081937,LifecycleStage::использование продукта,EVENT_HAS_STAGE
Event::event_a20ffd583ad5,LifecycleStage::эскалация,EVENT_HAS_STAGE
Event::event_a3ab67050ec8,LifecycleStage::консультация,EVENT_HAS_STAGE
Event::event_a430da8b72be,LifecycleStage::покупка,EVENT_HAS_STAGE
Event::event_a461a9c10bb9,LifecycleStage::повторная покупка,EVENT_HAS_STAGE
Event::event_a5240b8f5ec4,LifecycleStage::знакомство,EVENT_HAS_STAGE
Event::event_a8b7981d734a,LifecycleStage::решение проблемы,EVENT_HAS_STAGE
Event::event_a8f7a0d3ddb7,LifecycleStage::уход клиента,EVENT_HAS_STAGE
Event::event_a90922b8c751,LifecycleStage::жалоба,EVENT_HAS_STAGE
Event::event_aaa83bff47f9,LifecycleStage::повторная покупка,EVENT_HAS_STAGE
Event::event_aad82a6c7be5,LifecycleStage::эскалация,EVENT_HAS_STAGE
Event::event_abe212840fef,LifecycleStage::покупка,EVENT_HAS_STAGE
Event::event_ac67b3c3aba8,LifecycleStage::вопрос в поддержку,EVENT_HAS_STAGE
Event::event_ad86c3b9249f,LifecycleStage::эскалация,EVENT_HAS_STAGE
Event::event_afcbbd08ccc2,LifecycleStage::эскалация,EVENT_HAS_STAGE
Event::event_b081149bf60d,LifecycleStage::покупка,EVENT_HAS_STAGE
Event::event_b1f09822f639,LifecycleStage::решение проблемы,EVENT_HAS_STAGE
Event::event_b1f221297bf6,LifecycleStage::использование продукта,EVENT_HAS_STAGE
Event::event_b3954eeca9e2,LifecycleStage::жалоба,EVENT_HAS_STAGE
Event::event_b4e5147fcef4,LifecycleStage::интерес к продукту,EVENT_HAS_STAGE
Event::event_b5990ddd8e29,LifecycleStage::консультация,EVENT_HAS_STAGE
Event::event_ba3263fb68e2,LifecycleStage::знакомство,EVENT_HAS_STAGE
Event::event_bc2d0529cad7,LifecycleStage::использование продукта,EVENT_HAS_STAGE
Event::event_bc755d97b28a,LifecycleStage::жалоба,EVENT_HAS_STAGE
Event::event_bd0c35bb7dc6,LifecycleStage::эскалация,EVENT_HAS_STAGE
Event::event_bd8bcd07b57e,LifecycleStage::жалоба,EVENT_HAS_STAGE
Event::event_bdbd248e7958,LifecycleStage::покупка,EVENT_HAS_STAGE
Event::event_be602d892628,LifecycleStage::жалоба,EVENT_HAS_STAGE
Event::event_bf8e68242dbf,LifecycleStage::использование продукта,EVENT_HAS_STAGE
Event::event_c11e16d4ef6a,LifecycleStage::консультация,EVENT_HAS_STAGE
Event::event_c49c7657cd4b,LifecycleStage::консультация,EVENT_HAS_STAGE
Event::event_c5ee7537bdf4,LifecycleStage::жалоба,EVENT_HAS_STAGE
Event::event_c66fbad9f077,LifecycleStage::эскалация,EVENT_HAS_STAGE
Event::event_c69e5ebe6d36,LifecycleStage::использование продукта,EVENT_HAS_STAGE
Event::event_c7b56b517d9e,LifecycleStage::вопрос в поддержку,EVENT_HAS_STAGE
Event::event_c98eed443026,LifecycleStage::решение проблемы,EVENT_HAS_STAGE
Event::event_c99facc16dd8,LifecycleStage::использование продукта,EVENT_HAS_STAGE
Event::event_c9fd547bd8c3,LifecycleStage::решение проблемы,EVENT_HAS_STAGE
Event::event_ca232430e006,LifecycleStage::использование продукта,EVENT_HAS_STAGE
Event::event_cb8713269890,LifecycleStage::покупка,EVENT_HAS_STAGE
Event::event_cbcaed27118b,LifecycleStage::консультация,EVENT_HAS_STAGE
Event::event_cf43f0366792,LifecycleStage::уход клиента,EVENT_HAS_STAGE
Event::event_cfb60056cc33,LifecycleStage::использование продукта,EVENT_HAS_STAGE
Event::event_d1d2d046f009,LifecycleStage::решение проблемы,EVENT_HAS_STAGE
Event::event_d4148e149005,LifecycleStage::использование продукта,EVENT_HAS_STAGE
Event::event_d4d88008ca4d,LifecycleStage::решение проблемы,EVENT_HAS_STAGE
Event::event_d4e1bac7722d,LifecycleStage::повторная покупка,EVENT_HAS_STAGE
Event::event_d71ea6919cd3,LifecycleStage::покупка,EVENT_HAS_STAGE
Event::event_d768c0c7f4ab,LifecycleStage::интерес к продукту,EVENT_HAS_STAGE
Event::event_d86bbedebbde,LifecycleStage::знакомство,EVENT_HAS_STAGE
Event::event_dbee8fc7655a,LifecycleStage::вопрос в поддержку,EVENT_HAS_STAGE
Event::event_dc8caaca728d,LifecycleStage::использование продукта,EVENT_HAS_STAGE
Event::event_dd28fbb40f25,LifecycleStage::интерес к продукту,EVENT_HAS_STAGE
Event::event_de84b1891874,LifecycleStage::повторная покупка,EVENT_HAS_STAGE
Event::event_dee79f911a48,LifecycleStage::повторная покупка,EVENT_HAS_STAGE
Event::event_e059a5856228,LifecycleStage::покупка,EVENT_HAS_STAGE
Event::event_e29857fe2fc9,LifecycleStage::интерес к продукту,EVENT_HAS_STAGE
Event::event_e346253f3775,LifecycleStage::удержание,EVENT_HAS_STAGE
Event::event_e42e836c5490,LifecycleStage::использование продукта,EVENT_HAS_STAGE
Event::event_e45f9057a3b8,LifecycleStage::эскалация,EVENT_HAS_STAGE
Event::event_e48895189837,LifecycleStage::использование продукта,EVENT_HAS_STAGE
Event::event_e6cce9adca42,LifecycleStage::знакомство,EVENT_HAS_STAGE
Event::event_e854a4fa7f5b,LifecycleStage::жалоба,EVENT_HAS_STAGE
Event::event_eaa1eb95ebd7,LifecycleStage::жалоба,EVENT_HAS_STAGE
Event::event_ec4b7dab592d,LifecycleStage::удержание,EVENT_HAS_STAGE
Event::event_ee4f49a3b398,LifecycleStage::знакомство,EVENT_HAS_STAGE
Event::event_efdf237f32d4,LifecycleStage::жалоба,EVENT_HAS_STAGE
Event::event_f01ad024543e,LifecycleStage::использование продукта,EVENT_HAS_STAGE
Event::event_f1d9a60c299d,LifecycleStage::интерес к продукту,EVENT_HAS_STAGE
Event::event_f1e9d659c730,LifecycleStage::использование продукта,EVENT_HAS_STAGE
Event::event_f3417982ce56,LifecycleStage::использование продукта,EVENT_HAS_STAGE
Event::event_f4e9f24b357b,LifecycleStage::знакомство,EVENT_HAS_STAGE
Event::event_f74ea6506987,LifecycleStage::покупка,EVENT_HAS_STAGE
Event::event_f8b3d29dfbdd,LifecycleStage::знакомство,EVENT_HAS_STAGE
Event::event_fac32dcf828f,LifecycleStage::жалоба,EVENT_HAS_STAGE
Event::event_fb84c9525fb2,LifecycleStage::консультация,EVENT_HAS_STAGE
Event::event_fca8868fa5fe,LifecycleStage::использование продукта,EVENT_HAS_STAGE
Event::event_fe07231b16b9,LifecycleStage::покупка,EVENT_HAS_STAGE
Event::event_fe437fd3e3d4,LifecycleStage::использование продукта,EVENT_HAS_STAGE
Event::event_fe68a434f384,LifecycleStage::жалоба,EVENT_HAS_STAGE
Event::event_ffc587b1db9e,LifecycleStage::консультация,EVENT_HAS_STAGE
Event::event_004fc7ecd9a4,Topic::оформление продукта,EVENT_HAS_TOPIC
Event::event_005dbb194333,Topic::оформление продукта,EVENT_HAS_TOPIC
Event::event_018ef199ad16,Topic::блокировка карты,EVENT_HAS_TOPIC
Event::event_0199e3955865,Topic::оформление продукта,EVENT_HAS_TOPIC
Event::event_01c86a80c366,Topic::оформление продукта,EVENT_HAS_TOPIC
Event::event_01e204b94ee1,Topic::повторная покупка,EVENT_HAS_TOPIC
Event::event_047691e49e5e,Topic::жалоба на обслуживание,EVENT_HAS_TOPIC
Event::event_04b1ad977154,Topic::комиссия,EVENT_HAS_TOPIC
Event::event_05228b6dd178,Topic::жалоба на обслуживание,EVENT_HAS_TOPIC
Event::event_05d3dff4256f,Topic::консультация по тарифам,EVENT_HAS_TOPIC
Event::event_0603c7fc1130,Topic::консультация по тарифам,EVENT_HAS_TOPIC
Event::event_0675734700e1,Topic::ошибка в приложении,EVENT_HAS_TOPIC
Event::event_083e4c73eb20,Topic::жалоба на обслуживание,EVENT_HAS_TOPIC
Event::event_0a092504170b,Topic::оформление продукта,EVENT_HAS_TOPIC
Event::event_0b7edc594afd,Topic::условия продукта,EVENT_HAS_TOPIC
Event::event_0be825338bf1,Topic::изменение персональных данных,EVENT_HAS_TOPIC
Event::event_0cedd8d68f42,Topic::оформление продукта,EVENT_HAS_TOPIC
Event::event_0d8e4d9e5b33,Topic::комиссия,EVENT_HAS_TOPIC
Event::event_0f5db095f94f,Topic::техническая ошибка,EVENT_HAS_TOPIC
Event::event_10c25891fbda,Topic::консультация по тарифам,EVENT_HAS_TOPIC
Event::event_1315f43b9ad3,Topic::жалоба на обслуживание,EVENT_HAS_TOPIC
Event::event_13fa3c53a9e9,Topic::ошибка в приложении,EVENT_HAS_TOPIC
Event::event_14b04203f743,Topic::консультация по тарифам,EVENT_HAS_TOPIC
Event::event_154df8b52a04,Topic::условия продукта,EVENT_HAS_TOPIC
Event::event_169ee995e6d1,Topic::возврат средств,EVENT_HAS_TOPIC
Event::event_16c059d72069,Topic::условия продукта,EVENT_HAS_TOPIC
Event::event_1984bd2072f5,Topic::изменение персональных данных,EVENT_HAS_TOPIC
Event::event_1a168de29bae,Topic::повышение лимита,EVENT_HAS_TOPIC
Event::event_1a2b9226c415,Topic::условия продукта,EVENT_HAS_TOPIC
Event::event_1abb12a15b95,Topic::блокировка карты,EVENT_HAS_TOPIC
Event::event_1b62139f57e9,Topic::оформление продукта,EVENT_HAS_TOPIC
Event::event_1b7ae55a4026,Topic::оформление продукта,EVENT_HAS_TOPIC
Event::event_1b8c0b245bc3,Topic::комиссия,EVENT_HAS_TOPIC
Event::event_1c0c1f40b7e7,Topic::консультация по тарифам,EVENT_HAS_TOPIC
Event::event_1cd9e5524c45,Topic::изменение персональных данных,EVENT_HAS_TOPIC
Event::event_1d9133db1e58,Topic::блокировка карты,EVENT_HAS_TOPIC
Event::event_1e24bd1e959c,Topic::повторная покупка,EVENT_HAS_TOPIC
Event::event_1e79f3245984,Topic::комиссия,EVENT_HAS_TOPIC
Event::event_1eec34c9d6ac,Topic::оформление продукта,EVENT_HAS_TOPIC
Event::event_20d03315c9a3,Topic::условия продукта,EVENT_HAS_TOPIC
Event::event_22c136c0ba19,Topic::изменение персональных данных,EVENT_HAS_TOPIC
Event::event_23cb234e9bed,Topic::жалоба на обслуживание,EVENT_HAS_TOPIC
Event::event_240a45d6b2a1,Topic::возврат средств,EVENT_HAS_TOPIC
Event::event_24b00571fa17,Topic::оформление продукта,EVENT_HAS_TOPIC
Event::event_25b4a89b3bef,Topic::комиссия,EVENT_HAS_TOPIC
Event::event_27771ad1ae68,Topic::комиссия,EVENT_HAS_TOPIC
Event::event_27f9b4ebb9c8,Topic::техническая ошибка,EVENT_HAS_TOPIC
Event::event_28f0d477a5e4,Topic::повторная покупка,EVENT_HAS_TOPIC
Event::event_290849618577,Topic::жалоба на обслуживание,EVENT_HAS_TOPIC
Event::event_293fd9715cf6,Topic::оформление продукта,EVENT_HAS_TOPIC
Event::event_2ab5f4b56b35,Topic::техническая ошибка,EVENT_HAS_TOPIC
Event::event_2becb5ce4b6b,Topic::повторная покупка,EVENT_HAS_TOPIC
Event::event_2eaeb68603d7,Topic::техническая ошибка,EVENT_HAS_TOPIC
Event::event_2ec6a02eb4ee,Topic::условия продукта,EVENT_HAS_TOPIC
Event::event_2f01b3a1fc29,Topic::изменение персональных данных,EVENT_HAS_TOPIC
Event::event_2f93c12b9343,Topic::консультация по тарифам,EVENT_HAS_TOPIC
Event::event_30f7917b9982,Topic::комиссия,EVENT_HAS_TOPIC
Event::event_31297d57fdf6,Topic::консультация по тарифам,EVENT_HAS_TOPIC
Event::event_3143fb525d29,Topic::повышение лимита,EVENT_HAS_TOPIC
Event::event_315214396d17,Topic::техническая ошибка,EVENT_HAS_TOPIC
Event::event_3163dbb1dd58,Topic::возврат средств,EVENT_HAS_TOPIC
Event::event_32f0087e4868,Topic::оформление продукта,EVENT_HAS_TOPIC
Event::event_33213a837f9a,Topic::блокировка карты,EVENT_HAS_TOPIC
Event::event_348be7346fb7,Topic::техническая ошибка,EVENT_HAS_TOPIC
Event::event_37a69ac0b0a6,Topic::комиссия,EVENT_HAS_TOPIC
Event::event_37ab80f3e370,Topic::изменение персональных данных,EVENT_HAS_TOPIC
Event::event_3bd032dadf3a,Topic::изменение персональных данных,EVENT_HAS_TOPIC
Event::event_3cf2d02c98b0,Topic::консультация по тарифам,EVENT_HAS_TOPIC
Event::event_3eaffd63f9b3,Topic::закрытие продукта,EVENT_HAS_TOPIC
Event::event_40abdee785ad,Topic::комиссия,EVENT_HAS_TOPIC
Event::event_40ec4ea8ce5f,Topic::консультация по тарифам,EVENT_HAS_TOPIC
Event::event_42fe7392948e,Topic::консультация по тарифам,EVENT_HAS_TOPIC
Event::event_438d7c6d946a,Topic::жалоба на обслуживание,EVENT_HAS_TOPIC
Event::event_441438e60397,Topic::повышение лимита,EVENT_HAS_TOPIC
Event::event_4a2a3516b6b0,Topic::условия продукта,EVENT_HAS_TOPIC
Event::event_4a37e700a4c3,Topic::оформление продукта,EVENT_HAS_TOPIC
Event::event_4c0c79e2b2bb,Topic::условия продукта,EVENT_HAS_TOPIC
Event::event_4c40be4187ce,Topic::условия продукта,EVENT_HAS_TOPIC
Event::event_4ca460af6928,Topic::блокировка карты,EVENT_HAS_TOPIC
Event::event_4ca74c4f8d6f,Topic::жалоба на обслуживание,EVENT_HAS_TOPIC
Event::event_4e7ae3596ec3,Topic::комиссия,EVENT_HAS_TOPIC
Event::event_4e947e9a6033,Topic::условия продукта,EVENT_HAS_TOPIC
Event::event_4f215353ec22,Topic::условия продукта,EVENT_HAS_TOPIC
Event::event_4f871ce9f1bd,Topic::жалоба на обслуживание,EVENT_HAS_TOPIC
Event::event_52cf5a4db90a,Topic::комиссия,EVENT_HAS_TOPIC
Event::event_54961ad78c04,Topic::повышение лимита,EVENT_HAS_TOPIC
Event::event_569ef04a1039,Topic::повышение лимита,EVENT_HAS_TOPIC
Event::event_56e64ba3dc9a,Topic::просрочка платежа,EVENT_HAS_TOPIC
Event::event_57dd986b4882,Topic::повышение лимита,EVENT_HAS_TOPIC
Event::event_5abb571c5117,Topic::техническая ошибка,EVENT_HAS_TOPIC
Event::event_5b7c198b3863,Topic::консультация по тарифам,EVENT_HAS_TOPIC
Event::event_5c5c58e9eb46,Topic::ошибка в приложении,EVENT_HAS_TOPIC
Event::event_5d87fb0d500f,Topic::комиссия,EVENT_HAS_TOPIC
Event::event_604dc9f58779,Topic::условия продукта,EVENT_HAS_TOPIC
Event::event_60c6aec57ebd,Topic::оформление продукта,EVENT_HAS_TOPIC
Event::event_62cf9e35e01b,Topic::условия продукта,EVENT_HAS_TOPIC
Event::event_63d733506b6a,Topic::блокировка карты,EVENT_HAS_TOPIC
Event::event_645b8f0d7ac7,Topic::техническая ошибка,EVENT_HAS_TOPIC
Event::event_6517e3a01960,Topic::оформление продукта,EVENT_HAS_TOPIC
Event::event_656353341612,Topic::консультация по тарифам,EVENT_HAS_TOPIC
Event::event_65d9b172fbc2,Topic::техническая ошибка,EVENT_HAS_TOPIC
Event::event_668716fa5460,Topic::условия продукта,EVENT_HAS_TOPIC
Event::event_673480c6a584,Topic::ошибка в приложении,EVENT_HAS_TOPIC
Event::event_67d6eb7a52e3,Topic::возврат средств,EVENT_HAS_TOPIC
Event::event_681a0f4b121f,Topic::техническая ошибка,EVENT_HAS_TOPIC
Event::event_68fa4b037b07,Topic::жалоба на обслуживание,EVENT_HAS_TOPIC
Event::event_6e0f45cec684,Topic::повторная покупка,EVENT_HAS_TOPIC
Event::event_6e5bef8925ac,Topic::закрытие продукта,EVENT_HAS_TOPIC
Event::event_709479fb7e8e,Topic::техническая ошибка,EVENT_HAS_TOPIC
Event::event_7122f74f5916,Topic::блокировка карты,EVENT_HAS_TOPIC
Event::event_724d42d1789c,Topic::изменение персональных данных,EVENT_HAS_TOPIC
Event::event_72d3ee9df974,Topic::оформление продукта,EVENT_HAS_TOPIC
Event::event_731191183003,Topic::изменение персональных данных,EVENT_HAS_TOPIC
Event::event_732177d7e241,Topic::повышение лимита,EVENT_HAS_TOPIC
Event::event_7467e1f53e11,Topic::консультация по тарифам,EVENT_HAS_TOPIC
Event::event_76c822a306f4,Topic::комиссия,EVENT_HAS_TOPIC
Event::event_780c95fa24f1,Topic::техническая ошибка,EVENT_HAS_TOPIC
Event::event_793eb5cc3758,Topic::условия продукта,EVENT_HAS_TOPIC
Event::event_794b9a0f37b6,Topic::жалоба на обслуживание,EVENT_HAS_TOPIC
Event::event_79f856de5d3a,Topic::условия продукта,EVENT_HAS_TOPIC
Event::event_7b20c3cf48ef,Topic::консультация по тарифам,EVENT_HAS_TOPIC
Event::event_7ba092af714b,Topic::закрытие продукта,EVENT_HAS_TOPIC
Event::event_7c2d07c505cf,Topic::оформление продукта,EVENT_HAS_TOPIC
Event::event_7cf6fe1f85ab,Topic::комиссия,EVENT_HAS_TOPIC
Event::event_7cf7a4a696ab,Topic::изменение персональных данных,EVENT_HAS_TOPIC
Event::event_7d25c29698b6,Topic::жалоба на обслуживание,EVENT_HAS_TOPIC
Event::event_7d4967c62c86,Topic::просрочка платежа,EVENT_HAS_TOPIC
Event::event_7d5785e0bf41,Topic::условия продукта,EVENT_HAS_TOPIC
Event::event_7dce7853327a,Topic::консультация по тарифам,EVENT_HAS_TOPIC
Event::event_817cdf84ce45,Topic::возврат средств,EVENT_HAS_TOPIC
Event::event_83f1aaa4343d,Topic::консультация по тарифам,EVENT_HAS_TOPIC
Event::event_852b55ae8ff6,Topic::комиссия,EVENT_HAS_TOPIC
Event::event_880a377966a8,Topic::повышение лимита,EVENT_HAS_TOPIC
Event::event_89f58a9c303d,Topic::условия продукта,EVENT_HAS_TOPIC
Event::event_8b188eea9d21,Topic::условия продукта,EVENT_HAS_TOPIC
Event::event_8b3d4b34b894,Topic::условия продукта,EVENT_HAS_TOPIC
Event::event_8c29135abac0,Topic::блокировка карты,EVENT_HAS_TOPIC
Event::event_8c9b8b24a51c,Topic::жалоба на обслуживание,EVENT_HAS_TOPIC
Event::event_8cdb82c9630e,Topic::комиссия,EVENT_HAS_TOPIC
Event::event_8d7423c933c5,Topic::комиссия,EVENT_HAS_TOPIC
Event::event_8f387c590f91,Topic::оформление продукта,EVENT_HAS_TOPIC
Event::event_9061bb01cff7,Topic::условия продукта,EVENT_HAS_TOPIC
Event::event_9123926b3608,Topic::условия продукта,EVENT_HAS_TOPIC
Event::event_912be879b778,Topic::консультация по тарифам,EVENT_HAS_TOPIC
Event::event_914bc2b32205,Topic::условия продукта,EVENT_HAS_TOPIC
Event::event_92ec8a803166,Topic::консультация по тарифам,EVENT_HAS_TOPIC
Event::event_93300e115221,Topic::комиссия,EVENT_HAS_TOPIC
Event::event_942d32ad8213,Topic::условия продукта,EVENT_HAS_TOPIC
Event::event_9574cad4294c,Topic::техническая ошибка,EVENT_HAS_TOPIC
Event::event_992265af59e7,Topic::изменение персональных данных,EVENT_HAS_TOPIC
Event::event_993373bca03d,Topic::возврат средств,EVENT_HAS_TOPIC
Event::event_99c5681b4262,Topic::условия продукта,EVENT_HAS_TOPIC
Event::event_9a47a4a80e64,Topic::комиссия,EVENT_HAS_TOPIC
Event::event_9ac0a2c77c0a,Topic::техническая ошибка,EVENT_HAS_TOPIC
Event::event_9b9f167c9e7e,Topic::условия продукта,EVENT_HAS_TOPIC
Event::event_9c0778bd1c34,Topic::оформление продукта,EVENT_HAS_TOPIC
Event::event_9c644e806eb3,Topic::комиссия,EVENT_HAS_TOPIC
Event::event_9ec728605a34,Topic::оформление продукта,EVENT_HAS_TOPIC
Event::event_a05b43d094d4,Topic::условия продукта,EVENT_HAS_TOPIC
Event::event_a122f25f71aa,Topic::консультация по тарифам,EVENT_HAS_TOPIC
Event::event_a12be4513720,Topic::оформление продукта,EVENT_HAS_TOPIC
Event::event_a172b5c9ad5c,Topic::условия продукта,EVENT_HAS_TOPIC
Event::event_a19379081937,Topic::условия продукта,EVENT_HAS_TOPIC
Event::event_a20ffd583ad5,Topic::техническая ошибка,EVENT_HAS_TOPIC
Event::event_a3ab67050ec8,Topic::условия продукта,EVENT_HAS_TOPIC
Event::event_a430da8b72be,Topic::оформление продукта,EVENT_HAS_TOPIC
Event::event_a461a9c10bb9,Topic::условия продукта,EVENT_HAS_TOPIC
Event::event_a5240b8f5ec4,Topic::консультация по тарифам,EVENT_HAS_TOPIC
Event::event_a8b7981d734a,Topic::блокировка карты,EVENT_HAS_TOPIC
Event::event_a8f7a0d3ddb7,Topic::комиссия,EVENT_HAS_TOPIC
Event::event_a90922b8c751,Topic::блокировка карты,EVENT_HAS_TOPIC
Event::event_aaa83bff47f9,Topic::повторная покупка,EVENT_HAS_TOPIC
Event::event_aad82a6c7be5,Topic::жалоба на обслуживание,EVENT_HAS_TOPIC
Event::event_abe212840fef,Topic::условия продукта,EVENT_HAS_TOPIC
Event::event_ac67b3c3aba8,Topic::изменение персональных данных,EVENT_HAS_TOPIC
Event::event_ad86c3b9249f,Topic::возврат средств,EVENT_HAS_TOPIC
Event::event_afcbbd08ccc2,Topic::возврат средств,EVENT_HAS_TOPIC
Event::event_b081149bf60d,Topic::оформление продукта,EVENT_HAS_TOPIC
Event::event_b1f09822f639,Topic::блокировка карты,EVENT_HAS_TOPIC
Event::event_b1f221297bf6,Topic::изменение персональных данных,EVENT_HAS_TOPIC
Event::event_b3954eeca9e2,Topic::ошибка в приложении,EVENT_HAS_TOPIC
Event::event_b4e5147fcef4,Topic::повышение лимита,EVENT_HAS_TOPIC
Event::event_b5990ddd8e29,Topic::изменение персональных данных,EVENT_HAS_TOPIC
Event::event_ba3263fb68e2,Topic::условия продукта,EVENT_HAS_TOPIC
Event::event_bc2d0529cad7,Topic::условия продукта,EVENT_HAS_TOPIC
Event::event_bc755d97b28a,Topic::ошибка в приложении,EVENT_HAS_TOPIC
Event::event_bd0c35bb7dc6,Topic::возврат средств,EVENT_HAS_TOPIC
Event::event_bd8bcd07b57e,Topic::блокировка карты,EVENT_HAS_TOPIC
Event::event_bdbd248e7958,Topic::оформление продукта,EVENT_HAS_TOPIC
Event::event_be602d892628,Topic::ошибка в приложении,EVENT_HAS_TOPIC
Event::event_bf8e68242dbf,Topic::условия продукта,EVENT_HAS_TOPIC
Event::event_c11e16d4ef6a,Topic::условия продукта,EVENT_HAS_TOPIC
Event::event_c49c7657cd4b,Topic::консультация по тарифам,EVENT_HAS_TOPIC
Event::event_c5ee7537bdf4,Topic::просрочка платежа,EVENT_HAS_TOPIC
Event::event_c66fbad9f077,Topic::техническая ошибка,EVENT_HAS_TOPIC
Event::event_c69e5ebe6d36,Topic::изменение персональных данных,EVENT_HAS_TOPIC
Event::event_c7b56b517d9e,Topic::изменение персональных данных,EVENT_HAS_TOPIC
Event::event_c98eed443026,Topic::техническая ошибка,EVENT_HAS_TOPIC
Event::event_c99facc16dd8,Topic::комиссия,EVENT_HAS_TOPIC
Event::event_c9fd547bd8c3,Topic::возврат средств,EVENT_HAS_TOPIC
Event::event_ca232430e006,Topic::условия продукта,EVENT_HAS_TOPIC
Event::event_cb8713269890,Topic::условия продукта,EVENT_HAS_TOPIC
Event::event_cbcaed27118b,Topic::консультация по тарифам,EVENT_HAS_TOPIC
Event::event_cf43f0366792,Topic::жалоба на обслуживание,EVENT_HAS_TOPIC
Event::event_cfb60056cc33,Topic::условия продукта,EVENT_HAS_TOPIC
Event::event_d1d2d046f009,Topic::жалоба на обслуживание,EVENT_HAS_TOPIC
Event::event_d4148e149005,Topic::комиссия,EVENT_HAS_TOPIC
Event::event_d4d88008ca4d,Topic::техническая ошибка,EVENT_HAS_TOPIC
Event::event_d4e1bac7722d,Topic::оформление продукта,EVENT_HAS_TOPIC
Event::event_d71ea6919cd3,Topic::условия продукта,EVENT_HAS_TOPIC
Event::event_d768c0c7f4ab,Topic::консультация по тарифам,EVENT_HAS_TOPIC
Event::event_d86bbedebbde,Topic::консультация по тарифам,EVENT_HAS_TOPIC
Event::event_dbee8fc7655a,Topic::блокировка карты,EVENT_HAS_TOPIC
Event::event_dc8caaca728d,Topic::условия продукта,EVENT_HAS_TOPIC
Event::event_dd28fbb40f25,Topic::консультация по тарифам,EVENT_HAS_TOPIC
Event::event_de84b1891874,Topic::оформление продукта,EVENT_HAS_TOPIC
Event::event_dee79f911a48,Topic::оформление продукта,EVENT_HAS_TOPIC
Event::event_e059a5856228,Topic::условия продукта,EVENT_HAS_TOPIC
Event::event_e29857fe2fc9,Topic::повышение лимита,EVENT_HAS_TOPIC
Event::event_e346253f3775,Topic::повышение лимита,EVENT_HAS_TOPIC
Event::event_e42e836c5490,Topic::условия продукта,EVENT_HAS_TOPIC
Event::event_e45f9057a3b8,Topic::блокировка карты,EVENT_HAS_TOPIC
Event::event_e48895189837,Topic::комиссия,EVENT_HAS_TOPIC
Event::event_e6cce9adca42,Topic::консультация по тарифам,EVENT_HAS_TOPIC
Event::event_e854a4fa7f5b,Topic::просрочка платежа,EVENT_HAS_TOPIC
Event::event_eaa1eb95ebd7,Topic::ошибка в приложении,EVENT_HAS_TOPIC
Event::event_ec4b7dab592d,Topic::повышение лимита,EVENT_HAS_TOPIC
Event::event_ee4f49a3b398,Topic::консультация по тарифам,EVENT_HAS_TOPIC
Event::event_efdf237f32d4,Topic::комиссия,EVENT_HAS_TOPIC
Event::event_f01ad024543e,Topic::комиссия,EVENT_HAS_TOPIC
Event::event_f1d9a60c299d,Topic::повышение лимита,EVENT_HAS_TOPIC
Event::event_f1e9d659c730,Topic::комиссия,EVENT_HAS_TOPIC
Event::event_f3417982ce56,Topic::комиссия,EVENT_HAS_TOPIC
Event::event_f4e9f24b357b,Topic::консультация по тарифам,EVENT_HAS_TOPIC
Event::event_f74ea6506987,Topic::условия продукта,EVENT_HAS_TOPIC
Event::event_f8b3d29dfbdd,Topic::условия продукта,EVENT_HAS_TOPIC
Event::event_fac32dcf828f,Topic::просрочка платежа,EVENT_HAS_TOPIC
Event::event_fb84c9525fb2,Topic::консультация по тарифам,EVENT_HAS_TOPIC
Event::event_fca8868fa5fe,Topic::комиссия,EVENT_HAS_TOPIC
Event::event_fe07231b16b9,Topic::условия продукта,EVENT_HAS_TOPIC
Event::event_fe437fd3e3d4,Topic::изменение персональных данных,EVENT_HAS_TOPIC
Event::event_fe68a434f384,Topic::просрочка платежа,EVENT_HAS_TOPIC
Event::event_ffc587b1db9e,Topic::консультация по тарифам,EVENT_HAS_TOPIC
Event::event_004fc7ecd9a4,Event::event_c69e5ebe6d36,EVENT_NEXT
Event::event_005dbb194333,Event::event_a122f25f71aa,EVENT_NEXT
Event::event_018ef199ad16,Event::event_54961ad78c04,EVENT_NEXT
Event::event_01c86a80c366,Event::event_dd28fbb40f25,EVENT_NEXT
Event::event_01e204b94ee1,Event::event_a461a9c10bb9,EVENT_NEXT
Event::event_047691e49e5e,Event::event_a8b7981d734a,EVENT_NEXT
Event::event_04b1ad977154,Event::event_7122f74f5916,EVENT_NEXT
Event::event_05228b6dd178,Event::event_290849618577,EVENT_NEXT
Event::event_05d3dff4256f,Event::event_cbcaed27118b,EVENT_NEXT
Event::event_0603c7fc1130,Event::event_ffc587b1db9e,EVENT_NEXT
Event::event_0675734700e1,Event::event_c98eed443026,EVENT_NEXT
Event::event_083e4c73eb20,Event::event_27f9b4ebb9c8,EVENT_NEXT
Event::event_0a092504170b,Event::event_ca232430e006,EVENT_NEXT
Event::event_0b7edc594afd,Event::event_5d87fb0d500f,EVENT_NEXT
Event::event_0be825338bf1,Event::event_817cdf84ce45,EVENT_NEXT
Event::event_0d8e4d9e5b33,Event::event_33213a837f9a,EVENT_NEXT
Event::event_0f5db095f94f,Event::event_4f871ce9f1bd,EVENT_NEXT
Event::event_10c25891fbda,Event::event_60c6aec57ebd,EVENT_NEXT
Event::event_1315f43b9ad3,Event::event_018ef199ad16,EVENT_NEXT
Event::event_13fa3c53a9e9,Event::event_9574cad4294c,EVENT_NEXT
Event::event_154df8b52a04,Event::event_914bc2b32205,EVENT_NEXT
Event::event_16c059d72069,Event::event_ac67b3c3aba8,EVENT_NEXT
Event::event_1984bd2072f5,Event::event_40abdee785ad,EVENT_NEXT
Event::event_1a168de29bae,Event::event_a3ab67050ec8,EVENT_NEXT
Event::event_1a2b9226c415,Event::event_880a377966a8,EVENT_NEXT
Event::event_1abb12a15b95,Event::event_7ba092af714b,EVENT_NEXT
Event::event_1b62139f57e9,Event::event_b081149bf60d,EVENT_NEXT
Event::event_1b8c0b245bc3,Event::event_047691e49e5e,EVENT_NEXT
Event::event_1cd9e5524c45,Event::event_56e64ba3dc9a,EVENT_NEXT
Event::event_1d9133db1e58,Event::event_240a45d6b2a1,EVENT_NEXT
Event::event_1e24bd1e959c,Event::event_f3417982ce56,EVENT_NEXT
Event::event_1e79f3245984,Event::event_eaa1eb95ebd7,EVENT_NEXT
Event::event_1eec34c9d6ac,Event::event_1cd9e5524c45,EVENT_NEXT
Event::event_20d03315c9a3,Event::event_99c5681b4262,EVENT_NEXT
Event::event_22c136c0ba19,Event::event_05228b6dd178,EVENT_NEXT
Event::event_23cb234e9bed,Event::event_8c29135abac0,EVENT_NEXT
Event::event_240a45d6b2a1,Event::event_7dce7853327a,EVENT_NEXT
Event::event_25b4a89b3bef,Event::event_0f5db095f94f,EVENT_NEXT
Event::event_27771ad1ae68,Event::event_23cb234e9bed,EVENT_NEXT
Event::event_293fd9715cf6,Event::event_1a168de29bae,EVENT_NEXT
Event::event_2becb5ce4b6b,Event::event_fca8868fa5fe,EVENT_NEXT
Event::event_2eaeb68603d7,Event::event_348be7346fb7,EVENT_NEXT
Event::event_2ec6a02eb4ee,Event::event_bf8e68242dbf,EVENT_NEXT
Event::event_30f7917b9982,Event::event_efdf237f32d4,EVENT_NEXT
Event::event_31297d57fdf6,Event::event_b4e5147fcef4,EVENT_NEXT
Event::event_3143fb525d29,Event::event_6e0f45cec684,EVENT_NEXT
Event::event_315214396d17,Event::event_c5ee7537bdf4,EVENT_NEXT
Event::event_3163dbb1dd58,Event::event_a20ffd583ad5,EVENT_NEXT
Event::event_33213a837f9a,Event::event_1d9133db1e58,EVENT_NEXT
Event::event_348be7346fb7,Event::event_10c25891fbda,EVENT_NEXT
Event::event_37a69ac0b0a6,Event::event_52cf5a4db90a,EVENT_NEXT
Event::event_37ab80f3e370,Event::event_c11e16d4ef6a,EVENT_NEXT
Event::event_3bd032dadf3a,Event::event_0675734700e1,EVENT_NEXT
Event::event_3cf2d02c98b0,Event::event_942d32ad8213,EVENT_NEXT
Event::event_40abdee785ad,Event::event_9c644e806eb3,EVENT_NEXT
Event::event_40ec4ea8ce5f,Event::event_abe212840fef,EVENT_NEXT
Event::event_42fe7392948e,Event::event_bdbd248e7958,EVENT_NEXT
Event::event_438d7c6d946a,Event::event_e45f9057a3b8,EVENT_NEXT
Event::event_4a2a3516b6b0,Event::event_1b8c0b245bc3,EVENT_NEXT
Event::event_4a37e700a4c3,Event::event_2f93c12b9343,EVENT_NEXT
Event::event_4c0c79e2b2bb,Event::event_7b20c3cf48ef,EVENT_NEXT
Event::event_4ca460af6928,Event::event_169ee995e6d1,EVENT_NEXT
Event::event_4ca74c4f8d6f,Event::event_92ec8a803166,EVENT_NEXT
Event::event_4e947e9a6033,Event::event_2f01b3a1fc29,EVENT_NEXT
Event::event_52cf5a4db90a,Event::event_9ac0a2c77c0a,EVENT_NEXT
Event::event_569ef04a1039,Event::event_de84b1891874,EVENT_NEXT
Event::event_56e64ba3dc9a,Event::event_794b9a0f37b6,EVENT_NEXT
Event::event_5abb571c5117,Event::event_b1f09822f639,EVENT_NEXT
Event::event_5c5c58e9eb46,Event::event_645b8f0d7ac7,EVENT_NEXT
Event::event_604dc9f58779,Event::event_bc2d0529cad7,EVENT_NEXT
Event::event_60c6aec57ebd,Event::event_4f215353ec22,EVENT_NEXT
Event::event_62cf9e35e01b,Event::event_b3954eeca9e2,EVENT_NEXT
Event::event_645b8f0d7ac7,Event::event_3143fb525d29,EVENT_NEXT
Event::event_6517e3a01960,Event::event_d768c0c7f4ab,EVENT_NEXT
Event::event_656353341612,Event::event_8b3d4b34b894,EVENT_NEXT
Event::event_65d9b172fbc2,Event::event_13fa3c53a9e9,EVENT_NEXT
Event::event_668716fa5460,Event::event_2becb5ce4b6b,EVENT_NEXT
Event::event_673480c6a584,Event::event_852b55ae8ff6,EVENT_NEXT
Event::event_681a0f4b121f,Event::event_ec4b7dab592d,EVENT_NEXT
Event::event_6e0f45cec684,Event::event_37ab80f3e370,EVENT_NEXT
Event::event_709479fb7e8e,Event::event_63d733506b6a,EVENT_NEXT
Event::event_7122f74f5916,Event::event_ad86c3b9249f,EVENT_NEXT
Event::event_724d42d1789c,Event::event_aaa83bff47f9,EVENT_NEXT
Event::event_72d3ee9df974,Event::event_154df8b52a04,EVENT_NEXT
Event::event_731191183003,Event::event_3163dbb1dd58,EVENT_NEXT
Event::event_732177d7e241,Event::event_72d3ee9df974,EVENT_NEXT
Event::event_7467e1f53e11,Event::event_9123926b3608,EVENT_NEXT
Event::event_780c95fa24f1,Event::event_d4d88008ca4d,EVENT_NEXT
Event::event_793eb5cc3758,Event::event_a05b43d094d4,EVENT_NEXT
Event::event_794b9a0f37b6,Event::event_8cdb82c9630e,EVENT_NEXT
Event::event_79f856de5d3a,Event::event_0199e3955865,EVENT_NEXT
Event::event_7b20c3cf48ef,Event::event_20d03315c9a3,EVENT_NEXT
Event::event_7c2d07c505cf,Event::event_e29857fe2fc9,EVENT_NEXT
Event::event_7cf6fe1f85ab,Event::event_9a47a4a80e64,EVENT_NEXT
Event::event_7d5785e0bf41,Event::event_3bd032dadf3a,EVENT_NEXT
Event::event_817cdf84ce45,Event::event_6e5bef8925ac,EVENT_NEXT
Event::event_83f1aaa4343d,Event::event_c49c7657cd4b,EVENT_NEXT
Event::event_880a377966a8,Event::event_cb8713269890,EVENT_NEXT
Event::event_89f58a9c303d,Event::event_e48895189837,EVENT_NEXT
Event::event_8b188eea9d21,Event::event_d71ea6919cd3,EVENT_NEXT
Event::event_8b3d4b34b894,Event::event_fe07231b16b9,EVENT_NEXT
Event::event_8c29135abac0,Event::event_65d9b172fbc2,EVENT_NEXT
Event::event_8d7423c933c5,Event::event_76c822a306f4,EVENT_NEXT
Event::event_8f387c590f91,Event::event_441438e60397,EVENT_NEXT
Event::event_9123926b3608,Event::event_e059a5856228,EVENT_NEXT
Event::event_914bc2b32205,Event::event_d4148e149005,EVENT_NEXT
Event::event_92ec8a803166,Event::event_4e947e9a6033,EVENT_NEXT
Event::event_942d32ad8213,Event::event_30f7917b9982,EVENT_NEXT
Event::event_9574cad4294c,Event::event_083e4c73eb20,EVENT_NEXT
Event::event_993373bca03d,Event::event_a8f7a0d3ddb7,EVENT_NEXT
Event::event_99c5681b4262,Event::event_e42e836c5490,EVENT_NEXT
Event::event_9a47a4a80e64,Event::event_bd0c35bb7dc6,EVENT_NEXT
Event::event_9ac0a2c77c0a,Event::event_7d4967c62c86,EVENT_NEXT
Event::event_9b9f167c9e7e,Event::event_004fc7ecd9a4,EVENT_NEXT
Event::event_9c0778bd1c34,Event::event_a172b5c9ad5c,EVENT_NEXT
Event::event_9ec728605a34,Event::event_05d3dff4256f,EVENT_NEXT
Event::event_a05b43d094d4,Event::event_32f0087e4868,EVENT_NEXT
Event::event_a122f25f71aa,Event::event_5b7c198b3863,EVENT_NEXT
Event::event_a12be4513720,Event::event_0a092504170b,EVENT_NEXT
Event::event_a172b5c9ad5c,Event::event_dee79f911a48,EVENT_NEXT
Event::event_a19379081937,Event::event_992265af59e7,EVENT_NEXT
Event::event_a20ffd583ad5,Event::event_4ca74c4f8d6f,EVENT_NEXT
Event::event_a3ab67050ec8,Event::event_604dc9f58779,EVENT_NEXT
Event::event_a430da8b72be,Event::event_c99facc16dd8,EVENT_NEXT
Event::event_a461a9c10bb9,Event::event_28f0d477a5e4,EVENT_NEXT
Event::event_a5240b8f5ec4,Event::event_83f1aaa4343d,EVENT_NEXT
Event::event_a8b7981d734a,Event::event_e346253f3775,EVENT_NEXT
Event::event_a90922b8c751,Event::event_cf43f0366792,EVENT_NEXT
Event::event_aaa83bff47f9,Event::event_7cf7a4a696ab,EVENT_NEXT
Event::event_aad82a6c7be5,Event::event_3eaffd63f9b3,EVENT_NEXT
Event::event_abe212840fef,Event::event_0be825338bf1,EVENT_NEXT
Event::event_ac67b3c3aba8,Event::event_2ab5f4b56b35,EVENT_NEXT
Event::event_ad86c3b9249f,Event::event_68fa4b037b07,EVENT_NEXT
Event::event_afcbbd08ccc2,Event::event_681a0f4b121f,EVENT_NEXT
Event::event_b081149bf60d,Event::event_04b1ad977154,EVENT_NEXT
Event::event_b1f09822f639,Event::event_57dd986b4882,EVENT_NEXT
Event::event_b1f221297bf6,Event::event_8d7423c933c5,EVENT_NEXT
Event::event_b3954eeca9e2,Event::event_1315f43b9ad3,EVENT_NEXT
Event::event_b4e5147fcef4,Event::event_2ec6a02eb4ee,EVENT_NEXT
Event::event_b5990ddd8e29,Event::event_9c0778bd1c34,EVENT_NEXT
Event::event_ba3263fb68e2,Event::event_1eec34c9d6ac,EVENT_NEXT
Event::event_bc2d0529cad7,Event::event_5c5c58e9eb46,EVENT_NEXT
Event::event_bc755d97b28a,Event::event_afcbbd08ccc2,EVENT_NEXT
Event::event_bd0c35bb7dc6,Event::event_c9fd547bd8c3,EVENT_NEXT
Event::event_bd8bcd07b57e,Event::event_5abb571c5117,EVENT_NEXT
Event::event_bdbd248e7958,Event::event_22c136c0ba19,EVENT_NEXT
Event::event_be602d892628,Event::event_315214396d17,EVENT_NEXT
Event::event_bf8e68242dbf,Event::event_b5990ddd8e29,EVENT_NEXT
Event::event_c11e16d4ef6a,Event::event_d4e1bac7722d,EVENT_NEXT
Event::event_c49c7657cd4b,Event::event_7d5785e0bf41,EVENT_NEXT
Event::event_c5ee7537bdf4,Event::event_c66fbad9f077,EVENT_NEXT
Event::event_c66fbad9f077,Event::event_37a69ac0b0a6,EVENT_NEXT
Event::event_c69e5ebe6d36,Event::event_993373bca03d,EVENT_NEXT
Event::event_c7b56b517d9e,Event::event_67d6eb7a52e3,EVENT_NEXT
Event::event_c99facc16dd8,Event::event_2eaeb68603d7,EVENT_NEXT
Event::event_c9fd547bd8c3,Event::event_569ef04a1039,EVENT_NEXT
Event::event_ca232430e006,Event::event_438d7c6d946a,EVENT_NEXT
Event::event_cb8713269890,Event::event_724d42d1789c,EVENT_NEXT
Event::event_cbcaed27118b,Event::event_0b7edc594afd,EVENT_NEXT
Event::event_cfb60056cc33,Event::event_1e24bd1e959c,EVENT_NEXT
Event::event_d1d2d046f009,Event::event_79f856de5d3a,EVENT_NEXT
Event::event_d4148e149005,Event::event_709479fb7e8e,EVENT_NEXT
Event::event_d4d88008ca4d,Event::event_be602d892628,EVENT_NEXT
Event::event_d71ea6919cd3,Event::event_25b4a89b3bef,EVENT_NEXT
Event::event_d768c0c7f4ab,Event::event_8b188eea9d21,EVENT_NEXT
Event::event_d86bbedebbde,Event::event_f1d9a60c299d,EVENT_NEXT
Event::event_dbee8fc7655a,Event::event_d1d2d046f009,EVENT_NEXT
Event::event_dc8caaca728d,Event::event_668716fa5460,EVENT_NEXT
Event::event_dd28fbb40f25,Event::event_fb84c9525fb2,EVENT_NEXT
Event::event_dee79f911a48,Event::event_01e204b94ee1,EVENT_NEXT
Event::event_e059a5856228,Event::event_a19379081937,EVENT_NEXT
Event::event_e29857fe2fc9,Event::event_793eb5cc3758,EVENT_NEXT
Event::event_e346253f3775,Event::event_4c40be4187ce,EVENT_NEXT
Event::event_e42e836c5490,Event::event_dbee8fc7655a,EVENT_NEXT
Event::event_e45f9057a3b8,Event::event_7d25c29698b6,EVENT_NEXT
Event::event_e48895189837,Event::event_c7b56b517d9e,EVENT_NEXT
Event::event_e854a4fa7f5b,Event::event_780c95fa24f1,EVENT_NEXT
Event::event_eaa1eb95ebd7,Event::event_4e7ae3596ec3,EVENT_NEXT
Event::event_ec4b7dab592d,Event::event_1b7ae55a4026,EVENT_NEXT
Event::event_ee4f49a3b398,Event::event_0603c7fc1130,EVENT_NEXT
Event::event_efdf237f32d4,Event::event_aad82a6c7be5,EVENT_NEXT
Event::event_f01ad024543e,Event::event_e854a4fa7f5b,EVENT_NEXT
Event::event_f1d9a60c299d,Event::event_f74ea6506987,EVENT_NEXT
Event::event_f1e9d659c730,Event::event_bd8bcd07b57e,EVENT_NEXT
Event::event_f3417982ce56,Event::event_4ca460af6928,EVENT_NEXT
Event::event_f74ea6506987,Event::event_cfb60056cc33,EVENT_NEXT
Event::event_f8b3d29dfbdd,Event::event_732177d7e241,EVENT_NEXT
Event::event_fac32dcf828f,Event::event_93300e115221,EVENT_NEXT
Event::event_fb84c9525fb2,Event::event_89f58a9c303d,EVENT_NEXT
Event::event_fe07231b16b9,Event::event_dc8caaca728d,EVENT_NEXT
Event::event_fe437fd3e3d4,Event::event_bc755d97b28a,EVENT_NEXT
Event::event_fe68a434f384,Event::event_8c9b8b24a51c,EVENT_NEXT
Event::event_ffc587b1db9e,Event::event_a430da8b72be,EVENT_NEXT
Event::nan,Event::event_005dbb194333,EVENT_NEXT
Event::nan,Event::event_01c86a80c366,EVENT_NEXT
Event::nan,Event::event_0cedd8d68f42,EVENT_NEXT
Event::nan,Event::event_0d8e4d9e5b33,EVENT_NEXT
Event::nan,Event::event_14b04203f743,EVENT_NEXT
Event::nan,Event::event_16c059d72069,EVENT_NEXT
Event::nan,Event::event_1984bd2072f5,EVENT_NEXT
Event::nan,Event::event_1a2b9226c415,EVENT_NEXT
Event::nan,Event::event_1abb12a15b95,EVENT_NEXT
Event::nan,Event::event_1b62139f57e9,EVENT_NEXT
Event::nan,Event::event_1c0c1f40b7e7,EVENT_NEXT
Event::nan,Event::event_1e79f3245984,EVENT_NEXT
Event::nan,Event::event_24b00571fa17,EVENT_NEXT
Event::nan,Event::event_27771ad1ae68,EVENT_NEXT
Event::nan,Event::event_293fd9715cf6,EVENT_NEXT
Event::nan,Event::event_31297d57fdf6,EVENT_NEXT
Event::nan,Event::event_3cf2d02c98b0,EVENT_NEXT
Event::nan,Event::event_40ec4ea8ce5f,EVENT_NEXT
Event::nan,Event::event_42fe7392948e,EVENT_NEXT
Event::nan,Event::event_4a2a3516b6b0,EVENT_NEXT
Event::nan,Event::event_4a37e700a4c3,EVENT_NEXT
Event::nan,Event::event_4c0c79e2b2bb,EVENT_NEXT
Event::nan,Event::event_62cf9e35e01b,EVENT_NEXT
Event::nan,Event::event_6517e3a01960,EVENT_NEXT
Event::nan,Event::event_656353341612,EVENT_NEXT
Event::nan,Event::event_673480c6a584,EVENT_NEXT
Event::nan,Event::event_731191183003,EVENT_NEXT
Event::nan,Event::event_7467e1f53e11,EVENT_NEXT
Event::nan,Event::event_7c2d07c505cf,EVENT_NEXT
Event::nan,Event::event_7cf6fe1f85ab,EVENT_NEXT
Event::nan,Event::event_8f387c590f91,EVENT_NEXT
Event::nan,Event::event_9061bb01cff7,EVENT_NEXT
Event::nan,Event::event_912be879b778,EVENT_NEXT
Event::nan,Event::event_9b9f167c9e7e,EVENT_NEXT
Event::nan,Event::event_9ec728605a34,EVENT_NEXT
Event::nan,Event::event_a12be4513720,EVENT_NEXT
Event::nan,Event::event_a5240b8f5ec4,EVENT_NEXT
Event::nan,Event::event_a90922b8c751,EVENT_NEXT
Event::nan,Event::event_b1f221297bf6,EVENT_NEXT
Event::nan,Event::event_ba3263fb68e2,EVENT_NEXT
Event::nan,Event::event_d86bbedebbde,EVENT_NEXT
Event::nan,Event::event_e6cce9adca42,EVENT_NEXT
Event::nan,Event::event_ee4f49a3b398,EVENT_NEXT
Event::nan,Event::event_f01ad024543e,EVENT_NEXT
Event::nan,Event::event_f1e9d659c730,EVENT_NEXT
Event::nan,Event::event_f4e9f24b357b,EVENT_NEXT
Event::nan,Event::event_f8b3d29dfbdd,EVENT_NEXT
Event::nan,Event::event_fac32dcf828f,EVENT_NEXT
Event::nan,Event::event_fe437fd3e3d4,EVENT_NEXT
Event::nan,Event::event_fe68a434f384,EVENT_NEXT
