node_id,node_type,label,client_id,client_name,age,segment,loyalty_score,churn_risk,city,scenario_name,description,event_id,event_order,event_date,lifecycle_stage,event_type,product,topic,channel,sentiment,status,satisfaction_score,message_id,speaker,text
Channel::email,Channel,email,,,,,,,,,,,,,,,,,email,,,,,,
Channel::мобильное приложение,Channel,мобильное приложение,,,,,,,,,,,,,,,,,мобильное приложение,,,,,,
Channel::офис,Channel,офис,,,,,,,,,,,,,,,,,офис,,,,,,
Channel::сайт,Channel,сайт,,,,,,,,,,,,,,,,,сайт,,,,,,
Channel::телефон,Channel,телефон,,,,,,,,,,,,,,,,,телефон,,,,,,
Channel::чат,Channel,чат,,,,,,,,,,,,,,,,,чат,,,,,,
City::Воронеж,City,Воронеж,,,,,,,Воронеж,,,,,,,,,,,,,,,,
City::Екатеринбург,City,Екатеринбург,,,,,,,Екатеринбург,,,,,,,,,,,,,,,,
City::Казань,City,Казань,,,,,,,Казань,,,,,,,,,,,,,,,,
City::Краснодар,City,Краснодар,,,,,,,Краснодар,,,,,,,,,,,,,,,,
City::Москва,City,Москва,,,,,,,Москва,,,,,,,,,,,,,,,,
City::Нижний Новгород,City,Нижний Новгород,,,,,,,Нижний Новгород,,,,,,,,,,,,,,,,
City::Новосибирск,City,Новосибирск,,,,,,,Новосибирск,,,,,,,,,,,,,,,,
City::Пермь,City,Пермь,,,,,,,Пермь,,,,,,,,,,,,,,,,
City::Ростов-на-Дону,City,Ростов-на-Дону,,,,,,,Ростов-на-Дону,,,,,,,,,,,,,,,,
City::Самара,City,Самара,,,,,,,Самара,,,,,,,,,,,,,,,,
City::Санкт-Петербург,City,Санкт-Петербург,,,,,,,Санкт-Петербург,,,,,,,,,,,,,,,,
City::Уфа,City,Уфа,,,,,,,Уфа,,,,,,,,,,,,,,,,
Client::C001,Client,C001 | Алевтина Игоревна Николаева,C001,Алевтина Игоревна Николаева,19.0,sleeping,64.0,high,Новосибирск,,,,,,,,,,,,,,,,
Client::C002,Client,C002 | Зиновьева Валентина Тимофеевна,C002,Зиновьева Валентина Тимофеевна,19.0,new,79.0,low,Новосибирск,,,,,,,,,,,,,,,,
Client::C003,Client,C003 | Родионов Амос Аксёнович,C003,Родионов Амос Аксёнович,55.0,regular,58.0,low,Москва,,,,,,,,,,,,,,,,
Client::C004,Client,C004 | Жукова Прасковья Юльевна,C004,Жукова Прасковья Юльевна,42.0,new,79.0,medium,Нижний Новгород,,,,,,,,,,,,,,,,
Client::C005,Client,C005 | Лазарева София Николаевна,C005,Лазарева София Николаевна,53.0,regular,49.0,low,Пермь,,,,,,,,,,,,,,,,
Client::C006,Client,C006 | Сафонов Клавдий Абрамович,C006,Сафонов Клавдий Абрамович,23.0,sleeping,53.0,medium,Санкт-Петербург,,,,,,,,,,,,,,,,
Client::C007,Client,C007 | Гордей Федосьевич Александров,C007,Гордей Федосьевич Александров,62.0,problematic,30.0,critical,Пермь,,,,,,,,,,,,,,,,
Client::C008,Client,C008 | Рябов Мартын Бориславович,C008,Рябов Мартын Бориславович,35.0,loyal,82.0,low,Пермь,,,,,,,,,,,,,,,,
Client::C009,Client,C009 | Белов Мирон Изотович,C009,Белов Мирон Изотович,35.0,new,74.0,medium,Воронеж,,,,,,,,,,,,,,,,
Client::C010,Client,C010 | Алина Робертовна Белякова,C010,Алина Робертовна Белякова,33.0,sleeping,55.0,medium,Краснодар,,,,,,,,,,,,,,,,
Client::C011,Client,C011 | Стрелкова Марина Артемовна,C011,Стрелкова Марина Артемовна,50.0,premium,88.0,low,Москва,,,,,,,,,,,,,,,,
Client::C012,Client,C012 | Ян Иосипович Игнатьев,C012,Ян Иосипович Игнатьев,56.0,loyal,98.0,low,Краснодар,,,,,,,,,,,,,,,,
Client::C013,Client,C013 | Виноградов Аникита Давыдович,C013,Виноградов Аникита Давыдович,25.0,regular,77.0,low,Казань,,,,,,,,,,,,,,,,
Client::C014,Client,C014 | Богдан Даниилович Князев,C014,Богдан Даниилович Князев,71.0,risk,15.0,critical,Воронеж,,,,,,,,,,,,,,,,
Client::C015,Client,C015 | Матвеева Оксана Михайловна,C015,Матвеева Оксана Михайловна,25.0,problematic,46.0,high,Екатеринбург,,,,,,,,,,,,,,,,
Client::C016,Client,C016 | Казакова Евфросиния Ивановна,C016,Казакова Евфросиния Ивановна,60.0,premium,92.0,low,Краснодар,,,,,,,,,,,,,,,,
Client::C017,Client,C017 | Аскольд Власович Лукин,C017,Аскольд Власович Лукин,60.0,risk,36.0,high,Ростов-на-Дону,,,,,,,,,,,,,,,,
Client::C018,Client,C018 | Галина Рубеновна Щербакова,C018,Галина Рубеновна Щербакова,18.0,new,77.0,medium,Пермь,,,,,,,,,,,,,,,,
Client::C019,Client,C019 | Стрелков Федосий Гурьевич,C019,Стрелков Федосий Гурьевич,31.0,premium,100.0,low,Уфа,,,,,,,,,,,,,,,,
Client::C020,Client,C020 | Анастасия Евгеньевна Бирюкова,C020,Анастасия Евгеньевна Бирюкова,24.0,risk,21.0,critical,Нижний Новгород,,,,,,,,,,,,,,,,
Client::C021,Client,C021 | Веселов Олег Евстигнеевич,C021,Веселов Олег Евстигнеевич,69.0,problematic,26.0,critical,Новосибирск,,,,,,,,,,,,,,,,
Client::C022,Client,C022 | Сысоева Татьяна Кузьминична,C022,Сысоева Татьяна Кузьминична,73.0,problematic,20.0,high,Ростов-на-Дону,,,,,,,,,,,,,,,,
Client::C023,Client,C023 | Чернов Николай Фокич,C023,Чернов Николай Фокич,49.0,premium,83.0,low,Самара,,,,,,,,,,,,,,,,
Client::C024,Client,C024 | Кудрявцев Иосиф Евсеевич,C024,Кудрявцев Иосиф Евсеевич,62.0,loyal,81.0,low,Краснодар,,,,,,,,,,,,,,,,
Client::C025,Client,C025 | Пахом Трифонович Денисов,C025,Пахом Трифонович Денисов,21.0,new,77.0,low,Ростов-на-Дону,,,,,,,,,,,,,,,,
Client::C026,Client,C026 | Кудрявцева Раиса Святославовна,C026,Кудрявцева Раиса Святославовна,56.0,new,83.0,low,Новосибирск,,,,,,,,,,,,,,,,
Client::C027,Client,C027 | Васильев Венедикт Витальевич,C027,Васильев Венедикт Витальевич,60.0,premium,85.0,low,Краснодар,,,,,,,,,,,,,,,,
Client::C028,Client,C028 | Панфил Арсенович Блинов,C028,Панфил Арсенович Блинов,26.0,risk,44.0,high,Екатеринбург,,,,,,,,,,,,,,,,
Client::C029,Client,C029 | Абрамова Светлана Ждановна,C029,Абрамова Светлана Ждановна,50.0,regular,73.0,low,Нижний Новгород,,,,,,,,,,,,,,,,
Client::C030,Client,C030 | Автоном Валентинович Федосеев,C030,Автоном Валентинович Федосеев,60.0,new,54.0,medium,Казань,,,,,,,,,,,,,,,,
Client::C031,Client,C031 | Ираида Львовна Макарова,C031,Ираида Львовна Макарова,63.0,regular,48.0,medium,Пермь,,,,,,,,,,,,,,,,
Client::C032,Client,C032 | Яковлев Радован Ааронович,C032,Яковлев Радован Ааронович,20.0,new,80.0,low,Казань,,,,,,,,,,,,,,,,
Client::C033,Client,C033 | Иванна Сергеевна Фадеева,C033,Иванна Сергеевна Фадеева,22.0,loyal,79.0,low,Уфа,,,,,,,,,,,,,,,,
Client::C034,Client,C034 | Сысоева Валентина Кузьминична,C034,Сысоева Валентина Кузьминична,37.0,regular,67.0,low,Москва,,,,,,,,,,,,,,,,
Client::C035,Client,C035 | Прасковья Юльевна Лазарева,C035,Прасковья Юльевна Лазарева,73.0,new,60.0,low,Казань,,,,,,,,,,,,,,,,
Client::C036,Client,C036 | Фадеева Галина Тимофеевна,C036,Фадеева Галина Тимофеевна,42.0,problematic,29.0,high,Ростов-на-Дону,,,,,,,,,,,,,,,,
Client::C037,Client,C037 | Тарас Ааронович Моисеев,C037,Тарас Ааронович Моисеев,39.0,regular,79.0,low,Санкт-Петербург,,,,,,,,,,,,,,,,
Client::C038,Client,C038 | Соколова Валерия Михайловна,C038,Соколова Валерия Михайловна,74.0,loyal,94.0,low,Казань,,,,,,,,,,,,,,,,
Client::C039,Client,C039 | Леон Демидович Павлов,C039,Леон Демидович Павлов,45.0,risk,42.0,high,Краснодар,,,,,,,,,,,,,,,,
Client::C040,Client,C040 | Ермаков Богдан Архипович,C040,Ермаков Богдан Архипович,45.0,new,64.0,medium,Пермь,,,,,,,,,,,,,,,,
Client::C041,Client,C041 | Архип Валерьянович Гусев,C041,Архип Валерьянович Гусев,38.0,regular,56.0,medium,Екатеринбург,,,,,,,,,,,,,,,,
Client::C042,Client,C042 | Таисия Викторовна Белоусова,C042,Таисия Викторовна Белоусова,37.0,regular,73.0,medium,Самара,,,,,,,,,,,,,,,,
Client::C043,Client,C043 | Элеонора Олеговна Силина,C043,Элеонора Олеговна Силина,60.0,new,60.0,low,Краснодар,,,,,,,,,,,,,,,,
Client::C044,Client,C044 | Потапова Евпраксия Константиновна,C044,Потапова Евпраксия Константиновна,27.0,new,85.0,medium,Новосибирск,,,,,,,,,,,,,,,,
Client::C045,Client,C045 | Агафонов Мстислав Феоктистович,C045,Агафонов Мстислав Феоктистович,43.0,regular,72.0,low,Пермь,,,,,,,,,,,,,,,,
Client::C046,Client,C046 | Радислав Валерианович Крылов,C046,Радислав Валерианович Крылов,21.0,premium,92.0,low,Санкт-Петербург,,,,,,,,,,,,,,,,
Client::C047,Client,C047 | Ширяев Адриан Давыдович,C047,Ширяев Адриан Давыдович,71.0,problematic,30.0,critical,Ростов-на-Дону,,,,,,,,,,,,,,,,
Client::C048,Client,C048 | Агата Анатольевна Рогова,C048,Агата Анатольевна Рогова,35.0,regular,50.0,low,Уфа,,,,,,,,,,,,,,,,
Client::C049,Client,C049 | Елизавета Афанасьевна Лихачева,C049,Елизавета Афанасьевна Лихачева,42.0,risk,44.0,high,Уфа,,,,,,,,,,,,,,,,
Client::C050,Client,C050 | Суханова Анжела Степановна,C050,Суханова Анжела Степановна,71.0,regular,75.0,medium,Воронеж,,,,,,,,,,,,,,,,
Event::event_004fc7ecd9a4,Event,2. покупка,C008,,,,,,,complaint_and_leave,,event_004fc7ecd9a4,2.0,2025-02-01,покупка,purchase,Кредитная карта,оформление продукта,email,positive,completed,5.0,,,
Event::event_005dbb194333,Event,1. знакомство,C023,,,,,,,happy_purchase,,event_005dbb194333,1.0,2024-12-06,знакомство,introduction,Потребительский кредит,оформление продукта,мобильное приложение,positive,completed,3.0,,,
Event::event_018ef199ad16,Event,4. решение проблемы,C041,,,,,,,complaint_resolved_return,,event_018ef199ad16,4.0,2025-01-02,решение проблемы,problem_resolved,Ипотека,блокировка карты,чат,negative,resolved,4.0,,,
Event::event_0199e3955865,Event,9. повторная покупка,C046,,,,,,,long_lifecycle,,event_0199e3955865,9.0,2025-06-29,повторная покупка,repeat_purchase,Страхование,оформление продукта,телефон,positive,completed,4.0,,,
Event::event_01c86a80c366,Event,1. знакомство,C048,,,,,,,happy_purchase,,event_01c86a80c366,1.0,2024-12-15,знакомство,introduction,Накопительный счет,оформление продукта,офис,positive,completed,3.0,,,
Event::event_01e204b94ee1,Event,9. повторная покупка,C011,,,,,,,repeat_purchase,,event_01e204b94ee1,9.0,2025-04-20,повторная покупка,repeat_purchase,Кредитная карта,повторная покупка,мобильное приложение,neutral,completed,4.0,,,
Event::event_047691e49e5e,Event,3. эскалация,C028,,,,,,,complaint_resolved_return,,event_047691e49e5e,3.0,2024-12-25,эскалация,escalation,Дебетовая карта,жалоба на обслуживание,телефон,negative,escalated,2.0,,,
Event::event_04b1ad977154,Event,3. использование продукта,C039,,,,,,,complaint_and_leave,,event_04b1ad977154,3.0,2024-09-23,использование продукта,usage,Накопительный счет,комиссия,чат,neutral,completed,3.0,,,
Event::event_05228b6dd178,Event,4. жалоба,C045,,,,,,,complaint_and_leave,,event_05228b6dd178,4.0,2024-11-23,жалоба,complaint,Дебетовая карта,жалоба на обслуживание,офис,neutral,escalated,1.0,,,
Event::event_05d3dff4256f,Event,2. интерес к продукту,C043,,,,,,,happy_purchase,,event_05d3dff4256f,2.0,2025-02-26,интерес к продукту,product_interest,Дебетовая карта,консультация по тарифам,email,neutral,completed,5.0,,,
Event::event_0603c7fc1130,Event,2. интерес к продукту,C035,,,,,,,long_lifecycle,,event_0603c7fc1130,2.0,2025-01-06,интерес к продукту,product_interest,Ипотека,консультация по тарифам,сайт,positive,completed,4.0,,,
Event::event_0675734700e1,Event,6. вопрос в поддержку,C038,,,,,,,happy_purchase,,event_0675734700e1,6.0,2024-11-12,вопрос в поддержку,support_question,Дебетовая карта,ошибка в приложении,чат,neutral,resolved,4.0,,,
Event::event_083e4c73eb20,Event,7. жалоба,C001,,,,,,,problematic_many_complaints,,event_083e4c73eb20,7.0,2025-05-30,жалоба,complaint,Страхование,жалоба на обслуживание,телефон,negative,in_progress,3.0,,,
Event::event_0a092504170b,Event,2. покупка,C007,,,,,,,complaint_and_leave,,event_0a092504170b,2.0,2025-01-21,покупка,purchase,Кредитная карта,оформление продукта,сайт,positive,completed,4.0,,,
Event::event_0b7edc594afd,Event,4. покупка,C043,,,,,,,happy_purchase,,event_0b7edc594afd,4.0,2025-03-23,покупка,purchase,Потребительский кредит,условия продукта,сайт,positive,completed,4.0,,,
Event::event_0be825338bf1,Event,3. использование продукта,C047,,,,,,,complaint_and_leave,,event_0be825338bf1,3.0,2025-02-10,использование продукта,usage,Кредитная карта,изменение персональных данных,сайт,neutral,completed,3.0,,,
Event::event_0cedd8d68f42,Event,1. знакомство,C031,,,,,,,one_touch,,event_0cedd8d68f42,1.0,2024-12-24,знакомство,introduction,Потребительский кредит,оформление продукта,чат,positive,completed,4.0,,,
Event::event_0d8e4d9e5b33,Event,1. использование продукта,C002,,,,,,,complaint_resolved_return,,event_0d8e4d9e5b33,1.0,2024-11-11,использование продукта,usage,Страхование,комиссия,чат,positive,completed,5.0,,,
Event::event_0f5db095f94f,Event,6. вопрос в поддержку,C010,,,,,,,happy_purchase,,event_0f5db095f94f,6.0,2025-01-04,вопрос в поддержку,support_question,Потребительский кредит,техническая ошибка,офис,neutral,in_progress,4.0,,,
Event::event_10c25891fbda,Event,8. удержание,C035,,,,,,,long_lifecycle,,event_10c25891fbda,8.0,2025-07-16,удержание,retention,Накопительный счет,консультация по тарифам,телефон,neutral,retained,3.0,,,
Event::event_1315f43b9ad3,Event,3. эскалация,C041,,,,,,,complaint_resolved_return,,event_1315f43b9ad3,3.0,2024-11-26,эскалация,escalation,Ипотека,жалоба на обслуживание,чат,neutral,escalated,3.0,,,
Event::event_13fa3c53a9e9,Event,5. жалоба,C001,,,,,,,problematic_many_complaints,,event_13fa3c53a9e9,5.0,2025-04-20,жалоба,complaint,Страхование,ошибка в приложении,сайт,negative,escalated,3.0,,,
Event::event_14b04203f743,Event,1. знакомство,C040,,,,,,,one_touch,,event_14b04203f743,1.0,2025-01-26,знакомство,introduction,Дебетовая карта,консультация по тарифам,офис,positive,completed,5.0,,,
Event::event_154df8b52a04,Event,4. использование продукта,C030,,,,,,,loyal_multi_product,,event_154df8b52a04,4.0,2025-04-21,использование продукта,usage,Инвестиционный счет,условия продукта,офис,negative,completed,5.0,,,
Event::event_169ee995e6d1,Event,8. решение проблемы,C036,,,,,,,loyal_multi_product,,event_169ee995e6d1,8.0,2025-04-08,решение проблемы,problem_resolved,Потребительский кредит,возврат средств,сайт,positive,resolved,4.0,,,
Event::event_16c059d72069,Event,1. знакомство,C026,,,,,,,short_support,,event_16c059d72069,1.0,2024-11-10,знакомство,introduction,Инвестиционный счет,условия продукта,телефон,negative,completed,3.0,,,
Event::event_1984bd2072f5,Event,1. использование продукта,C027,,,,,,,complaint_and_leave,,event_1984bd2072f5,1.0,2025-01-18,использование продукта,usage,Страхование,изменение персональных данных,офис,neutral,completed,4.0,,,
Event::event_1a168de29bae,Event,2. интерес к продукту,C017,,,,,,,long_lifecycle,,event_1a168de29bae,2.0,2024-11-21,интерес к продукту,product_interest,Ипотека,повышение лимита,чат,positive,completed,5.0,,,
Event::event_1a2b9226c415,Event,1. знакомство,C014,,,,,,,loyal_multi_product,,event_1a2b9226c415,1.0,2024-08-18,знакомство,introduction,Инвестиционный счет,условия продукта,сайт,neutral,completed,5.0,,,
Event::event_1abb12a15b95,Event,1. жалоба,C033,,,,,,,complaint_and_leave,,event_1abb12a15b95,1.0,2024-10-07,жалоба,complaint,Накопительный счет,блокировка карты,сайт,negative,in_progress,3.0,,,
Event::event_1b62139f57e9,Event,1. знакомство,C039,,,,,,,complaint_and_leave,,event_1b62139f57e9,1.0,2024-08-09,знакомство,introduction,Ипотека,оформление продукта,мобильное приложение,neutral,completed,3.0,,,
Event::event_1b7ae55a4026,Event,6. повторная покупка,C009,,,,,,,complaint_resolved_return,,event_1b7ae55a4026,6.0,2025-04-28,повторная покупка,repeat_purchase,Потребительский кредит,оформление продукта,email,neutral,completed,4.0,,,
Event::event_1b8c0b245bc3,Event,2. жалоба,C028,,,,,,,complaint_resolved_return,,event_1b8c0b245bc3,2.0,2024-11-21,жалоба,complaint,Накопительный счет,комиссия,телефон,negative,escalated,3.0,,,
Event::event_1c0c1f40b7e7,Event,1. знакомство,C004,,,,,,,one_touch,,event_1c0c1f40b7e7,1.0,2024-11-21,знакомство,introduction,Ипотека,консультация по тарифам,чат,neutral,completed,5.0,,,
Event::event_1cd9e5524c45,Event,3. использование продукта,C016,,,,,,,complaint_and_leave,,event_1cd9e5524c45,3.0,2025-03-03,использование продукта,usage,Ипотека,изменение персональных данных,сайт,neutral,completed,4.0,,,
Event::event_1d9133db1e58,Event,3. эскалация,C002,,,,,,,complaint_resolved_return,,event_1d9133db1e58,3.0,2024-12-30,эскалация,escalation,Потребительский кредит,блокировка карты,чат,negative,escalated,3.0,,,
Event::event_1e24bd1e959c,Event,5. повторная покупка,C036,,,,,,,loyal_multi_product,,event_1e24bd1e959c,5.0,2024-12-18,повторная покупка,repeat_purchase,Инвестиционный счет,повторная покупка,мобильное приложение,positive,completed,5.0,,,
Event::event_1e79f3245984,Event,1. использование продукта,C022,,,,,,,complaint_and_leave,,event_1e79f3245984,1.0,2024-09-21,использование продукта,usage,Инвестиционный счет,комиссия,чат,positive,completed,4.0,,,
Event::event_1eec34c9d6ac,Event,2. покупка,C016,,,,,,,complaint_and_leave,,event_1eec34c9d6ac,2.0,2025-02-06,покупка,purchase,Накопительный счет,оформление продукта,мобильное приложение,positive,completed,5.0,,,
Event::event_20d03315c9a3,Event,3. консультация,C046,,,,,,,long_lifecycle,,event_20d03315c9a3,3.0,2024-12-14,консультация,consultation,Инвестиционный счет,условия продукта,телефон,positive,completed,4.0,,,
Event::event_22c136c0ba19,Event,3. использование продукта,C045,,,,,,,complaint_and_leave,,event_22c136c0ba19,3.0,2024-11-11,использование продукта,usage,Накопительный счет,изменение персональных данных,email,neutral,completed,4.0,,,
Event::event_23cb234e9bed,Event,2. жалоба,C001,,,,,,,problematic_many_complaints,,event_23cb234e9bed,2.0,2025-01-18,жалоба,complaint,Страхование,жалоба на обслуживание,офис,negative,escalated,2.0,,,
Event::event_240a45d6b2a1,Event,4. решение проблемы,C002,,,,,,,complaint_resolved_return,,event_240a45d6b2a1,4.0,2025-01-19,решение проблемы,problem_resolved,Накопительный счет,возврат средств,чат,positive,resolved,4.0,,,
Event::event_24b00571fa17,Event,1. знакомство,C050,,,,,,,one_touch,,event_24b00571fa17,1.0,2024-10-18,знакомство,introduction,Ипотека,оформление продукта,email,positive,completed,4.0,,,
Event::event_25b4a89b3bef,Event,5. использование продукта,C010,,,,,,,happy_purchase,,event_25b4a89b3bef,5.0,2024-12-18,использование продукта,usage,Потребительский кредит,комиссия,чат,positive,completed,5.0,,,
Event::event_27771ad1ae68,Event,1. использование продукта,C001,,,,,,,problematic_many_complaints,,event_27771ad1ae68,1.0,2024-12-11,использование продукта,usage,Дебетовая карта,комиссия,email,neutral,completed,4.0,,,
Event::event_27f9b4ebb9c8,Event,8. эскалация,C001,,,,,,,problematic_many_complaints,,event_27f9b4ebb9c8,8.0,2025-06-27,эскалация,escalation,Страхование,техническая ошибка,сайт,negative,escalated,2.0,,,
Event::event_28f0d477a5e4,Event,11. повторная покупка,C011,,,,,,,repeat_purchase,,event_28f0d477a5e4,11.0,2025-05-25,повторная покупка,repeat_purchase,Ипотека,повторная покупка,мобильное приложение,positive,completed,4.0,,,
Event::event_290849618577,Event,5. уход клиента,C045,,,,,,,complaint_and_leave,,event_290849618577,5.0,2024-12-20,уход клиента,churn,Дебетовая карта,жалоба на обслуживание,чат,negative,lost,2.0,,,
Event::event_293fd9715cf6,Event,1. знакомство,C017,,,,,,,long_lifecycle,,event_293fd9715cf6,1.0,2024-11-08,знакомство,introduction,Дебетовая карта,оформление продукта,мобильное приложение,neutral,completed,5.0,,,
Event::event_2ab5f4b56b35,Event,3. решение проблемы,C026,,,,,,,short_support,,event_2ab5f4b56b35,3.0,2025-01-06,решение проблемы,problem_resolved,Ипотека,техническая ошибка,email,neutral,resolved,5.0,,,
Event::event_2becb5ce4b6b,Event,6. повторная покупка,C042,,,,,,,repeat_purchase,,event_2becb5ce4b6b,6.0,2025-03-20,повторная покупка,repeat_purchase,Кредитная карта,повторная покупка,чат,neutral,completed,4.0,,,
Event::event_2eaeb68603d7,Event,6. вопрос в поддержку,C035,,,,,,,long_lifecycle,,event_2eaeb68603d7,6.0,2025-05-18,вопрос в поддержку,support_question,Ипотека,техническая ошибка,телефон,neutral,in_progress,3.0,,,
Event::event_2ec6a02eb4ee,Event,3. покупка,C011,,,,,,,repeat_purchase,,event_2ec6a02eb4ee,3.0,2024-11-17,покупка,purchase,Накопительный счет,условия продукта,мобильное приложение,neutral,completed,5.0,,,
Event::event_2f01b3a1fc29,Event,7. вопрос в поддержку,C012,,,,,,,complaint_resolved_return,,event_2f01b3a1fc29,7.0,2025-04-13,вопрос в поддержку,support_question,Дебетовая карта,изменение персональных данных,телефон,neutral,resolved,3.0,,,
Event::event_2f93c12b9343,Event,2. интерес к продукту,C024,,,,,,,happy_purchase,,event_2f93c12b9343,2.0,2025-02-04,интерес к продукту,product_interest,Страхование,консультация по тарифам,чат,positive,completed,3.0,,,
Event::event_30f7917b9982,Event,3. использование продукта,C049,,,,,,,complaint_and_leave,,event_30f7917b9982,3.0,2025-01-29,использование продукта,usage,Инвестиционный счет,комиссия,сайт,positive,completed,5.0,,,
Event::event_31297d57fdf6,Event,1. знакомство,C011,,,,,,,repeat_purchase,,event_31297d57fdf6,1.0,2024-10-07,знакомство,introduction,Ипотека,консультация по тарифам,чат,neutral,completed,5.0,,,
Event::event_3143fb525d29,Event,8. удержание,C017,,,,,,,long_lifecycle,,event_3143fb525d29,8.0,2025-05-28,удержание,retention,Страхование,повышение лимита,офис,neutral,retained,4.0,,,
Event::event_315214396d17,Event,6. вопрос в поддержку,C015,,,,,,,problematic_many_complaints,,event_315214396d17,6.0,2025-03-03,вопрос в поддержку,support_question,Дебетовая карта,техническая ошибка,сайт,positive,resolved,5.0,,,
Event::event_3163dbb1dd58,Event,2. жалоба,C012,,,,,,,complaint_resolved_return,,event_3163dbb1dd58,2.0,2024-10-06,жалоба,complaint,Дебетовая карта,возврат средств,мобильное приложение,negative,escalated,2.0,,,
Event::event_32f0087e4868,Event,5. повторная покупка,C005,,,,,,,loyal_multi_product,,event_32f0087e4868,5.0,2024-12-22,повторная покупка,repeat_purchase,Ипотека,оформление продукта,мобильное приложение,positive,completed,5.0,,,
Event::event_33213a837f9a,Event,2. жалоба,C002,,,,,,,complaint_resolved_return,,event_33213a837f9a,2.0,2024-11-25,жалоба,complaint,Накопительный счет,блокировка карты,чат,negative,in_progress,3.0,,,
Event::event_348be7346fb7,Event,7. решение проблемы,C035,,,,,,,long_lifecycle,,event_348be7346fb7,7.0,2025-06-28,решение проблемы,problem_resolved,Потребительский кредит,техническая ошибка,телефон,positive,resolved,4.0,,,
Event::event_37a69ac0b0a6,Event,9. закрытие продукта,C015,,,,,,,problematic_many_complaints,,event_37a69ac0b0a6,9.0,2025-05-30,закрытие продукта,product_closure,Дебетовая карта,комиссия,сайт,negative,closed,4.0,,,
Event::event_37ab80f3e370,Event,10. использование продукта,C017,,,,,,,long_lifecycle,,event_37ab80f3e370,10.0,2025-07-24,использование продукта,usage,Страхование,изменение персональных данных,чат,neutral,completed,3.0,,,
Event::event_3bd032dadf3a,Event,5. использование продукта,C038,,,,,,,happy_purchase,,event_3bd032dadf3a,5.0,2024-10-03,использование продукта,usage,Дебетовая карта,изменение персональных данных,чат,neutral,completed,3.0,,,
Event::event_3cf2d02c98b0,Event,1. знакомство,C049,,,,,,,complaint_and_leave,,event_3cf2d02c98b0,1.0,2024-12-11,знакомство,introduction,Инвестиционный счет,консультация по тарифам,сайт,neutral,completed,4.0,,,
Event::event_3eaffd63f9b3,Event,6. уход клиента,C049,,,,,,,complaint_and_leave,,event_3eaffd63f9b3,6.0,2025-05-21,уход клиента,churn,Инвестиционный счет,закрытие продукта,сайт,negative,lost,2.0,,,
Event::event_40abdee785ad,Event,2. жалоба,C027,,,,,,,complaint_and_leave,,event_40abdee785ad,2.0,2025-02-17,жалоба,complaint,Страхование,комиссия,мобильное приложение,negative,escalated,1.0,,,
Event::event_40ec4ea8ce5f,Event,1. знакомство,C047,,,,,,,complaint_and_leave,,event_40ec4ea8ce5f,1.0,2024-12-01,знакомство,introduction,Потребительский кредит,консультация по тарифам,сайт,positive,completed,5.0,,,
Event::event_42fe7392948e,Event,1. знакомство,C045,,,,,,,complaint_and_leave,,event_42fe7392948e,1.0,2024-09-28,знакомство,introduction,Дебетовая карта,консультация по тарифам,email,positive,completed,3.0,,,
Event::event_438d7c6d946a,Event,4. жалоба,C007,,,,,,,complaint_and_leave,,event_438d7c6d946a,4.0,2025-03-18,жалоба,complaint,Страхование,жалоба на обслуживание,чат,negative,in_progress,2.0,,,
Event::event_441438e60397,Event,2. интерес к продукту,C025,,,,,,,happy_purchase,,event_441438e60397,2.0,2024-09-13,интерес к продукту,product_interest,Потребительский кредит,повышение лимита,чат,neutral,completed,5.0,,,
Event::event_4a2a3516b6b0,Event,1. использование продукта,C028,,,,,,,complaint_resolved_return,,event_4a2a3516b6b0,1.0,2024-11-10,использование продукта,usage,Страхование,условия продукта,сайт,neutral,completed,4.0,,,
Event::event_4a37e700a4c3,Event,1. знакомство,C024,,,,,,,happy_purchase,,event_4a37e700a4c3,1.0,2025-01-05,знакомство,introduction,Потребительский кредит,оформление продукта,email,negative,completed,3.0,,,
Event::event_4c0c79e2b2bb,Event,1. знакомство,C046,,,,,,,long_lifecycle,,event_4c0c79e2b2bb,1.0,2024-11-19,знакомство,introduction,Инвестиционный счет,условия продукта,телефон,neutral,completed,4.0,,,
Event::event_4c40be4187ce,Event,6. повторная покупка,C028,,,,,,,complaint_resolved_return,,event_4c40be4187ce,6.0,2025-03-21,повторная покупка,repeat_purchase,Страхование,условия продукта,телефон,neutral,completed,5.0,,,
Event::event_4ca460af6928,Event,7. вопрос в поддержку,C036,,,,,,,loyal_multi_product,,event_4ca460af6928,7.0,2025-02-27,вопрос в поддержку,support_question,Накопительный счет,блокировка карты,мобильное приложение,neutral,in_progress,5.0,,,
Event::event_4ca74c4f8d6f,Event,4. решение проблемы,C012,,,,,,,complaint_resolved_return,,event_4ca74c4f8d6f,4.0,2024-12-16,решение проблемы,problem_resolved,Дебетовая карта,жалоба на обслуживание,мобильное приложение,neutral,resolved,5.0,,,
Event::event_4e7ae3596ec3,Event,3. уход клиента,C022,,,,,,,complaint_and_leave,,event_4e7ae3596ec3,3.0,2024-11-13,уход клиента,churn,Дебетовая карта,комиссия,чат,negative,lost,2.0,,,
Event::event_4e947e9a6033,Event,6. повторная покупка,C012,,,,,,,complaint_resolved_return,,event_4e947e9a6033,6.0,2025-03-02,повторная покупка,repeat_purchase,Накопительный счет,условия продукта,офис,positive,completed,5.0,,,
Event::event_4f215353ec22,Event,10. использование продукта,C035,,,,,,,long_lifecycle,,event_4f215353ec22,10.0,2025-09-06,использование продукта,usage,Потребительский кредит,условия продукта,телефон,positive,completed,4.0,,,
Event::event_4f871ce9f1bd,Event,7. решение проблемы,C010,,,,,,,happy_purchase,,event_4f871ce9f1bd,7.0,2025-01-20,решение проблемы,problem_resolved,Инвестиционный счет,жалоба на обслуживание,офис,negative,resolved,5.0,,,
Event::event_52cf5a4db90a,Event,10. уход клиента,C015,,,,,,,problematic_many_complaints,,event_52cf5a4db90a,10.0,2025-06-16,уход клиента,churn,Накопительный счет,комиссия,сайт,negative,lost,2.0,,,
Event::event_54961ad78c04,Event,5. удержание,C041,,,,,,,complaint_resolved_return,,event_54961ad78c04,5.0,2025-02-08,удержание,retention,Страхование,повышение лимита,чат,neutral,retained,4.0,,,
Event::event_569ef04a1039,Event,5. удержание,C020,,,,,,,complaint_resolved_return,,event_569ef04a1039,5.0,2024-12-19,удержание,retention,Дебетовая карта,повышение лимита,телефон,positive,retained,4.0,,,
Event::event_56e64ba3dc9a,Event,4. жалоба,C016,,,,,,,complaint_and_leave,,event_56e64ba3dc9a,4.0,2025-04-07,жалоба,complaint,Инвестиционный счет,просрочка платежа,сайт,neutral,escalated,3.0,,,
Event::event_57dd986b4882,Event,5. удержание,C032,,,,,,,complaint_resolved_return,,event_57dd986b4882,5.0,2025-05-02,удержание,retention,Накопительный счет,повышение лимита,чат,neutral,retained,5.0,,,
Event::event_5abb571c5117,Event,3. эскалация,C032,,,,,,,complaint_resolved_return,,event_5abb571c5117,3.0,2025-03-04,эскалация,escalation,Ипотека,техническая ошибка,сайт,negative,escalated,2.0,,,
Event::event_5b7c198b3863,Event,3. консультация,C023,,,,,,,happy_purchase,,event_5b7c198b3863,3.0,2025-02-15,консультация,consultation,Ипотека,консультация по тарифам,мобильное приложение,neutral,completed,4.0,,,
Event::event_5c5c58e9eb46,Event,6. вопрос в поддержку,C017,,,,,,,long_lifecycle,,event_5c5c58e9eb46,6.0,2025-03-26,вопрос в поддержку,support_question,Кредитная карта,ошибка в приложении,чат,neutral,resolved,3.0,,,
Event::event_5d87fb0d500f,Event,5. использование продукта,C043,,,,,,,happy_purchase,,event_5d87fb0d500f,5.0,2025-04-04,использование продукта,usage,Накопительный счет,комиссия,email,positive,completed,4.0,,,
Event::event_604dc9f58779,Event,4. покупка,C017,,,,,,,long_lifecycle,,event_604dc9f58779,4.0,2025-01-30,покупка,purchase,Страхование,условия продукта,чат,positive,completed,5.0,,,
Event::event_60c6aec57ebd,Event,9. повторная покупка,C035,,,,,,,long_lifecycle,,event_60c6aec57ebd,9.0,2025-08-13,повторная покупка,repeat_purchase,Страхование,оформление продукта,чат,negative,completed,5.0,,,
Event::event_62cf9e35e01b,Event,1. использование продукта,C041,,,,,,,complaint_resolved_return,,event_62cf9e35e01b,1.0,2024-10-16,использование продукта,usage,Кредитная карта,условия продукта,чат,neutral,completed,5.0,,,
Event::event_63d733506b6a,Event,8. решение проблемы,C030,,,,,,,loyal_multi_product,,event_63d733506b6a,8.0,2025-08-21,решение проблемы,problem_resolved,Страхование,блокировка карты,офис,neutral,resolved,5.0,,,
Event::event_645b8f0d7ac7,Event,7. решение проблемы,C017,,,,,,,long_lifecycle,,event_645b8f0d7ac7,7.0,2025-04-23,решение проблемы,problem_resolved,Инвестиционный счет,техническая ошибка,чат,positive,resolved,4.0,,,
Event::event_6517e3a01960,Event,1. знакомство,C010,,,,,,,happy_purchase,,event_6517e3a01960,1.0,2024-09-30,знакомство,introduction,Инвестиционный счет,оформление продукта,мобильное приложение,positive,completed,5.0,,,
Event::event_656353341612,Event,1. знакомство,C042,,,,,,,repeat_purchase,,event_656353341612,1.0,2024-10-12,знакомство,introduction,Ипотека,консультация по тарифам,чат,positive,completed,5.0,,,
Event::event_65d9b172fbc2,Event,4. решение проблемы,C001,,,,,,,problematic_many_complaints,,event_65d9b172fbc2,4.0,2025-04-01,решение проблемы,problem_resolved,Страхование,техническая ошибка,сайт,positive,resolved,4.0,,,
Event::event_668716fa5460,Event,5. консультация,C042,,,,,,,repeat_purchase,,event_668716fa5460,5.0,2025-02-08,консультация,consultation,Страхование,условия продукта,чат,positive,completed,5.0,,,
Event::event_673480c6a584,Event,1. жалоба,C019,,,,,,,complaint_and_leave,,event_673480c6a584,1.0,2024-08-21,жалоба,complaint,Ипотека,ошибка в приложении,чат,negative,escalated,3.0,,,
Event::event_67d6eb7a52e3,Event,7. решение проблемы,C048,,,,,,,happy_purchase,,event_67d6eb7a52e3,7.0,2025-04-22,решение проблемы,problem_resolved,Инвестиционный счет,возврат средств,офис,neutral,resolved,4.0,,,
Event::event_681a0f4b121f,Event,4. решение проблемы,C009,,,,,,,complaint_resolved_return,,event_681a0f4b121f,4.0,2025-02-17,решение проблемы,problem_resolved,Кредитная карта,техническая ошибка,email,positive,resolved,5.0,,,
Event::event_68fa4b037b07,Event,6. уход клиента,C039,,,,,,,complaint_and_leave,,event_68fa4b037b07,6.0,2024-12-13,уход клиента,churn,Потребительский кредит,жалоба на обслуживание,чат,negative,lost,2.0,,,
Event::event_6e0f45cec684,Event,9. повторная покупка,C017,,,,,,,long_lifecycle,,event_6e0f45cec684,9.0,2025-06-18,повторная покупка,repeat_purchase,Накопительный счет,повторная покупка,офис,positive,completed,5.0,,,
Event::event_6e5bef8925ac,Event,5. уход клиента,C047,,,,,,,complaint_and_leave,,event_6e5bef8925ac,5.0,2025-04-02,уход клиента,churn,Инвестиционный счет,закрытие продукта,чат,negative,lost,2.0,,,
Event::event_709479fb7e8e,Event,7. вопрос в поддержку,C030,,,,,,,loyal_multi_product,,event_709479fb7e8e,7.0,2025-08-08,вопрос в поддержку,support_question,Инвестиционный счет,техническая ошибка,офис,neutral,resolved,5.0,,,
Event::event_7122f74f5916,Event,4. жалоба,C039,,,,,,,complaint_and_leave,,event_7122f74f5916,4.0,2024-10-14,жалоба,complaint,Накопительный счет,блокировка карты,мобильное приложение,negative,escalated,3.0,,,
Event::event_724d42d1789c,Event,4. использование продукта,C014,,,,,,,loyal_multi_product,,event_724d42d1789c,4.0,2024-11-01,использование продукта,usage,Потребительский кредит,изменение персональных данных,сайт,positive,completed,4.0,,,
Event::event_72d3ee9df974,Event,3. покупка,C030,,,,,,,loyal_multi_product,,event_72d3ee9df974,3.0,2025-03-30,покупка,purchase,Страхование,оформление продукта,офис,positive,completed,5.0,,,
Event::event_731191183003,Event,1. использование продукта,C012,,,,,,,complaint_resolved_return,,event_731191183003,1.0,2024-09-03,использование продукта,usage,Дебетовая карта,изменение персональных данных,офис,positive,completed,3.0,,,
Event::event_732177d7e241,Event,2. интерес к продукту,C030,,,,,,,loyal_multi_product,,event_732177d7e241,2.0,2025-02-28,интерес к продукту,product_interest,Инвестиционный счет,повышение лимита,офис,neutral,completed,4.0,,,
Event::event_7467e1f53e11,Event,1. знакомство,C034,,,,,,,repeat_purchase,,event_7467e1f53e11,1.0,2024-09-18,знакомство,introduction,Дебетовая карта,консультация по тарифам,телефон,positive,completed,5.0,,,
Event::event_76c822a306f4,Event,3. уход клиента,C003,,,,,,,complaint_and_leave,,event_76c822a306f4,3.0,2024-10-09,уход клиента,churn,Кредитная карта,комиссия,чат,negative,lost,2.0,,,
Event::event_780c95fa24f1,Event,3. эскалация,C015,,,,,,,problematic_many_complaints,,event_780c95fa24f1,3.0,2024-12-18,эскалация,escalation,Дебетовая карта,техническая ошибка,email,negative,escalated,2.0,,,
Event::event_793eb5cc3758,Event,3. покупка,C005,,,,,,,loyal_multi_product,,event_793eb5cc3758,3.0,2024-10-28,покупка,purchase,Инвестиционный счет,условия продукта,чат,positive,completed,5.0,,,
Event::event_794b9a0f37b6,Event,5. эскалация,C016,,,,,,,complaint_and_leave,,event_794b9a0f37b6,5.0,2025-05-12,эскалация,escalation,Кредитная карта,жалоба на обслуживание,сайт,negative,escalated,1.0,,,
Event::event_79f856de5d3a,Event,8. удержание,C046,,,,,,,long_lifecycle,,event_79f856de5d3a,8.0,2025-06-01,удержание,retention,Ипотека,условия продукта,офис,positive,retained,3.0,,,
Event::event_7b20c3cf48ef,Event,2. интерес к продукту,C046,,,,,,,long_lifecycle,,event_7b20c3cf48ef,2.0,2024-12-01,интерес к продукту,product_interest,Инвестиционный счет,консультация по тарифам,офис,neutral,completed,3.0,,,
Event::event_7ba092af714b,Event,2. уход клиента,C033,,,,,,,complaint_and_leave,,event_7ba092af714b,2.0,2024-11-16,уход клиента,churn,Накопительный счет,закрытие продукта,сайт,negative,lost,1.0,,,
Event::event_7c2d07c505cf,Event,1. знакомство,C005,,,,,,,loyal_multi_product,,event_7c2d07c505cf,1.0,2024-09-28,знакомство,introduction,Накопительный счет,оформление продукта,чат,neutral,completed,3.0,,,
Event::event_7cf6fe1f85ab,Event,1. использование продукта,C020,,,,,,,complaint_resolved_return,,event_7cf6fe1f85ab,1.0,2024-08-21,использование продукта,usage,Дебетовая карта,комиссия,мобильное приложение,neutral,completed,5.0,,,
Event::event_7cf7a4a696ab,Event,6. использование продукта,C014,,,,,,,loyal_multi_product,,event_7cf7a4a696ab,6.0,2025-01-03,использование продукта,usage,Инвестиционный счет,изменение персональных данных,сайт,positive,completed,3.0,,,
Event::event_7d25c29698b6,Event,6. уход клиента,C007,,,,,,,complaint_and_leave,,event_7d25c29698b6,6.0,2025-04-23,уход клиента,churn,Кредитная карта,жалоба на обслуживание,мобильное приложение,negative,lost,1.0,,,
Event::event_7d4967c62c86,Event,12. жалоба,C015,,,,,,,problematic_many_complaints,,event_7d4967c62c86,12.0,2025-08-13,жалоба,complaint,Накопительный счет,просрочка платежа,чат,negative,escalated,3.0,,,
Event::event_7d5785e0bf41,Event,4. покупка,C038,,,,,,,happy_purchase,,event_7d5785e0bf41,4.0,2024-09-21,покупка,purchase,Потребительский кредит,условия продукта,телефон,positive,completed,5.0,,,
Event::event_7dce7853327a,Event,5. удержание,C002,,,,,,,complaint_resolved_return,,event_7dce7853327a,5.0,2025-01-26,удержание,retention,Накопительный счет,консультация по тарифам,email,positive,retained,4.0,,,
Event::event_817cdf84ce45,Event,4. жалоба,C047,,,,,,,complaint_and_leave,,event_817cdf84ce45,4.0,2025-03-17,жалоба,complaint,Потребительский кредит,возврат средств,сайт,negative,escalated,1.0,,,
Event::event_83f1aaa4343d,Event,2. интерес к продукту,C038,,,,,,,happy_purchase,,event_83f1aaa4343d,2.0,2024-08-23,интерес к продукту,product_interest,Дебетовая карта,консультация по тарифам,телефон,positive,completed,3.0,,,
Event::event_852b55ae8ff6,Event,2. уход клиента,C019,,,,,,,complaint_and_leave,,event_852b55ae8ff6,2.0,2024-08-30,уход клиента,churn,Ипотека,комиссия,чат,negative,lost,2.0,,,
Event::event_880a377966a8,Event,2. интерес к продукту,C014,,,,,,,loyal_multi_product,,event_880a377966a8,2.0,2024-10-01,интерес к продукту,product_interest,Инвестиционный счет,повышение лимита,email,neutral,completed,4.0,,,
Event::event_89f58a9c303d,Event,4. покупка,C048,,,,,,,happy_purchase,,event_89f58a9c303d,4.0,2025-03-01,покупка,purchase,Потребительский кредит,условия продукта,мобильное приложение,positive,completed,4.0,,,
Event::event_8b188eea9d21,Event,3. консультация,C010,,,,,,,happy_purchase,,event_8b188eea9d21,3.0,2024-11-14,консультация,consultation,Инвестиционный счет,условия продукта,офис,neutral,completed,5.0,,,
Event::event_8b3d4b34b894,Event,2. интерес к продукту,C042,,,,,,,repeat_purchase,,event_8b3d4b34b894,2.0,2024-11-18,интерес к продукту,product_interest,Потребительский кредит,условия продукта,чат,positive,completed,4.0,,,
Event::event_8c29135abac0,Event,3. эскалация,C001,,,,,,,problematic_many_complaints,,event_8c29135abac0,3.0,2025-02-24,эскалация,escalation,Страхование,блокировка карты,офис,negative,escalated,3.0,,,
Event::event_8c9b8b24a51c,Event,2. уход клиента,C029,,,,,,,complaint_and_leave,,event_8c9b8b24a51c,2.0,2024-09-28,уход клиента,churn,Инвестиционный счет,жалоба на обслуживание,мобильное приложение,negative,lost,2.0,,,
Event::event_8cdb82c9630e,Event,6. уход клиента,C016,,,,,,,complaint_and_leave,,event_8cdb82c9630e,6.0,2025-06-16,уход клиента,churn,Инвестиционный счет,комиссия,офис,negative,lost,2.0,,,
Event::event_8d7423c933c5,Event,2. жалоба,C003,,,,,,,complaint_and_leave,,event_8d7423c933c5,2.0,2024-09-04,жалоба,complaint,Накопительный счет,комиссия,чат,neutral,escalated,1.0,,,
Event::event_8f387c590f91,Event,1. знакомство,C025,,,,,,,happy_purchase,,event_8f387c590f91,1.0,2024-08-09,знакомство,introduction,Дебетовая карта,оформление продукта,чат,positive,completed,4.0,,,
Event::event_9061bb01cff7,Event,1. знакомство,C037,,,,,,,one_touch,,event_9061bb01cff7,1.0,2024-09-12,знакомство,introduction,Страхование,условия продукта,мобильное приложение,neutral,completed,5.0,,,
Event::event_9123926b3608,Event,2. интерес к продукту,C034,,,,,,,repeat_purchase,,event_9123926b3608,2.0,2024-09-28,интерес к продукту,product_interest,Инвестиционный счет,условия продукта,чат,neutral,completed,5.0,,,
Event::event_912be879b778,Event,1. знакомство,C044,,,,,,,one_touch,,event_912be879b778,1.0,2025-01-27,знакомство,introduction,Накопительный счет,консультация по тарифам,телефон,neutral,completed,4.0,,,
Event::event_914bc2b32205,Event,5. повторная покупка,C030,,,,,,,loyal_multi_product,,event_914bc2b32205,5.0,2025-05-18,повторная покупка,repeat_purchase,Накопительный счет,условия продукта,чат,positive,completed,4.0,,,
Event::event_92ec8a803166,Event,5. удержание,C012,,,,,,,complaint_resolved_return,,event_92ec8a803166,5.0,2025-01-30,удержание,retention,Дебетовая карта,консультация по тарифам,email,neutral,retained,5.0,,,
Event::event_93300e115221,Event,2. уход клиента,C021,,,,,,,complaint_and_leave,,event_93300e115221,2.0,2024-09-22,уход клиента,churn,Ипотека,комиссия,мобильное приложение,negative,lost,2.0,,,
Event::event_942d32ad8213,Event,2. покупка,C049,,,,,,,complaint_and_leave,,event_942d32ad8213,2.0,2024-12-29,покупка,purchase,Накопительный счет,условия продукта,чат,positive,completed,4.0,,,
Event::event_9574cad4294c,Event,6. вопрос в поддержку,C001,,,,,,,problematic_many_complaints,,event_9574cad4294c,6.0,2025-05-15,вопрос в поддержку,support_question,Страхование,техническая ошибка,мобильное приложение,positive,resolved,5.0,,,
Event::event_992265af59e7,Event,5. консультация,C034,,,,,,,repeat_purchase,,event_992265af59e7,5.0,2025-01-08,консультация,consultation,Потребительский кредит,изменение персональных данных,офис,negative,completed,5.0,,,
Event::event_993373bca03d,Event,4. жалоба,C008,,,,,,,complaint_and_leave,,event_993373bca03d,4.0,2025-04-05,жалоба,complaint,Кредитная карта,возврат средств,телефон,negative,resolved,2.0,,,
Event::event_99c5681b4262,Event,4. покупка,C046,,,,,,,long_lifecycle,,event_99c5681b4262,4.0,2025-01-01,покупка,purchase,Ипотека,условия продукта,телефон,positive,completed,5.0,,,
Event::event_9a47a4a80e64,Event,2. жалоба,C020,,,,,,,complaint_resolved_return,,event_9a47a4a80e64,2.0,2024-09-12,жалоба,complaint,Дебетовая карта,комиссия,мобильное приложение,negative,escalated,3.0,,,
Event::event_9ac0a2c77c0a,Event,11. решение проблемы,C015,,,,,,,problematic_many_complaints,,event_9ac0a2c77c0a,11.0,2025-07-08,решение проблемы,problem_resolved,Накопительный счет,техническая ошибка,сайт,positive,resolved,4.0,,,
Event::event_9b9f167c9e7e,Event,1. знакомство,C008,,,,,,,complaint_and_leave,,event_9b9f167c9e7e,1.0,2024-12-25,знакомство,introduction,Дебетовая карта,условия продукта,email,positive,completed,4.0,,,
Event::event_9c0778bd1c34,Event,6. повторная покупка,C011,,,,,,,repeat_purchase,,event_9c0778bd1c34,6.0,2025-02-04,повторная покупка,repeat_purchase,Дебетовая карта,оформление продукта,email,positive,completed,5.0,,,
Event::event_9c644e806eb3,Event,3. уход клиента,C027,,,,,,,complaint_and_leave,,event_9c644e806eb3,3.0,2025-03-31,уход клиента,churn,Страхование,комиссия,мобильное приложение,neutral,lost,1.0,,,
Event::event_9ec728605a34,Event,1. знакомство,C043,,,,,,,happy_purchase,,event_9ec728605a34,1.0,2025-01-16,знакомство,introduction,Дебетовая карта,оформление продукта,чат,neutral,completed,3.0,,,
Event::event_a05b43d094d4,Event,4. использование продукта,C005,,,,,,,loyal_multi_product,,event_a05b43d094d4,4.0,2024-11-25,использование продукта,usage,Инвестиционный счет,условия продукта,чат,neutral,completed,4.0,,,
Event::event_a122f25f71aa,Event,2. интерес к продукту,C023,,,,,,,happy_purchase,,event_a122f25f71aa,2.0,2025-01-20,интерес к продукту,product_interest,Кредитная карта,консультация по тарифам,офис,positive,completed,3.0,,,
Event::event_a12be4513720,Event,1. знакомство,C007,,,,,,,complaint_and_leave,,event_a12be4513720,1.0,2025-01-09,знакомство,introduction,Кредитная карта,оформление продукта,чат,positive,completed,5.0,,,
Event::event_a172b5c9ad5c,Event,7. использование продукта,C011,,,,,,,repeat_purchase,,event_a172b5c9ad5c,7.0,2025-02-24,использование продукта,usage,Страхование,условия продукта,чат,positive,completed,5.0,,,
Event::event_a19379081937,Event,4. использование продукта,C034,,,,,,,repeat_purchase,,event_a19379081937,4.0,2024-12-01,использование продукта,usage,Дебетовая карта,условия продукта,офис,neutral,completed,3.0,,,
Event::event_a20ffd583ad5,Event,3. эскалация,C012,,,,,,,complaint_resolved_return,,event_a20ffd583ad5,3.0,2024-11-14,эскалация,escalation,Дебетовая карта,техническая ошибка,мобильное приложение,negative,escalated,1.0,,,
Event::event_a3ab67050ec8,Event,3. консультация,C017,,,,,,,long_lifecycle,,event_a3ab67050ec8,3.0,2025-01-04,консультация,consultation,Потребительский кредит,условия продукта,чат,negative,completed,5.0,,,
Event::event_a430da8b72be,Event,4. покупка,C035,,,,,,,long_lifecycle,,event_a430da8b72be,4.0,2025-03-29,покупка,purchase,Кредитная карта,оформление продукта,email,positive,completed,5.0,,,
Event::event_a461a9c10bb9,Event,10. повторная покупка,C011,,,,,,,repeat_purchase,,event_a461a9c10bb9,10.0,2025-05-01,повторная покупка,repeat_purchase,Потребительский кредит,условия продукта,мобильное приложение,positive,completed,4.0,,,
Event::event_a5240b8f5ec4,Event,1. знакомство,C038,,,,,,,happy_purchase,,event_a5240b8f5ec4,1.0,2024-08-15,знакомство,introduction,Инвестиционный счет,консультация по тарифам,email,neutral,completed,3.0,,,
Event::event_a8b7981d734a,Event,4. решение проблемы,C028,,,,,,,complaint_resolved_return,,event_a8b7981d734a,4.0,2025-01-21,решение проблемы,problem_resolved,Кредитная карта,блокировка карты,телефон,neutral,resolved,5.0,,,
Event::event_a8f7a0d3ddb7,Event,5. уход клиента,C008,,,,,,,complaint_and_leave,,event_a8f7a0d3ddb7,5.0,2025-05-13,уход клиента,churn,Дебетовая карта,комиссия,email,neutral,lost,2.0,,,
Event::event_a90922b8c751,Event,1. жалоба,C006,,,,,,,complaint_and_leave,,event_a90922b8c751,1.0,2024-11-14,жалоба,complaint,Кредитная карта,блокировка карты,телефон,negative,in_progress,3.0,,,
Event::event_aaa83bff47f9,Event,5. повторная покупка,C014,,,,,,,loyal_multi_product,,event_aaa83bff47f9,5.0,2024-12-16,повторная покупка,repeat_purchase,Ипотека,повторная покупка,сайт,positive,completed,5.0,,,
Event::event_aad82a6c7be5,Event,5. эскалация,C049,,,,,,,complaint_and_leave,,event_aad82a6c7be5,5.0,2025-04-25,эскалация,escalation,Накопительный счет,жалоба на обслуживание,сайт,negative,escalated,2.0,,,
Event::event_abe212840fef,Event,2. покупка,C047,,,,,,,complaint_and_leave,,event_abe212840fef,2.0,2024-12-28,покупка,purchase,Инвестиционный счет,условия продукта,сайт,neutral,completed,5.0,,,
Event::event_ac67b3c3aba8,Event,2. вопрос в поддержку,C026,,,,,,,short_support,,event_ac67b3c3aba8,2.0,2024-12-22,вопрос в поддержку,support_question,Инвестиционный счет,изменение персональных данных,телефон,positive,resolved,5.0,,,
Event::event_ad86c3b9249f,Event,5. эскалация,C039,,,,,,,complaint_and_leave,,event_ad86c3b9249f,5.0,2024-11-09,эскалация,escalation,Страхование,возврат средств,мобильное приложение,negative,escalated,2.0,,,
Event::event_afcbbd08ccc2,Event,3. эскалация,C009,,,,,,,complaint_resolved_return,,event_afcbbd08ccc2,3.0,2025-01-10,эскалация,escalation,Ипотека,возврат средств,email,neutral,escalated,3.0,,,
Event::event_b081149bf60d,Event,2. покупка,C039,,,,,,,complaint_and_leave,,event_b081149bf60d,2.0,2024-08-22,покупка,purchase,Накопительный счет,оформление продукта,мобильное приложение,positive,completed,4.0,,,
Event::event_b1f09822f639,Event,4. решение проблемы,C032,,,,,,,complaint_resolved_return,,event_b1f09822f639,4.0,2025-03-30,решение проблемы,problem_resolved,Ипотека,блокировка карты,email,positive,resolved,4.0,,,
Event::event_b1f221297bf6,Event,1. использование продукта,C003,,,,,,,complaint_and_leave,,event_b1f221297bf6,1.0,2024-08-19,использование продукта,usage,Кредитная карта,изменение персональных данных,сайт,neutral,completed,3.0,,,
Event::event_b3954eeca9e2,Event,2. жалоба,C041,,,,,,,complaint_resolved_return,,event_b3954eeca9e2,2.0,2024-11-16,жалоба,complaint,Ипотека,ошибка в приложении,чат,negative,escalated,2.0,,,
Event::event_b4e5147fcef4,Event,2. интерес к продукту,C011,,,,,,,repeat_purchase,,event_b4e5147fcef4,2.0,2024-11-06,интерес к продукту,product_interest,Страхование,повышение лимита,мобильное приложение,positive,completed,5.0,,,
Event::event_b5990ddd8e29,Event,5. консультация,C011,,,,,,,repeat_purchase,,event_b5990ddd8e29,5.0,2025-01-02,консультация,consultation,Страхование,изменение персональных данных,мобильное приложение,neutral,completed,5.0,,,
Event::event_ba3263fb68e2,Event,1. знакомство,C016,,,,,,,complaint_and_leave,,event_ba3263fb68e2,1.0,2025-01-08,знакомство,introduction,Кредитная карта,условия продукта,сайт,neutral,completed,5.0,,,
Event::event_bc2d0529cad7,Event,5. использование продукта,C017,,,,,,,long_lifecycle,,event_bc2d0529cad7,5.0,2025-03-05,использование продукта,usage,Дебетовая карта,условия продукта,чат,positive,completed,3.0,,,
Event::event_bc755d97b28a,Event,2. жалоба,C009,,,,,,,complaint_resolved_return,,event_bc755d97b28a,2.0,2024-11-28,жалоба,complaint,Ипотека,ошибка в приложении,чат,negative,in_progress,2.0,,,
Event::event_bd0c35bb7dc6,Event,3. эскалация,C020,,,,,,,complaint_resolved_return,,event_bd0c35bb7dc6,3.0,2024-10-27,эскалация,escalation,Дебетовая карта,возврат средств,чат,negative,escalated,1.0,,,
Event::event_bd8bcd07b57e,Event,2. жалоба,C032,,,,,,,complaint_resolved_return,,event_bd8bcd07b57e,2.0,2025-01-23,жалоба,complaint,Ипотека,блокировка карты,офис,positive,in_progress,1.0,,,
Event::event_bdbd248e7958,Event,2. покупка,C045,,,,,,,complaint_and_leave,,event_bdbd248e7958,2.0,2024-10-16,покупка,purchase,Ипотека,оформление продукта,email,negative,completed,4.0,,,
Event::event_be602d892628,Event,5. жалоба,C015,,,,,,,problematic_many_complaints,,event_be602d892628,5.0,2025-02-16,жалоба,complaint,Накопительный счет,ошибка в приложении,сайт,negative,escalated,1.0,,,
Event::event_bf8e68242dbf,Event,4. использование продукта,C011,,,,,,,repeat_purchase,,event_bf8e68242dbf,4.0,2024-12-02,использование продукта,usage,Страхование,условия продукта,мобильное приложение,negative,completed,3.0,,,
Event::event_c11e16d4ef6a,Event,11. консультация,C017,,,,,,,long_lifecycle,,event_c11e16d4ef6a,11.0,2025-08-16,консультация,consultation,Страхование,условия продукта,чат,neutral,completed,3.0,,,
Event::event_c49c7657cd4b,Event,3. консультация,C038,,,,,,,happy_purchase,,event_c49c7657cd4b,3.0,2024-09-03,консультация,consultation,Дебетовая карта,консультация по тарифам,офис,negative,completed,4.0,,,
Event::event_c5ee7537bdf4,Event,7. жалоба,C015,,,,,,,problematic_many_complaints,,event_c5ee7537bdf4,7.0,2025-03-30,жалоба,complaint,Накопительный счет,просрочка платежа,мобильное приложение,negative,in_progress,2.0,,,
Event::event_c66fbad9f077,Event,8. эскалация,C015,,,,,,,problematic_many_complaints,,event_c66fbad9f077,8.0,2025-04-16,эскалация,escalation,Накопительный счет,техническая ошибка,сайт,neutral,escalated,1.0,,,
Event::event_c69e5ebe6d36,Event,3. использование продукта,C008,,,,,,,complaint_and_leave,,event_c69e5ebe6d36,3.0,2025-03-13,использование продукта,usage,Дебетовая карта,изменение персональных данных,мобильное приложение,positive,completed,5.0,,,
Event::event_c7b56b517d9e,Event,6. вопрос в поддержку,C048,,,,,,,happy_purchase,,event_c7b56b517d9e,6.0,2025-04-11,вопрос в поддержку,support_question,Инвестиционный счет,изменение персональных данных,телефон,neutral,resolved,3.0,,,
Event::event_c98eed443026,Event,7. решение проблемы,C038,,,,,,,happy_purchase,,event_c98eed443026,7.0,2024-12-23,решение проблемы,problem_resolved,Дебетовая карта,техническая ошибка,чат,positive,resolved,4.0,,,
Event::event_c99facc16dd8,Event,5. использование продукта,C035,,,,,,,long_lifecycle,,event_c99facc16dd8,5.0,2025-04-11,использование продукта,usage,Потребительский кредит,комиссия,email,negative,completed,3.0,,,
Event::event_c9fd547bd8c3,Event,4. решение проблемы,C020,,,,,,,complaint_resolved_return,,event_c9fd547bd8c3,4.0,2024-11-18,решение проблемы,problem_resolved,Дебетовая карта,возврат средств,телефон,positive,resolved,5.0,,,
Event::event_ca232430e006,Event,3. использование продукта,C007,,,,,,,complaint_and_leave,,event_ca232430e006,3.0,2025-02-15,использование продукта,usage,Кредитная карта,условия продукта,мобильное приложение,neutral,completed,4.0,,,
Event::event_cb8713269890,Event,3. покупка,C014,,,,,,,loyal_multi_product,,event_cb8713269890,3.0,2024-10-11,покупка,purchase,Потребительский кредит,условия продукта,email,positive,completed,4.0,,,
Event::event_cbcaed27118b,Event,3. консультация,C043,,,,,,,happy_purchase,,event_cbcaed27118b,3.0,2025-03-11,консультация,consultation,Кредитная карта,консультация по тарифам,офис,neutral,completed,4.0,,,
Event::event_cf43f0366792,Event,2. уход клиента,C006,,,,,,,complaint_and_leave,,event_cf43f0366792,2.0,2024-12-08,уход клиента,churn,Кредитная карта,жалоба на обслуживание,телефон,negative,lost,2.0,,,
Event::event_cfb60056cc33,Event,4. использование продукта,C036,,,,,,,loyal_multi_product,,event_cfb60056cc33,4.0,2024-11-12,использование продукта,usage,Потребительский кредит,условия продукта,сайт,neutral,completed,5.0,,,
Event::event_d1d2d046f009,Event,7. решение проблемы,C046,,,,,,,long_lifecycle,,event_d1d2d046f009,7.0,2025-04-17,решение проблемы,problem_resolved,Ипотека,жалоба на обслуживание,сайт,neutral,resolved,5.0,,,
Event::event_d4148e149005,Event,6. использование продукта,C030,,,,,,,loyal_multi_product,,event_d4148e149005,6.0,2025-06-25,использование продукта,usage,Ипотека,комиссия,офис,positive,completed,4.0,,,
Event::event_d4d88008ca4d,Event,4. решение проблемы,C015,,,,,,,problematic_many_complaints,,event_d4d88008ca4d,4.0,2025-01-27,решение проблемы,problem_resolved,Дебетовая карта,техническая ошибка,сайт,positive,resolved,4.0,,,
Event::event_d4e1bac7722d,Event,12. повторная покупка,C017,,,,,,,long_lifecycle,,event_d4e1bac7722d,12.0,2025-09-02,повторная покупка,repeat_purchase,Ипотека,оформление продукта,чат,neutral,completed,4.0,,,
Event::event_d71ea6919cd3,Event,4. покупка,C010,,,,,,,happy_purchase,,event_d71ea6919cd3,4.0,2024-11-23,покупка,purchase,Потребительский кредит,условия продукта,офис,positive,completed,5.0,,,
Event::event_d768c0c7f4ab,Event,2. интерес к продукту,C010,,,,,,,happy_purchase,,event_d768c0c7f4ab,2.0,2024-10-24,интерес к продукту,product_interest,Инвестиционный счет,консультация по тарифам,чат,neutral,completed,4.0,,,
Event::event_d86bbedebbde,Event,1. знакомство,C036,,,,,,,loyal_multi_product,,event_d86bbedebbde,1.0,2024-08-04,знакомство,introduction,Накопительный счет,консультация по тарифам,чат,neutral,completed,3.0,,,
Event::event_dbee8fc7655a,Event,6. вопрос в поддержку,C046,,,,,,,long_lifecycle,,event_dbee8fc7655a,6.0,2025-03-14,вопрос в поддержку,support_question,Ипотека,блокировка карты,телефон,positive,resolved,4.0,,,
Event::event_dc8caaca728d,Event,4. использование продукта,C042,,,,,,,repeat_purchase,,event_dc8caaca728d,4.0,2025-01-01,использование продукта,usage,Ипотека,условия продукта,офис,neutral,completed,5.0,,,
Event::event_dd28fbb40f25,Event,2. интерес к продукту,C048,,,,,,,happy_purchase,,event_dd28fbb40f25,2.0,2024-12-28,интерес к продукту,product_interest,Страхование,консультация по тарифам,чат,positive,completed,5.0,,,
Event::event_de84b1891874,Event,6. повторная покупка,C020,,,,,,,complaint_resolved_return,,event_de84b1891874,6.0,2025-01-17,повторная покупка,repeat_purchase,Кредитная карта,оформление продукта,email,positive,completed,4.0,,,
Event::event_dee79f911a48,Event,8. повторная покупка,C011,,,,,,,repeat_purchase,,event_dee79f911a48,8.0,2025-03-06,повторная покупка,repeat_purchase,Инвестиционный счет,оформление продукта,мобильное приложение,positive,completed,4.0,,,
Event::event_e059a5856228,Event,3. покупка,C034,,,,,,,repeat_purchase,,event_e059a5856228,3.0,2024-10-25,покупка,purchase,Потребительский кредит,условия продукта,офис,neutral,completed,5.0,,,
Event::event_e29857fe2fc9,Event,2. интерес к продукту,C005,,,,,,,loyal_multi_product,,event_e29857fe2fc9,2.0,2024-10-16,интерес к продукту,product_interest,Страхование,повышение лимита,email,neutral,completed,3.0,,,
Event::event_e346253f3775,Event,5. удержание,C028,,,,,,,complaint_resolved_return,,event_e346253f3775,5.0,2025-03-04,удержание,retention,Накопительный счет,повышение лимита,телефон,positive,retained,5.0,,,
Event::event_e42e836c5490,Event,5. использование продукта,C046,,,,,,,long_lifecycle,,event_e42e836c5490,5.0,2025-01-30,использование продукта,usage,Ипотека,условия продукта,телефон,positive,completed,4.0,,,
Event::event_e45f9057a3b8,Event,5. эскалация,C007,,,,,,,complaint_and_leave,,event_e45f9057a3b8,5.0,2025-03-25,эскалация,escalation,Кредитная карта,блокировка карты,чат,negative,escalated,2.0,,,
Event::event_e48895189837,Event,5. использование продукта,C048,,,,,,,happy_purchase,,event_e48895189837,5.0,2025-03-14,использование продукта,usage,Инвестиционный счет,комиссия,офис,neutral,completed,5.0,,,
Event::event_e6cce9adca42,Event,1. знакомство,C018,,,,,,,one_touch,,event_e6cce9adca42,1.0,2024-11-24,знакомство,introduction,Дебетовая карта,консультация по тарифам,сайт,positive,completed,5.0,,,
Event::event_e854a4fa7f5b,Event,2. жалоба,C015,,,,,,,problematic_many_complaints,,event_e854a4fa7f5b,2.0,2024-11-15,жалоба,complaint,Дебетовая карта,просрочка платежа,телефон,neutral,escalated,2.0,,,
Event::event_eaa1eb95ebd7,Event,2. жалоба,C022,,,,,,,complaint_and_leave,,event_eaa1eb95ebd7,2.0,2024-10-14,жалоба,complaint,Инвестиционный счет,ошибка в приложении,чат,negative,resolved,1.0,,,
Event::event_ec4b7dab592d,Event,5. удержание,C009,,,,,,,complaint_resolved_return,,event_ec4b7dab592d,5.0,2025-03-25,удержание,retention,Страхование,повышение лимита,чат,positive,retained,4.0,,,
Event::event_ee4f49a3b398,Event,1. знакомство,C035,,,,,,,long_lifecycle,,event_ee4f49a3b398,1.0,2024-12-25,знакомство,introduction,Ипотека,консультация по тарифам,мобильное приложение,neutral,completed,3.0,,,
Event::event_efdf237f32d4,Event,4. жалоба,C049,,,,,,,complaint_and_leave,,event_efdf237f32d4,4.0,2025-03-11,жалоба,complaint,Накопительный счет,комиссия,телефон,negative,escalated,2.0,,,
Event::event_f01ad024543e,Event,1. использование продукта,C015,,,,,,,problematic_many_complaints,,event_f01ad024543e,1.0,2024-11-05,использование продукта,usage,Накопительный счет,комиссия,сайт,positive,completed,5.0,,,
Event::event_f1d9a60c299d,Event,2. интерес к продукту,C036,,,,,,,loyal_multi_product,,event_f1d9a60c299d,2.0,2024-09-07,интерес к продукту,product_interest,Дебетовая карта,повышение лимита,телефон,neutral,completed,3.0,,,
Event::event_f1e9d659c730,Event,1. использование продукта,C032,,,,,,,complaint_resolved_return,,event_f1e9d659c730,1.0,2025-01-07,использование продукта,usage,Ипотека,комиссия,офис,negative,completed,4.0,,,
Event::event_f3417982ce56,Event,6. использование продукта,C036,,,,,,,loyal_multi_product,,event_f3417982ce56,6.0,2025-01-17,использование продукта,usage,Накопительный счет,комиссия,телефон,neutral,completed,4.0,,,
Event::event_f4e9f24b357b,Event,1. знакомство,C013,,,,,,,one_touch,,event_f4e9f24b357b,1.0,2024-11-15,знакомство,introduction,Потребительский кредит,консультация по тарифам,сайт,positive,completed,4.0,,,
Event::event_f74ea6506987,Event,3. покупка,C036,,,,,,,loyal_multi_product,,event_f74ea6506987,3.0,2024-09-29,покупка,purchase,Дебетовая карта,условия продукта,офис,positive,completed,5.0,,,
Event::event_f8b3d29dfbdd,Event,1. знакомство,C030,,,,,,,loyal_multi_product,,event_f8b3d29dfbdd,1.0,2025-01-23,знакомство,introduction,Инвестиционный счет,условия продукта,телефон,neutral,completed,3.0,,,
Event::event_fac32dcf828f,Event,1. жалоба,C021,,,,,,,complaint_and_leave,,event_fac32dcf828f,1.0,2024-09-04,жалоба,complaint,Ипотека,просрочка платежа,email,neutral,escalated,3.0,,,
Event::event_fb84c9525fb2,Event,3. консультация,C048,,,,,,,happy_purchase,,event_fb84c9525fb2,3.0,2025-01-25,консультация,consultation,Ипотека,консультация по тарифам,офис,positive,completed,4.0,,,
Event::event_fca8868fa5fe,Event,7. использование продукта,C042,,,,,,,repeat_purchase,,event_fca8868fa5fe,7.0,2025-04-10,использование продукта,usage,Ипотека,комиссия,мобильное приложение,positive,completed,4.0,,,
Event::event_fe07231b16b9,Event,3. покупка,C042,,,,,,,repeat_purchase,,event_fe07231b16b9,3.0,2024-12-04,покупка,purchase,Дебетовая карта,условия продукта,чат,positive,completed,5.0,,,
Event::event_fe437fd3e3d4,Event,1. использование продукта,C009,,,,,,,complaint_resolved_return,,event_fe437fd3e3d4,1.0,2024-11-20,использование продукта,usage,Накопительный счет,изменение персональных данных,сайт,neutral,completed,3.0,,,
Event::event_fe68a434f384,Event,1. жалоба,C029,,,,,,,complaint_and_leave,,event_fe68a434f384,1.0,2024-08-21,жалоба,complaint,Кредитная карта,просрочка платежа,мобильное приложение,neutral,in_progress,3.0,,,
Event::event_ffc587b1db9e,Event,3. консультация,C035,,,,,,,long_lifecycle,,event_ffc587b1db9e,3.0,2025-02-17,консультация,consultation,Кредитная карта,консультация по тарифам,телефон,neutral,completed,5.0,,,
LifecycleStage::вопрос в поддержку,LifecycleStage,вопрос в поддержку,,,,,,,,,,,,,вопрос в поддержку,,,,,,,,,,
LifecycleStage::жалоба,LifecycleStage,жалоба,,,,,,,,,,,,,жалоба,,,,,,,,,,
LifecycleStage::закрытие продукта,LifecycleStage,закрытие продукта,,,,,,,,,,,,,закрытие продукта,,,,,,,,,,
LifecycleStage::знакомство,LifecycleStage,знакомство,,,,,,,,,,,,,знакомство,,,,,,,,,,
LifecycleStage::интерес к продукту,LifecycleStage,интерес к продукту,,,,,,,,,,,,,интерес к продукту,,,,,,,,,,
LifecycleStage::использование продукта,LifecycleStage,использование продукта,,,,,,,,,,,,,использование продукта,,,,,,,,,,
LifecycleStage::консультация,LifecycleStage,консультация,,,,,,,,,,,,,консультация,,,,,,,,,,
LifecycleStage::повторная покупка,LifecycleStage,повторная покупка,,,,,,,,,,,,,повторная покупка,,,,,,,,,,
LifecycleStage::покупка,LifecycleStage,покупка,,,,,,,,,,,,,покупка,,,,,,,,,,
LifecycleStage::решение проблемы,LifecycleStage,решение проблемы,,,,,,,,,,,,,решение проблемы,,,,,,,,,,
LifecycleStage::удержание,LifecycleStage,удержание,,,,,,,,,,,,,удержание,,,,,,,,,,
LifecycleStage::уход клиента,LifecycleStage,уход клиента,,,,,,,,,,,,,уход клиента,,,,,,,,,,
LifecycleStage::эскалация,LifecycleStage,эскалация,,,,,,,,,,,,,эскалация,,,,,,,,,,
Message::message_0007f4638de5,Message,"operator: Информация передана в работу, ориентировочный срок р...",C034,,,,,,,,,event_9123926b3608,,2024-09-28,,,,,,,,,message_0007f4638de5,operator,"Информация передана в работу, ориентировочный срок решения зависит от проверки."
Message::message_003fb8a60d35,Message,client: Мне удобнее продолжить общение через канал «чат».,C038,,,,,,,,,event_c98eed443026,,2024-12-23,,,,,,,,,message_003fb8a60d35,client,Мне удобнее продолжить общение через канал «чат».
Message::message_004712ec5bed,Message,operator: Я вижу историю клиента и учитываю этап «уход клиента».,C003,,,,,,,,,event_76c822a306f4,,2024-10-09,,,,,,,,,message_004712ec5bed,operator,Я вижу историю клиента и учитываю этап «уход клиента».
Message::message_004815c78f02,Message,client: У меня есть вопрос по использованию продукта «Потреб...,C035,,,,,,,,,event_c99facc16dd8,,2025-04-11,,,,,,,,,message_004815c78f02,client,У меня есть вопрос по использованию продукта «Потребительский кредит».
Message::message_006130a7b7c2,Message,operator: Давайте посмотрим детали операции и найдем ответ.,C047,,,,,,,,,event_0be825338bf1,,2025-02-10,,,,,,,,,message_006130a7b7c2,operator,Давайте посмотрим детали операции и найдем ответ.
Message::message_00dc22e8bb6f,Message,client: Добрый день. Я впервые обращаюсь в банк и хочу узнат...,C046,,,,,,,,,event_4c0c79e2b2bb,,2024-11-19,,,,,,,,,message_00dc22e8bb6f,client,Добрый день. Я впервые обращаюсь в банк и хочу узнать про «Инвестиционный счет».
Message::message_014f9042d962,Message,operator: Сейчас отвечу по тарифам и помогу выбрать следующий ...,C038,,,,,,,,,event_c49c7657cd4b,,2024-09-03,,,,,,,,,message_014f9042d962,operator,Сейчас отвечу по тарифам и помогу выбрать следующий шаг.
Message::message_01856a3388c9,Message,operator: Я помогу разобраться с использованием продукта.,C003,,,,,,,,,event_b1f221297bf6,,2024-08-19,,,,,,,,,message_01856a3388c9,operator,Я помогу разобраться с использованием продукта.
Message::message_01a4c7b9f4f6,Message,"operator: Если появятся дополнительные вопросы, можно продолжи...",C045,,,,,,,,,event_bdbd248e7958,,2024-10-16,,,,,,,,,message_01a4c7b9f4f6,operator,"Если появятся дополнительные вопросы, можно продолжить диалог в этом же канале."
Message::message_020cc8794807,Message,"operator: Информация передана в работу, ориентировочный срок р...",C040,,,,,,,,,event_14b04203f743,,2025-01-26,,,,,,,,,message_020cc8794807,operator,"Информация передана в работу, ориентировочный срок решения зависит от проверки."
Message::message_02287d82aa1f,Message,operator: По вашему обращению есть результат. Проблема закрыта...,C030,,,,,,,,,event_63d733506b6a,,2025-08-21,,,,,,,,,message_02287d82aa1f,operator,"По вашему обращению есть результат. Проблема закрыта, данные обновлены."
Message::message_02395d6a776e,Message,client: Можно ли получить подтверждение после завершения опе...,C017,,,,,,,,,event_3143fb525d29,,2025-05-28,,,,,,,,,message_02395d6a776e,client,Можно ли получить подтверждение после завершения операции?
Message::message_02857bad7009,Message,"operator: Информация передана в работу, ориентировочный срок р...",C009,,,,,,,,,event_1b7ae55a4026,,2025-04-28,,,,,,,,,message_02857bad7009,operator,"Информация передана в работу, ориентировочный срок решения зависит от проверки."
Message::message_02b786cdfd21,Message,"operator: Если появятся дополнительные вопросы, можно продолжи...",C035,,,,,,,,,event_a430da8b72be,,2025-03-29,,,,,,,,,message_02b786cdfd21,operator,"Если появятся дополнительные вопросы, можно продолжить диалог в этом же канале."
Message::message_02cf28799cd3,Message,operator: Я вижу историю клиента и учитываю этап «жалоба».,C047,,,,,,,,,event_817cdf84ce45,,2025-03-17,,,,,,,,,message_02cf28799cd3,operator,Я вижу историю клиента и учитываю этап «жалоба».
Message::message_0338b1d4d166,Message,operator: Я вижу историю клиента и учитываю этап «использовани...,C049,,,,,,,,,event_30f7917b9982,,2025-01-29,,,,,,,,,message_0338b1d4d166,operator,Я вижу историю клиента и учитываю этап «использование продукта».
Message::message_035160a42f3a,Message,client: Меня зовут Кудрявцев Иосиф Евсеевич. Прошу учесть мо...,C024,,,,,,,,,event_4a37e700a4c3,,2025-01-05,,,,,,,,,message_035160a42f3a,client,Меня зовут Кудрявцев Иосиф Евсеевич. Прошу учесть мой прошлый опыт и текущий продукт.
Message::message_035a65eef8dc,Message,operator: Я вижу историю клиента и учитываю этап «знакомство».,C025,,,,,,,,,event_8f387c590f91,,2024-08-09,,,,,,,,,message_035a65eef8dc,operator,Я вижу историю клиента и учитываю этап «знакомство».
Message::message_0368fe05e648,Message,"operator: Если появятся дополнительные вопросы, можно продолжи...",C035,,,,,,,,,event_60c6aec57ebd,,2025-08-13,,,,,,,,,message_0368fe05e648,operator,"Если появятся дополнительные вопросы, можно продолжить диалог в этом же канале."
Message::message_03a67f16acf0,Message,operator: Понимаю ваше недовольство. Зафиксирую обращение и пе...,C015,,,,,,,,,event_be602d892628,,2025-02-16,,,,,,,,,message_03a67f16acf0,operator,Понимаю ваше недовольство. Зафиксирую обращение и передам его в работу.
Message::message_03b12f447059,Message,client: Пользуюсь продуктом «Страхование» и хочу уточнить во...,C011,,,,,,,,,event_a172b5c9ad5c,,2025-02-24,,,,,,,,,message_03b12f447059,client,Пользуюсь продуктом «Страхование» и хочу уточнить вопрос: условия продукта.
Message::message_03c0635f637e,Message,system: Системное уведомление: обращение зарегистрировано и ...,C012,,,,,,,,,event_4e947e9a6033,,2025-03-02,,,,,,,,,message_03c0635f637e,system,Системное уведомление: обращение зарегистрировано и связано с продуктом «Накопительный счет».
Message::message_043495f4084e,Message,client: Хочу закрыть продукт «Дебетовая карта». Подскажите п...,C015,,,,,,,,,event_37a69ac0b0a6,,2025-05-30,,,,,,,,,message_043495f4084e,client,Хочу закрыть продукт «Дебетовая карта». Подскажите порядок действий.
Message::message_043c7fd7faa3,Message,client: Можно ли получить подтверждение после завершения опе...,C017,,,,,,,,,event_bc2d0529cad7,,2025-03-05,,,,,,,,,message_043c7fd7faa3,client,Можно ли получить подтверждение после завершения операции?
Message::message_047b12bf5a63,Message,operator: Понимаю. Подключаю профильную команду для дополнител...,C041,,,,,,,,,event_1315f43b9ad3,,2024-11-26,,,,,,,,,message_047b12bf5a63,operator,Понимаю. Подключаю профильную команду для дополнительной проверки.
Message::message_0493e3bec95f,Message,"operator: Давайте подробно опишем проблему, чтобы ее можно был...",C041,,,,,,,,,event_b3954eeca9e2,,2024-11-16,,,,,,,,,message_0493e3bec95f,operator,"Давайте подробно опишем проблему, чтобы ее можно было проверить."
Message::message_04df07373dbf,Message,system: Системное уведомление: история взаимодействий клиент...,C042,,,,,,,,,event_8b3d4b34b894,,2024-11-18,,,,,,,,,message_04df07373dbf,system,Системное уведомление: история взаимодействий клиента обновлена.
Message::message_04f0316ef3f1,Message,operator: Я зафиксировал обращение. Статус сейчас: completed.,C016,,,,,,,,,event_ba3263fb68e2,,2025-01-08,,,,,,,,,message_04f0316ef3f1,operator,Я зафиксировал обращение. Статус сейчас: completed.
Message::message_058a312da829,Message,system: Системное уведомление: настроение обращения определе...,C011,,,,,,,,,event_2ec6a02eb4ee,,2024-11-17,,,,,,,,,message_058a312da829,system,Системное уведомление: настроение обращения определено как «neutral».
Message::message_0595b95b8f5c,Message,"client: Уточните, пожалуйста, это повлияет на мои текущие пр...",C035,,,,,,,,,event_ffc587b1db9e,,2025-02-17,,,,,,,,,message_0595b95b8f5c,client,"Уточните, пожалуйста, это повлияет на мои текущие продукты?"
Message::message_05a25e9a7f38,Message,"operator: По этому обращению указан статус «lost», оценка удов...",C029,,,,,,,,,event_8c9b8b24a51c,,2024-09-28,,,,,,,,,message_05a25e9a7f38,operator,"По этому обращению указан статус «lost», оценка удовлетворенности будет учтена."
Message::message_05b14fa1b337,Message,system: Системное уведомление: настроение обращения определе...,C039,,,,,,,,,event_04b1ad977154,,2024-09-23,,,,,,,,,message_05b14fa1b337,system,Системное уведомление: настроение обращения определено как «neutral».
Message::message_05e3bf81191f,Message,operator: Здравствуйте. Я помогу сориентироваться по условиям ...,C010,,,,,,,,,event_6517e3a01960,,2024-09-30,,,,,,,,,message_05e3bf81191f,operator,Здравствуйте. Я помогу сориентироваться по условиям и ограничениям.
Message::message_066dfc58a8b9,Message,system: Системное уведомление: настроение обращения определе...,C007,,,,,,,,,event_0a092504170b,,2025-01-21,,,,,,,,,message_066dfc58a8b9,system,Системное уведомление: настроение обращения определено как «positive».
Message::message_06744bcdf254,Message,operator: Я вижу историю клиента и учитываю этап «использовани...,C011,,,,,,,,,event_a172b5c9ad5c,,2025-02-24,,,,,,,,,message_06744bcdf254,operator,Я вижу историю клиента и учитываю этап «использование продукта».
Message::message_06f055cb77bc,Message,"client: Готов подключить продукт «Потребительский кредит», х...",C010,,,,,,,,,event_d71ea6919cd3,,2024-11-23,,,,,,,,,message_06f055cb77bc,client,"Готов подключить продукт «Потребительский кредит», хочу пройти оформление."
Message::message_06f611bb5b3e,Message,system: Системное уведомление: настроение обращения определе...,C043,,,,,,,,,event_05d3dff4256f,,2025-02-26,,,,,,,,,message_06f611bb5b3e,system,Системное уведомление: настроение обращения определено как «neutral».
Message::message_06fbcbdb7d09,Message,operator: Отправлю вам подтверждение и краткое резюме по теме ...,C016,,,,,,,,,event_56e64ba3dc9a,,2025-04-07,,,,,,,,,message_06fbcbdb7d09,operator,Отправлю вам подтверждение и краткое резюме по теме «просрочка платежа».
Message::message_070f74b1e02d,Message,client: Меня зовут Матвеева Оксана Михайловна. Прошу учесть ...,C015,,,,,,,,,event_be602d892628,,2025-02-16,,,,,,,,,message_070f74b1e02d,client,Меня зовут Матвеева Оксана Михайловна. Прошу учесть мой прошлый опыт и текущий продукт.
Message::message_076cbbe00d30,Message,client: Мне удобнее продолжить общение через канал «офис».,C010,,,,,,,,,event_4f871ce9f1bd,,2025-01-20,,,,,,,,,message_076cbbe00d30,client,Мне удобнее продолжить общение через канал «офис».
Message::message_077c61fe7720,Message,"client: Подскажите, пожалуйста, как правильно действовать по...",C010,,,,,,,,,event_25b4a89b3bef,,2024-12-18,,,,,,,,,message_077c61fe7720,client,"Подскажите, пожалуйста, как правильно действовать по теме «комиссия»."
Message::message_0781e70ed4e4,Message,client: Я принял решение оформить «Кредитная карта». Помогит...,C008,,,,,,,,,event_004fc7ecd9a4,,2025-02-01,,,,,,,,,message_0781e70ed4e4,client,Я принял решение оформить «Кредитная карта». Помогите завершить заявку.
Message::message_07bc49a9b0d1,Message,"client: Уточните, пожалуйста, это повлияет на мои текущие пр...",C012,,,,,,,,,event_4ca74c4f8d6f,,2024-12-16,,,,,,,,,message_07bc49a9b0d1,client,"Уточните, пожалуйста, это повлияет на мои текущие продукты?"
Message::message_07f9fd1b2694,Message,"operator: Понимаю ваши сомнения. Давайте подберем условия, кот...",C035,,,,,,,,,event_10c25891fbda,,2025-07-16,,,,,,,,,message_07f9fd1b2694,operator,"Понимаю ваши сомнения. Давайте подберем условия, которые исправят опыт."
Message::message_0801bcb492bd,Message,system: Системное уведомление: обращение зарегистрировано и ...,C046,,,,,,,,,event_20d03315c9a3,,2024-12-14,,,,,,,,,message_0801bcb492bd,system,Системное уведомление: обращение зарегистрировано и связано с продуктом «Инвестиционный счет».
Message::message_084553711428,Message,"client: Уточните, пожалуйста, это повлияет на мои текущие пр...",C046,,,,,,,,,event_79f856de5d3a,,2025-06-01,,,,,,,,,message_084553711428,client,"Уточните, пожалуйста, это повлияет на мои текущие продукты?"
Message::message_087ee1905f84,Message,client: Меня зовут Веселов Олег Евстигнеевич. Прошу учесть м...,C021,,,,,,,,,event_fac32dcf828f,,2024-09-04,,,,,,,,,message_087ee1905f84,client,Меня зовут Веселов Олег Евстигнеевич. Прошу учесть мой прошлый опыт и текущий продукт.
Message::message_08d31a56b64f,Message,"client: Уточните, пожалуйста, это повлияет на мои текущие пр...",C010,,,,,,,,,event_6517e3a01960,,2024-09-30,,,,,,,,,message_08d31a56b64f,client,"Уточните, пожалуйста, это повлияет на мои текущие продукты?"
Message::message_08dfc0871686,Message,client: Меня зовут Радислав Валерианович Крылов. Прошу учест...,C046,,,,,,,,,event_e42e836c5490,,2025-01-30,,,,,,,,,message_08dfc0871686,client,Меня зовут Радислав Валерианович Крылов. Прошу учесть мой прошлый опыт и текущий продукт.
Message::message_0954e057922b,Message,"operator: Информация передана в работу, ориентировочный срок р...",C035,,,,,,,,,event_4f215353ec22,,2025-09-06,,,,,,,,,message_0954e057922b,operator,"Информация передана в работу, ориентировочный срок решения зависит от проверки."
Message::message_097d45c80a02,Message,system: Системное уведомление: история взаимодействий клиент...,C003,,,,,,,,,event_b1f221297bf6,,2024-08-19,,,,,,,,,message_097d45c80a02,system,Системное уведомление: история взаимодействий клиента обновлена.
Message::message_0995fd43d57b,Message,"operator: По этому обращению указан статус «completed», оценка...",C017,,,,,,,,,event_1a168de29bae,,2024-11-21,,,,,,,,,message_0995fd43d57b,operator,"По этому обращению указан статус «completed», оценка удовлетворенности будет учтена."
Message::message_099b09e5b9b3,Message,"operator: Понимаю ваши сомнения. Давайте подберем условия, кот...",C041,,,,,,,,,event_54961ad78c04,,2025-02-08,,,,,,,,,message_099b09e5b9b3,operator,"Понимаю ваши сомнения. Давайте подберем условия, которые исправят опыт."
Message::message_099d68821bfe,Message,system: Системное уведомление: клиенту присвоен статус обращ...,C042,,,,,,,,,event_dc8caaca728d,,2025-01-01,,,,,,,,,message_099d68821bfe,system,Системное уведомление: клиенту присвоен статус обращения «completed».
Message::message_09bdc6ed7d6e,Message,system: Системное уведомление: тема обращения классифицирова...,C039,,,,,,,,,event_04b1ad977154,,2024-09-23,,,,,,,,,message_09bdc6ed7d6e,system,Системное уведомление: тема обращения классифицирована как «комиссия».
Message::message_09f9e29655af,Message,system: Системное уведомление: клиенту присвоен статус обращ...,C011,,,,,,,,,event_dee79f911a48,,2025-03-06,,,,,,,,,message_09f9e29655af,system,Системное уведомление: клиенту присвоен статус обращения «completed».
Message::message_0a0dd280d7c5,Message,operator: Я помогу разобраться с использованием продукта.,C014,,,,,,,,,event_7cf7a4a696ab,,2025-01-03,,,,,,,,,message_0a0dd280d7c5,operator,Я помогу разобраться с использованием продукта.
Message::message_0a3be62cbe27,Message,client: Можно ли получить подтверждение после завершения опе...,C011,,,,,,,,,event_a172b5c9ad5c,,2025-02-24,,,,,,,,,message_0a3be62cbe27,client,Можно ли получить подтверждение после завершения операции?
Message::message_0a3f03add91b,Message,client: Хочу сравнить условия по продукту «Инвестиционный сч...,C046,,,,,,,,,event_7b20c3cf48ef,,2024-12-01,,,,,,,,,message_0a3f03add91b,client,Хочу сравнить условия по продукту «Инвестиционный счет» с текущими вариантами.
Message::message_0a678a1f990d,Message,client: Меня зовут Сысоева Валентина Кузьминична. Прошу учес...,C034,,,,,,,,,event_7467e1f53e11,,2024-09-18,,,,,,,,,message_0a678a1f990d,client,Меня зовут Сысоева Валентина Кузьминична. Прошу учесть мой прошлый опыт и текущий продукт.
Message::message_0ab8495effbc,Message,client: Меня не устраивает качество обслуживания. Тема обращ...,C029,,,,,,,,,event_fe68a434f384,,2024-08-21,,,,,,,,,message_0ab8495effbc,client,Меня не устраивает качество обслуживания. Тема обращения: просрочка платежа.
Message::message_0b84f32b434c,Message,client: Меня зовут Панфил Арсенович Блинов. Прошу учесть мой...,C028,,,,,,,,,event_4c40be4187ce,,2025-03-21,,,,,,,,,message_0b84f32b434c,client,Меня зовут Панфил Арсенович Блинов. Прошу учесть мой прошлый опыт и текущий продукт.
Message::message_0bd86eb014bd,Message,"client: Уточните, пожалуйста, это повлияет на мои текущие пр...",C015,,,,,,,,,event_780c95fa24f1,,2024-12-18,,,,,,,,,message_0bd86eb014bd,client,"Уточните, пожалуйста, это повлияет на мои текущие продукты?"
Message::message_0bea80115381,Message,"client: Здравствуйте. Подскажите, пожалуйста, что важно знат...",C034,,,,,,,,,event_7467e1f53e11,,2024-09-18,,,,,,,,,message_0bea80115381,client,"Здравствуйте. Подскажите, пожалуйста, что важно знать про «Дебетовая карта»?"
Message::message_0c152405d793,Message,operator: По вашему обращению есть результат. Проблема закрыта...,C001,,,,,,,,,event_65d9b172fbc2,,2025-04-01,,,,,,,,,message_0c152405d793,operator,"По вашему обращению есть результат. Проблема закрыта, данные обновлены."
Message::message_0c571606bf60,Message,operator: Я зафиксировал обращение. Статус сейчас: completed.,C017,,,,,,,,,event_c11e16d4ef6a,,2025-08-16,,,,,,,,,message_0c571606bf60,operator,Я зафиксировал обращение. Статус сейчас: completed.
Message::message_0cd8bf651535,Message,operator: Я вижу историю клиента и учитываю этап «эскалация».,C015,,,,,,,,,event_780c95fa24f1,,2024-12-18,,,,,,,,,message_0cd8bf651535,operator,Я вижу историю клиента и учитываю этап «эскалация».
Message::message_0d45e6270705,Message,operator: Я вижу историю клиента и учитываю этап «повторная по...,C014,,,,,,,,,event_aaa83bff47f9,,2024-12-16,,,,,,,,,message_0d45e6270705,operator,Я вижу историю клиента и учитываю этап «повторная покупка».
Message::message_0d9f02598674,Message,"operator: По этому обращению указан статус «completed», оценка...",C049,,,,,,,,,event_30f7917b9982,,2025-01-29,,,,,,,,,message_0d9f02598674,operator,"По этому обращению указан статус «completed», оценка удовлетворенности будет учтена."
Message::message_0e1df40f073b,Message,"operator: По этому обращению указан статус «resolved», оценка ...",C022,,,,,,,,,event_eaa1eb95ebd7,,2024-10-14,,,,,,,,,message_0e1df40f073b,operator,"По этому обращению указан статус «resolved», оценка удовлетворенности будет учтена."
Message::message_0e2223ecec30,Message,system: Системное уведомление: клиенту присвоен статус обращ...,C042,,,,,,,,,event_fca8868fa5fe,,2025-04-10,,,,,,,,,message_0e2223ecec30,system,Системное уведомление: клиенту присвоен статус обращения «completed».
Message::message_0e34f477e78e,Message,client: Мне удобнее продолжить общение через канал «мобильно...,C036,,,,,,,,,event_4ca460af6928,,2025-02-27,,,,,,,,,message_0e34f477e78e,client,Мне удобнее продолжить общение через канал «мобильное приложение».
Message::message_0e6b652c8a7a,Message,system: Системное уведомление: настроение обращения определе...,C001,,,,,,,,,event_27771ad1ae68,,2024-12-11,,,,,,,,,message_0e6b652c8a7a,system,Системное уведомление: настроение обращения определено как «neutral».
Message::message_0e6bc80be5d8,Message,operator: Я вижу историю клиента и учитываю этап «использовани...,C030,,,,,,,,,event_d4148e149005,,2025-06-25,,,,,,,,,message_0e6bc80be5d8,operator,Я вижу историю клиента и учитываю этап «использование продукта».
Message::message_0e9373e7d185,Message,"operator: Если появятся дополнительные вопросы, можно продолжи...",C020,,,,,,,,,event_bd0c35bb7dc6,,2024-10-27,,,,,,,,,message_0e9373e7d185,operator,"Если появятся дополнительные вопросы, можно продолжить диалог в этом же канале."
Message::message_0efdb07fa575,Message,client: Мне удобнее продолжить общение через канал «мобильно...,C001,,,,,,,,,event_9574cad4294c,,2025-05-15,,,,,,,,,message_0efdb07fa575,client,Мне удобнее продолжить общение через канал «мобильное приложение».
Message::message_0f02c74d9ec3,Message,client: Меня зовут Богдан Даниилович Князев. Прошу учесть мо...,C014,,,,,,,,,event_7cf7a4a696ab,,2025-01-03,,,,,,,,,message_0f02c74d9ec3,client,Меня зовут Богдан Даниилович Князев. Прошу учесть мой прошлый опыт и текущий продукт.
Message::message_0f1d45516751,Message,client: Меня зовут Леон Демидович Павлов. Прошу учесть мой п...,C039,,,,,,,,,event_68fa4b037b07,,2024-12-13,,,,,,,,,message_0f1d45516751,client,Меня зовут Леон Демидович Павлов. Прошу учесть мой прошлый опыт и текущий продукт.
Message::message_0f1ef1e5161d,Message,"operator: По этому обращению указан статус «completed», оценка...",C042,,,,,,,,,event_fca8868fa5fe,,2025-04-10,,,,,,,,,message_0f1ef1e5161d,operator,"По этому обращению указан статус «completed», оценка удовлетворенности будет учтена."
Message::message_0f3eef576ff9,Message,operator: Я вижу историю клиента и учитываю этап «жалоба».,C015,,,,,,,,,event_be602d892628,,2025-02-16,,,,,,,,,message_0f3eef576ff9,operator,Я вижу историю клиента и учитываю этап «жалоба».
Message::message_0f52f5143cb3,Message,client: У меня есть вопрос по использованию продукта «Дебето...,C001,,,,,,,,,event_27771ad1ae68,,2024-12-11,,,,,,,,,message_0f52f5143cb3,client,У меня есть вопрос по использованию продукта «Дебетовая карта».
Message::message_0fb1ebf8060d,Message,"operator: Мне жаль, что вы столкнулись с такой ситуацией. Я за...",C015,,,,,,,,,event_e854a4fa7f5b,,2024-11-15,,,,,,,,,message_0fb1ebf8060d,operator,"Мне жаль, что вы столкнулись с такой ситуацией. Я зарегистрирую жалобу."
Message::message_0fd35f005b29,Message,operator: Понимаю ваше недовольство. Зафиксирую обращение и пе...,C020,,,,,,,,,event_9a47a4a80e64,,2024-09-12,,,,,,,,,message_0fd35f005b29,operator,Понимаю ваше недовольство. Зафиксирую обращение и передам его в работу.
Message::message_0fe48f721754,Message,client: Можно ли получить подтверждение после завершения опе...,C016,,,,,,,,,event_794b9a0f37b6,,2025-05-12,,,,,,,,,message_0fe48f721754,client,Можно ли получить подтверждение после завершения операции?
Message::message_0fe86be0ae26,Message,system: Системное уведомление: обращение зарегистрировано и ...,C048,,,,,,,,,event_67d6eb7a52e3,,2025-04-22,,,,,,,,,message_0fe86be0ae26,system,Системное уведомление: обращение зарегистрировано и связано с продуктом «Инвестиционный счет».
Message::message_10566e3296da,Message,"client: Важно, чтобы решение было понятным и без скрытых усл...",C014,,,,,,,,,event_1a2b9226c415,,2024-08-18,,,,,,,,,message_10566e3296da,client,"Важно, чтобы решение было понятным и без скрытых условий."
Message::message_105fecd84914,Message,"client: После прошлой ситуации хочу понять, какие условия вы...",C009,,,,,,,,,event_ec4b7dab592d,,2025-03-25,,,,,,,,,message_105fecd84914,client,"После прошлой ситуации хочу понять, какие условия вы можете предложить."
Message::message_1093d7e70312,Message,operator: Я вижу историю клиента и учитываю этап «использовани...,C042,,,,,,,,,event_dc8caaca728d,,2025-01-01,,,,,,,,,message_1093d7e70312,operator,Я вижу историю клиента и учитываю этап «использование продукта».
Message::message_10a2873275bd,Message,"client: Уточните, пожалуйста, это повлияет на мои текущие пр...",C032,,,,,,,,,event_bd8bcd07b57e,,2025-01-23,,,,,,,,,message_10a2873275bd,client,"Уточните, пожалуйста, это повлияет на мои текущие продукты?"
Message::message_10c6d2f5bebf,Message,"client: Хочу оформить «Потребительский кредит». Подскажите, ...",C043,,,,,,,,,event_0b7edc594afd,,2025-03-23,,,,,,,,,message_10c6d2f5bebf,client,"Хочу оформить «Потребительский кредит». Подскажите, что нужно сделать."
Message::message_10d00e851267,Message,client: Меня зовут Рябов Мартын Бориславович. Прошу учесть м...,C008,,,,,,,,,event_a8f7a0d3ddb7,,2025-05-13,,,,,,,,,message_10d00e851267,client,Меня зовут Рябов Мартын Бориславович. Прошу учесть мой прошлый опыт и текущий продукт.
Message::message_10efc3eae15e,Message,client: Можно ли получить подтверждение после завершения опе...,C011,,,,,,,,,event_bf8e68242dbf,,2024-12-02,,,,,,,,,message_10efc3eae15e,client,Можно ли получить подтверждение после завершения операции?
Message::message_1199e3ae5cdd,Message,client: Мне удобнее продолжить общение через канал «чат».,C022,,,,,,,,,event_4e7ae3596ec3,,2024-11-13,,,,,,,,,message_1199e3ae5cdd,client,Мне удобнее продолжить общение через канал «чат».
Message::message_119afd62ee32,Message,client: Меня зовут Агата Анатольевна Рогова. Прошу учесть мо...,C048,,,,,,,,,event_c7b56b517d9e,,2025-04-11,,,,,,,,,message_119afd62ee32,client,Меня зовут Агата Анатольевна Рогова. Прошу учесть мой прошлый опыт и текущий продукт.
Message::message_11a5a3779038,Message,system: Системное уведомление: история взаимодействий клиент...,C042,,,,,,,,,event_656353341612,,2024-10-12,,,,,,,,,message_11a5a3779038,system,Системное уведомление: история взаимодействий клиента обновлена.
Message::message_11add80a670c,Message,operator: Сейчас проверю актуальные условия для выбранного про...,C025,,,,,,,,,event_441438e60397,,2024-09-13,,,,,,,,,message_11add80a670c,operator,Сейчас проверю актуальные условия для выбранного продукта.
Message::message_11c7b76a0af0,Message,"operator: Могу рассказать про тариф, лимиты, комиссии и порядо...",C042,,,,,,,,,event_8b3d4b34b894,,2024-11-18,,,,,,,,,message_11c7b76a0af0,operator,"Могу рассказать про тариф, лимиты, комиссии и порядок оформления."
Message::message_11df7e3aa020,Message,operator: Отправлю вам подтверждение и краткое резюме по теме ...,C010,,,,,,,,,event_4f871ce9f1bd,,2025-01-20,,,,,,,,,message_11df7e3aa020,operator,Отправлю вам подтверждение и краткое резюме по теме «жалоба на обслуживание».
Message::message_11fb6424a80c,Message,"operator: Мне жаль, что вы столкнулись с такой ситуацией. Я за...",C001,,,,,,,,,event_083e4c73eb20,,2025-05-30,,,,,,,,,message_11fb6424a80c,operator,"Мне жаль, что вы столкнулись с такой ситуацией. Я зарегистрирую жалобу."
Message::message_12157d9c58a3,Message,"client: После прошлой ситуации хочу понять, какие условия вы...",C046,,,,,,,,,event_79f856de5d3a,,2025-06-01,,,,,,,,,message_12157d9c58a3,client,"После прошлой ситуации хочу понять, какие условия вы можете предложить."
Message::message_125b11b51d94,Message,"client: Уточните, пожалуйста, это повлияет на мои текущие пр...",C011,,,,,,,,,event_b4e5147fcef4,,2024-11-06,,,,,,,,,message_125b11b51d94,client,"Уточните, пожалуйста, это повлияет на мои текущие продукты?"
Message::message_125dc0461796,Message,operator: По вашему обращению есть результат. Проблема закрыта...,C020,,,,,,,,,event_c9fd547bd8c3,,2024-11-18,,,,,,,,,message_125dc0461796,operator,"По вашему обращению есть результат. Проблема закрыта, данные обновлены."
Message::message_126e369cb71d,Message,system: Системное уведомление: клиенту присвоен статус обращ...,C006,,,,,,,,,event_cf43f0366792,,2024-12-08,,,,,,,,,message_126e369cb71d,system,Системное уведомление: клиенту присвоен статус обращения «lost».
Message::message_12bc1909077d,Message,"client: Не вижу смысла продолжать обслуживание, хочу заверши...",C027,,,,,,,,,event_9c644e806eb3,,2025-03-31,,,,,,,,,message_12bc1909077d,client,"Не вижу смысла продолжать обслуживание, хочу завершить отношения с банком."
Message::message_12caa64eff4f,Message,operator: Я вижу историю клиента и учитываю этап «вопрос в под...,C026,,,,,,,,,event_ac67b3c3aba8,,2024-12-22,,,,,,,,,message_12caa64eff4f,operator,Я вижу историю клиента и учитываю этап «вопрос в поддержку».
Message::message_12f0e48136ae,Message,client: Нужна помощь по продукту «Инвестиционный счет»: возн...,C048,,,,,,,,,event_c7b56b517d9e,,2025-04-11,,,,,,,,,message_12f0e48136ae,client,Нужна помощь по продукту «Инвестиционный счет»: возник вопрос «изменение персональных данных».
Message::message_139ae44894f7,Message,client: Можно ли получить подтверждение после завершения опе...,C017,,,,,,,,,event_604dc9f58779,,2025-01-30,,,,,,,,,message_139ae44894f7,client,Можно ли получить подтверждение после завершения операции?
Message::message_13bdcbb110a8,Message,operator: Я вижу историю клиента и учитываю этап «удержание».,C028,,,,,,,,,event_e346253f3775,,2025-03-04,,,,,,,,,message_13bdcbb110a8,operator,Я вижу историю клиента и учитываю этап «удержание».
Message::message_13c945e24d8c,Message,operator: Сейчас отвечу по тарифам и помогу выбрать следующий ...,C034,,,,,,,,,event_992265af59e7,,2025-01-08,,,,,,,,,message_13c945e24d8c,operator,Сейчас отвечу по тарифам и помогу выбрать следующий шаг.
Message::message_13eb74e42a30,Message,operator: Я зафиксировал вопрос и проверяю доступные действия.,C048,,,,,,,,,event_c7b56b517d9e,,2025-04-11,,,,,,,,,message_13eb74e42a30,operator,Я зафиксировал вопрос и проверяю доступные действия.
Message::message_140425a4d8dc,Message,client: Хочу оставить жалобу. По продукту «Накопительный сче...,C002,,,,,,,,,event_33213a837f9a,,2024-11-25,,,,,,,,,message_140425a4d8dc,client,Хочу оставить жалобу. По продукту «Накопительный счет» возникла неприятная ситуация.
Message::message_1423628579f7,Message,client: Меня зовут Прасковья Юльевна Лазарева. Прошу учесть ...,C035,,,,,,,,,event_0603c7fc1130,,2025-01-06,,,,,,,,,message_1423628579f7,client,Меня зовут Прасковья Юльевна Лазарева. Прошу учесть мой прошлый опыт и текущий продукт.
Message::message_143d05099866,Message,system: Системное уведомление: настроение обращения определе...,C015,,,,,,,,,event_780c95fa24f1,,2024-12-18,,,,,,,,,message_143d05099866,system,Системное уведомление: настроение обращения определено как «negative».
Message::message_14a9217cee37,Message,operator: Я зафиксировал обращение. Статус сейчас: completed.,C010,,,,,,,,,event_6517e3a01960,,2024-09-30,,,,,,,,,message_14a9217cee37,operator,Я зафиксировал обращение. Статус сейчас: completed.
Message::message_15baca0b4b10,Message,client: Меня зовут Зиновьева Валентина Тимофеевна. Прошу уче...,C002,,,,,,,,,event_1d9133db1e58,,2024-12-30,,,,,,,,,message_15baca0b4b10,client,Меня зовут Зиновьева Валентина Тимофеевна. Прошу учесть мой прошлый опыт и текущий продукт.
Message::message_15e597b6c1ab,Message,system: Системное уведомление: история взаимодействий клиент...,C001,,,,,,,,,event_8c29135abac0,,2025-02-24,,,,,,,,,message_15e597b6c1ab,system,Системное уведомление: история взаимодействий клиента обновлена.
Message::message_1642dd0db235,Message,system: Системное уведомление: настроение обращения определе...,C036,,,,,,,,,event_f74ea6506987,,2024-09-29,,,,,,,,,message_1642dd0db235,system,Системное уведомление: настроение обращения определено как «positive».
Message::message_1653397e3083,Message,"client: Помогите разобраться, подойдет ли мне «Инвестиционны...",C010,,,,,,,,,event_8b188eea9d21,,2024-11-14,,,,,,,,,message_1653397e3083,client,"Помогите разобраться, подойдет ли мне «Инвестиционный счет»."
Message::message_1653f18031a7,Message,operator: Отправлю вам подтверждение и краткое резюме по теме ...,C047,,,,,,,,,event_40ec4ea8ce5f,,2024-12-01,,,,,,,,,message_1653f18031a7,operator,Отправлю вам подтверждение и краткое резюме по теме «консультация по тарифам».
Message::message_16f9bf7eb123,Message,operator: Отправлю вам подтверждение и краткое резюме по теме ...,C011,,,,,,,,,event_a172b5c9ad5c,,2025-02-24,,,,,,,,,message_16f9bf7eb123,operator,Отправлю вам подтверждение и краткое резюме по теме «условия продукта».
Message::message_17137344c8b1,Message,"client: Хочу оформить «Потребительский кредит». Подскажите, ...",C014,,,,,,,,,event_cb8713269890,,2024-10-11,,,,,,,,,message_17137344c8b1,client,"Хочу оформить «Потребительский кредит». Подскажите, что нужно сделать."
Message::message_174bbf8c12ea,Message,client: Меня зовут Алина Робертовна Белякова. Прошу учесть м...,C010,,,,,,,,,event_d768c0c7f4ab,,2024-10-24,,,,,,,,,message_174bbf8c12ea,client,Меня зовут Алина Робертовна Белякова. Прошу учесть мой прошлый опыт и текущий продукт.
Message::message_17b40d1a6717,Message,system: Системное уведомление: история взаимодействий клиент...,C017,,,,,,,,,event_604dc9f58779,,2025-01-30,,,,,,,,,message_17b40d1a6717,system,Системное уведомление: история взаимодействий клиента обновлена.
Message::message_17c763f98b93,Message,operator: Отправлю вам подтверждение и краткое резюме по теме ...,C030,,,,,,,,,event_d4148e149005,,2025-06-25,,,,,,,,,message_17c763f98b93,operator,Отправлю вам подтверждение и краткое резюме по теме «комиссия».
Message::message_17fbd20d6451,Message,client: Меня зовут Казакова Евфросиния Ивановна. Прошу учест...,C016,,,,,,,,,event_1cd9e5524c45,,2025-03-03,,,,,,,,,message_17fbd20d6451,client,Меня зовут Казакова Евфросиния Ивановна. Прошу учесть мой прошлый опыт и текущий продукт.
Message::message_184dd7b790bf,Message,operator: Сейчас оформим завершение обслуживания и подтвердим ...,C019,,,,,,,,,event_852b55ae8ff6,,2024-08-30,,,,,,,,,message_184dd7b790bf,operator,Сейчас оформим завершение обслуживания и подтвердим финальный статус.
Message::message_18b7edc49d81,Message,"client: После прошлой ситуации хочу понять, какие условия вы...",C028,,,,,,,,,event_e346253f3775,,2025-03-04,,,,,,,,,message_18b7edc49d81,client,"После прошлой ситуации хочу понять, какие условия вы можете предложить."
Message::message_18d1dd391efc,Message,"operator: Рада, что вы вернулись. Проверю доступные условия дл...",C011,,,,,,,,,event_28f0d477a5e4,,2025-05-25,,,,,,,,,message_18d1dd391efc,operator,"Рада, что вы вернулись. Проверю доступные условия для нового продукта."
Message::message_18fd641ed8c3,Message,"operator: Проверила статус: решение уже применено, сейчас объя...",C036,,,,,,,,,event_169ee995e6d1,,2025-04-08,,,,,,,,,message_18fd641ed8c3,operator,"Проверила статус: решение уже применено, сейчас объясню детали."
Message::message_1913cbd39643,Message,"client: Ситуация по теме «техническая ошибка» затянулась, ну...",C015,,,,,,,,,event_780c95fa24f1,,2024-12-18,,,,,,,,,message_1913cbd39643,client,"Ситуация по теме «техническая ошибка» затянулась, нужна эскалация."
Message::message_19380cc22921,Message,"operator: Если появятся дополнительные вопросы, можно продолжи...",C036,,,,,,,,,event_f1d9a60c299d,,2024-09-07,,,,,,,,,message_19380cc22921,operator,"Если появятся дополнительные вопросы, можно продолжить диалог в этом же канале."
Message::message_197eac91e603,Message,system: Системное уведомление: настроение обращения определе...,C032,,,,,,,,,event_57dd986b4882,,2025-05-02,,,,,,,,,message_197eac91e603,system,Системное уведомление: настроение обращения определено как «neutral».
Message::message_19a175bff972,Message,client: Меня зовут Гордей Федосьевич Александров. Прошу учес...,C007,,,,,,,,,event_e45f9057a3b8,,2025-03-25,,,,,,,,,message_19a175bff972,client,Меня зовут Гордей Федосьевич Александров. Прошу учесть мой прошлый опыт и текущий продукт.
Message::message_19c1d764cdaa,Message,operator: Здравствуйте. Я помогу сориентироваться по условиям ...,C016,,,,,,,,,event_ba3263fb68e2,,2025-01-08,,,,,,,,,message_19c1d764cdaa,operator,Здравствуйте. Я помогу сориентироваться по условиям и ограничениям.
Message::message_19dd0683bc0c,Message,operator: Отправлю вам подтверждение и краткое резюме по теме ...,C046,,,,,,,,,event_4c0c79e2b2bb,,2024-11-19,,,,,,,,,message_19dd0683bc0c,operator,Отправлю вам подтверждение и краткое резюме по теме «условия продукта».
Message::message_19e14ae1b1a7,Message,"client: Важно, чтобы решение было понятным и без скрытых усл...",C047,,,,,,,,,event_abe212840fef,,2024-12-28,,,,,,,,,message_19e14ae1b1a7,client,"Важно, чтобы решение было понятным и без скрытых условий."
Message::message_1a44a5ce59e9,Message,operator: Я вижу историю клиента и учитываю этап «знакомство».,C036,,,,,,,,,event_d86bbedebbde,,2024-08-04,,,,,,,,,message_1a44a5ce59e9,operator,Я вижу историю клиента и учитываю этап «знакомство».
Message::message_1aef45a624cc,Message,system: Системное уведомление: настроение обращения определе...,C038,,,,,,,,,event_7d5785e0bf41,,2024-09-21,,,,,,,,,message_1aef45a624cc,system,Системное уведомление: настроение обращения определено как «positive».
Message::message_1b41f9c5cbab,Message,client: Я уже клиент банка и хочу оформить еще один продукт:...,C046,,,,,,,,,event_0199e3955865,,2025-06-29,,,,,,,,,message_1b41f9c5cbab,client,Я уже клиент банка и хочу оформить еще один продукт: «Страхование».
Message::message_1b53c4b5a6ed,Message,client: Меня зовут Радислав Валерианович Крылов. Прошу учест...,C046,,,,,,,,,event_dbee8fc7655a,,2025-03-14,,,,,,,,,message_1b53c4b5a6ed,client,Меня зовут Радислав Валерианович Крылов. Прошу учесть мой прошлый опыт и текущий продукт.
Message::message_1bd6f7fc661e,Message,operator: Я вижу историю клиента и учитываю этап «уход клиента».,C006,,,,,,,,,event_cf43f0366792,,2024-12-08,,,,,,,,,message_1bd6f7fc661e,operator,Я вижу историю клиента и учитываю этап «уход клиента».
Message::message_1bf85b83d91e,Message,system: Системное уведомление: история взаимодействий клиент...,C030,,,,,,,,,event_72d3ee9df974,,2025-03-30,,,,,,,,,message_1bf85b83d91e,system,Системное уведомление: история взаимодействий клиента обновлена.
Message::message_1c16d7c9c80f,Message,client: Можно ли получить подтверждение после завершения опе...,C028,,,,,,,,,event_1b8c0b245bc3,,2024-11-21,,,,,,,,,message_1c16d7c9c80f,client,Можно ли получить подтверждение после завершения операции?
Message::message_1c21fdcaaea8,Message,operator: Я зафиксировал обращение. Статус сейчас: completed.,C016,,,,,,,,,event_1cd9e5524c45,,2025-03-03,,,,,,,,,message_1c21fdcaaea8,operator,Я зафиксировал обращение. Статус сейчас: completed.
Message::message_1c2a89a657a2,Message,client: Меня зовут Виноградов Аникита Давыдович. Прошу учест...,C013,,,,,,,,,event_f4e9f24b357b,,2024-11-15,,,,,,,,,message_1c2a89a657a2,client,Меня зовут Виноградов Аникита Давыдович. Прошу учесть мой прошлый опыт и текущий продукт.
Message::message_1c4896d9c687,Message,operator: Могу предложить индивидуальные условия и контроль сл...,C028,,,,,,,,,event_e346253f3775,,2025-03-04,,,,,,,,,message_1c4896d9c687,operator,Могу предложить индивидуальные условия и контроль следующего обращения.
Message::message_1c6848105ab5,Message,system: Системное уведомление: настроение обращения определе...,C008,,,,,,,,,event_a8f7a0d3ddb7,,2025-05-13,,,,,,,,,message_1c6848105ab5,system,Системное уведомление: настроение обращения определено как «neutral».
Message::message_1c90a4556a0c,Message,"client: Подскажите, пожалуйста, как правильно действовать по...",C022,,,,,,,,,event_1e79f3245984,,2024-09-21,,,,,,,,,message_1c90a4556a0c,client,"Подскажите, пожалуйста, как правильно действовать по теме «комиссия»."
Message::message_1cb67de5968f,Message,operator: Я зафиксировал обращение. Статус сейчас: resolved.,C001,,,,,,,,,event_9574cad4294c,,2025-05-15,,,,,,,,,message_1cb67de5968f,operator,Я зафиксировал обращение. Статус сейчас: resolved.
Message::message_1ccc0a3752fa,Message,"operator: Добрый день. Сейчас поясню, как устроен продукт и ка...",C023,,,,,,,,,event_005dbb194333,,2024-12-06,,,,,,,,,message_1ccc0a3752fa,operator,"Добрый день. Сейчас поясню, как устроен продукт и какие шаги нужны."
Message::message_1d011a0a78c8,Message,client: Можно ли получить подтверждение после завершения опе...,C047,,,,,,,,,event_817cdf84ce45,,2025-03-17,,,,,,,,,message_1d011a0a78c8,client,Можно ли получить подтверждение после завершения операции?
Message::message_1d5889a31b7f,Message,system: Системное уведомление: история взаимодействий клиент...,C012,,,,,,,,,event_92ec8a803166,,2025-01-30,,,,,,,,,message_1d5889a31b7f,system,Системное уведомление: история взаимодействий клиента обновлена.
Message::message_1d6b3dc789f9,Message,"operator: Рада, что вы вернулись. Проверю доступные условия дл...",C035,,,,,,,,,event_60c6aec57ebd,,2025-08-13,,,,,,,,,message_1d6b3dc789f9,operator,"Рада, что вы вернулись. Проверю доступные условия для нового продукта."
Message::message_1da208199014,Message,client: Я хочу понимать сроки и что будет происходить дальше.,C011,,,,,,,,,event_2ec6a02eb4ee,,2024-11-17,,,,,,,,,message_1da208199014,client,Я хочу понимать сроки и что будет происходить дальше.
Message::message_1de3edeb3dff,Message,operator: Я зафиксировал обращение. Статус сейчас: escalated.,C015,,,,,,,,,event_7d4967c62c86,,2025-08-13,,,,,,,,,message_1de3edeb3dff,operator,Я зафиксировал обращение. Статус сейчас: escalated.
Message::message_1dfbd6e33bfc,Message,"operator: По этому обращению указан статус «completed», оценка...",C049,,,,,,,,,event_942d32ad8213,,2024-12-29,,,,,,,,,message_1dfbd6e33bfc,operator,"По этому обращению указан статус «completed», оценка удовлетворенности будет учтена."
Message::message_1e012a64f7f5,Message,"operator: Могу рассказать про тариф, лимиты, комиссии и порядо...",C005,,,,,,,,,event_e29857fe2fc9,,2024-10-16,,,,,,,,,message_1e012a64f7f5,operator,"Могу рассказать про тариф, лимиты, комиссии и порядок оформления."
Message::message_1e5cffb164b2,Message,system: Системное уведомление: настроение обращения определе...,C042,,,,,,,,,event_fca8868fa5fe,,2025-04-10,,,,,,,,,message_1e5cffb164b2,system,Системное уведомление: настроение обращения определено как «positive».
Message::message_1e673e8d5577,Message,system: Системное уведомление: настроение обращения определе...,C029,,,,,,,,,event_fe68a434f384,,2024-08-21,,,,,,,,,message_1e673e8d5577,system,Системное уведомление: настроение обращения определено как «neutral».
Message::message_1e91aa19a95a,Message,system: Системное уведомление: обращение зарегистрировано и ...,C005,,,,,,,,,event_a05b43d094d4,,2024-11-25,,,,,,,,,message_1e91aa19a95a,system,Системное уведомление: обращение зарегистрировано и связано с продуктом «Инвестиционный счет».
Message::message_1e939b1228db,Message,client: Меня зовут Таисия Викторовна Белоусова. Прошу учесть...,C042,,,,,,,,,event_dc8caaca728d,,2025-01-01,,,,,,,,,message_1e939b1228db,client,Меня зовут Таисия Викторовна Белоусова. Прошу учесть мой прошлый опыт и текущий продукт.
Message::message_1ea660b31830,Message,client: Пользуюсь продуктом «Накопительный счет» и хочу уточ...,C009,,,,,,,,,event_fe437fd3e3d4,,2024-11-20,,,,,,,,,message_1ea660b31830,client,Пользуюсь продуктом «Накопительный счет» и хочу уточнить вопрос: изменение персональных данных.
Message::message_1ea7efabbf69,Message,operator: Я зафиксировал обращение. Статус сейчас: resolved.,C046,,,,,,,,,event_dbee8fc7655a,,2025-03-14,,,,,,,,,message_1ea7efabbf69,operator,Я зафиксировал обращение. Статус сейчас: resolved.
Message::message_1eb3948c8c76,Message,system: Системное уведомление: тема обращения классифицирова...,C049,,,,,,,,,event_30f7917b9982,,2025-01-29,,,,,,,,,message_1eb3948c8c76,system,Системное уведомление: тема обращения классифицирована как «комиссия».
Message::message_1f4ebd013c02,Message,"operator: Если появятся дополнительные вопросы, можно продолжи...",C015,,,,,,,,,event_c66fbad9f077,,2025-04-16,,,,,,,,,message_1f4ebd013c02,operator,"Если появятся дополнительные вопросы, можно продолжить диалог в этом же канале."
Message::message_1f577ab3a2af,Message,client: Меня зовут Таисия Викторовна Белоусова. Прошу учесть...,C042,,,,,,,,,event_fca8868fa5fe,,2025-04-10,,,,,,,,,message_1f577ab3a2af,client,Меня зовут Таисия Викторовна Белоусова. Прошу учесть мой прошлый опыт и текущий продукт.
Message::message_1fc090ef2b97,Message,system: Системное уведомление: настроение обращения определе...,C048,,,,,,,,,event_dd28fbb40f25,,2024-12-28,,,,,,,,,message_1fc090ef2b97,system,Системное уведомление: настроение обращения определено как «positive».
Message::message_20ae18390c22,Message,system: Системное уведомление: тема обращения классифицирова...,C020,,,,,,,,,event_c9fd547bd8c3,,2024-11-18,,,,,,,,,message_20ae18390c22,system,Системное уведомление: тема обращения классифицирована как «возврат средств».
Message::message_2105e961af1e,Message,operator: Отправлю вам подтверждение и краткое резюме по теме ...,C015,,,,,,,,,event_d4d88008ca4d,,2025-01-27,,,,,,,,,message_2105e961af1e,operator,Отправлю вам подтверждение и краткое резюме по теме «техническая ошибка».
Message::message_215e0f4840f9,Message,operator: Я вижу историю клиента и учитываю этап «использовани...,C001,,,,,,,,,event_27771ad1ae68,,2024-12-11,,,,,,,,,message_215e0f4840f9,operator,Я вижу историю клиента и учитываю этап «использование продукта».
Message::message_217be1d84e0b,Message,client: Добрый день. Я впервые обращаюсь в банк и хочу узнат...,C030,,,,,,,,,event_f8b3d29dfbdd,,2025-01-23,,,,,,,,,message_217be1d84e0b,client,Добрый день. Я впервые обращаюсь в банк и хочу узнать про «Инвестиционный счет».
Message::message_21a83f6633bb,Message,system: Системное уведомление: тема обращения классифицирова...,C002,,,,,,,,,event_240a45d6b2a1,,2025-01-19,,,,,,,,,message_21a83f6633bb,system,Системное уведомление: тема обращения классифицирована как «возврат средств».
Message::message_21c313530223,Message,system: Системное уведомление: настроение обращения определе...,C041,,,,,,,,,event_b3954eeca9e2,,2024-11-16,,,,,,,,,message_21c313530223,system,Системное уведомление: настроение обращения определено как «negative».
Message::message_21c637e9bf32,Message,system: Системное уведомление: настроение обращения определе...,C034,,,,,,,,,event_9123926b3608,,2024-09-28,,,,,,,,,message_21c637e9bf32,system,Системное уведомление: настроение обращения определено как «neutral».
Message::message_21d49a265f6e,Message,"operator: Если появятся дополнительные вопросы, можно продолжи...",C042,,,,,,,,,event_8b3d4b34b894,,2024-11-18,,,,,,,,,message_21d49a265f6e,operator,"Если появятся дополнительные вопросы, можно продолжить диалог в этом же канале."
Message::message_222aa193d541,Message,"operator: По этому обращению указан статус «completed», оценка...",C011,,,,,,,,,event_9c0778bd1c34,,2025-02-04,,,,,,,,,message_222aa193d541,operator,"По этому обращению указан статус «completed», оценка удовлетворенности будет учтена."
Message::message_22567d8dfc7a,Message,"operator: Информация передана в работу, ориентировочный срок р...",C034,,,,,,,,,event_e059a5856228,,2024-10-25,,,,,,,,,message_22567d8dfc7a,operator,"Информация передана в работу, ориентировочный срок решения зависит от проверки."
Message::message_22644d8e183c,Message,system: Системное уведомление: настроение обращения определе...,C029,,,,,,,,,event_8c9b8b24a51c,,2024-09-28,,,,,,,,,message_22644d8e183c,system,Системное уведомление: настроение обращения определено как «negative».
Message::message_226d37d71bac,Message,system: Системное уведомление: настроение обращения определе...,C016,,,,,,,,,event_8cdb82c9630e,,2025-06-16,,,,,,,,,message_226d37d71bac,system,Системное уведомление: настроение обращения определено как «negative».
Message::message_22744aac7be3,Message,system: Системное уведомление: настроение обращения определе...,C024,,,,,,,,,event_4a37e700a4c3,,2025-01-05,,,,,,,,,message_22744aac7be3,system,Системное уведомление: настроение обращения определено как «negative».
Message::message_22a4cf5afc47,Message,operator: Понимаю. Сейчас проверю обращение и предложу решение.,C030,,,,,,,,,event_709479fb7e8e,,2025-08-08,,,,,,,,,message_22a4cf5afc47,operator,Понимаю. Сейчас проверю обращение и предложу решение.
Message::message_22b8e426054b,Message,client: Я недоволен ситуацией по продукту «Накопительный сче...,C028,,,,,,,,,event_1b8c0b245bc3,,2024-11-21,,,,,,,,,message_22b8e426054b,client,Я недоволен ситуацией по продукту «Накопительный счет». Проблема: комиссия.
Message::message_232ba4eee75e,Message,"operator: Если появятся дополнительные вопросы, можно продолжи...",C015,,,,,,,,,event_37a69ac0b0a6,,2025-05-30,,,,,,,,,message_232ba4eee75e,operator,"Если появятся дополнительные вопросы, можно продолжить диалог в этом же канале."
Message::message_2348acdfea09,Message,client: Мне удобнее продолжить общение через канал «чат».,C038,,,,,,,,,event_0675734700e1,,2024-11-12,,,,,,,,,message_2348acdfea09,client,Мне удобнее продолжить общение через канал «чат».
Message::message_235795ff8802,Message,"operator: Информация передана в работу, ориентировочный срок р...",C010,,,,,,,,,event_d71ea6919cd3,,2024-11-23,,,,,,,,,message_235795ff8802,operator,"Информация передана в работу, ориентировочный срок решения зависит от проверки."
Message::message_237729f6f9fb,Message,system: Системное уведомление: настроение обращения определе...,C035,,,,,,,,,event_0603c7fc1130,,2025-01-06,,,,,,,,,message_237729f6f9fb,system,Системное уведомление: настроение обращения определено как «positive».
Message::message_23f44f4df40b,Message,client: Меня зовут Сысоева Валентина Кузьминична. Прошу учес...,C034,,,,,,,,,event_a19379081937,,2024-12-01,,,,,,,,,message_23f44f4df40b,client,Меня зовут Сысоева Валентина Кузьминична. Прошу учесть мой прошлый опыт и текущий продукт.
Message::message_23f6a9374ca7,Message,system: Системное уведомление: история взаимодействий клиент...,C012,,,,,,,,,event_3163dbb1dd58,,2024-10-06,,,,,,,,,message_23f6a9374ca7,system,Системное уведомление: история взаимодействий клиента обновлена.
Message::message_244efc0d8279,Message,operator: Я зафиксировал обращение. Статус сейчас: completed.,C005,,,,,,,,,event_a05b43d094d4,,2024-11-25,,,,,,,,,message_244efc0d8279,operator,Я зафиксировал обращение. Статус сейчас: completed.
Message::message_24a8c07bc140,Message,system: Системное уведомление: настроение обращения определе...,C038,,,,,,,,,event_0675734700e1,,2024-11-12,,,,,,,,,message_24a8c07bc140,system,Системное уведомление: настроение обращения определено как «neutral».
Message::message_24f952ba7925,Message,"operator: Проверила статус: решение уже применено, сейчас объя...",C015,,,,,,,,,event_d4d88008ca4d,,2025-01-27,,,,,,,,,message_24f952ba7925,operator,"Проверила статус: решение уже применено, сейчас объясню детали."
Message::message_2521d7e97d7d,Message,client: Меня зовут Кудрявцева Раиса Святославовна. Прошу уче...,C026,,,,,,,,,event_ac67b3c3aba8,,2024-12-22,,,,,,,,,message_2521d7e97d7d,client,Меня зовут Кудрявцева Раиса Святославовна. Прошу учесть мой прошлый опыт и текущий продукт.
Message::message_252d14d781f4,Message,operator: Сейчас проверю информацию по продукту и объясню поря...,C042,,,,,,,,,event_fca8868fa5fe,,2025-04-10,,,,,,,,,message_252d14d781f4,operator,Сейчас проверю информацию по продукту и объясню порядок действий.
Message::message_254ae0f7ca1b,Message,client: Прошу передать обращение старшему специалисту. Вопро...,C001,,,,,,,,,event_8c29135abac0,,2025-02-24,,,,,,,,,message_254ae0f7ca1b,client,Прошу передать обращение старшему специалисту. Вопрос по «Страхование» не решен.
Message::message_2570167bada7,Message,system: Системное уведомление: тема обращения классифицирова...,C011,,,,,,,,,event_bf8e68242dbf,,2024-12-02,,,,,,,,,message_2570167bada7,system,Системное уведомление: тема обращения классифицирована как «условия продукта».
Message::message_25708bfddc7a,Message,client: Я хочу понимать сроки и что будет происходить дальше.,C039,,,,,,,,,event_68fa4b037b07,,2024-12-13,,,,,,,,,message_25708bfddc7a,client,Я хочу понимать сроки и что будет происходить дальше.
Message::message_259b4c4ba60a,Message,"client: Важно, чтобы решение было понятным и без скрытых усл...",C032,,,,,,,,,event_f1e9d659c730,,2025-01-07,,,,,,,,,message_259b4c4ba60a,client,"Важно, чтобы решение было понятным и без скрытых условий."
Message::message_26081b37bb0f,Message,operator: Я вижу историю клиента и учитываю этап «повторная по...,C046,,,,,,,,,event_0199e3955865,,2025-06-29,,,,,,,,,message_26081b37bb0f,operator,Я вижу историю клиента и учитываю этап «повторная покупка».
Message::message_26370eb7ce49,Message,"operator: Если появятся дополнительные вопросы, можно продолжи...",C036,,,,,,,,,event_f74ea6506987,,2024-09-29,,,,,,,,,message_26370eb7ce49,operator,"Если появятся дополнительные вопросы, можно продолжить диалог в этом же канале."
Message::message_26392e40053d,Message,"operator: Я уточню параметры и объясню, какой вариант подойдет...",C042,,,,,,,,,event_668716fa5460,,2025-02-08,,,,,,,,,message_26392e40053d,operator,"Я уточню параметры и объясню, какой вариант подойдет лучше."
Message::message_267cc179da60,Message,client: Меня зовут Стрелкова Марина Артемовна. Прошу учесть ...,C011,,,,,,,,,event_31297d57fdf6,,2024-10-07,,,,,,,,,message_267cc179da60,client,Меня зовут Стрелкова Марина Артемовна. Прошу учесть мой прошлый опыт и текущий продукт.
Message::message_2686b4e1ccab,Message,system: Системное уведомление: настроение обращения определе...,C016,,,,,,,,,event_ba3263fb68e2,,2025-01-08,,,,,,,,,message_2686b4e1ccab,system,Системное уведомление: настроение обращения определено как «neutral».
Message::message_26aacd7e91dd,Message,"operator: Отлично, я помогу оформить заявку и проверю необходи...",C042,,,,,,,,,event_fe07231b16b9,,2024-12-04,,,,,,,,,message_26aacd7e91dd,operator,"Отлично, я помогу оформить заявку и проверю необходимые данные."
Message::message_26c6d6a45ab4,Message,operator: Давайте посмотрим детали операции и найдем ответ.,C042,,,,,,,,,event_dc8caaca728d,,2025-01-01,,,,,,,,,message_26c6d6a45ab4,operator,Давайте посмотрим детали операции и найдем ответ.
Message::message_271fc283a3d1,Message,client: Проверяю статус проблемы по продукту «Страхование». ...,C030,,,,,,,,,event_63d733506b6a,,2025-08-21,,,,,,,,,message_271fc283a3d1,client,Проверяю статус проблемы по продукту «Страхование». Есть ли решение?
Message::message_2754208e2f7a,Message,client: Я принял решение оформить «Страхование». Помогите за...,C030,,,,,,,,,event_72d3ee9df974,,2025-03-30,,,,,,,,,message_2754208e2f7a,client,Я принял решение оформить «Страхование». Помогите завершить заявку.
Message::message_27a07f2dfa2d,Message,client: Меня зовут Аскольд Власович Лукин. Прошу учесть мой ...,C017,,,,,,,,,event_37ab80f3e370,,2025-07-24,,,,,,,,,message_27a07f2dfa2d,client,Меня зовут Аскольд Власович Лукин. Прошу учесть мой прошлый опыт и текущий продукт.
Message::message_27c8d35100a9,Message,operator: Я зафиксировал вопрос и проверяю доступные действия.,C017,,,,,,,,,event_5c5c58e9eb46,,2025-03-26,,,,,,,,,message_27c8d35100a9,operator,Я зафиксировал вопрос и проверяю доступные действия.
Message::message_280480dccff2,Message,operator: Эскалация оформлена. Специалист проверит историю обр...,C002,,,,,,,,,event_1d9133db1e58,,2024-12-30,,,,,,,,,message_280480dccff2,operator,Эскалация оформлена. Специалист проверит историю обращений.
Message::message_281fb4f549b8,Message,system: Системное уведомление: настроение обращения определе...,C012,,,,,,,,,event_a20ffd583ad5,,2024-11-14,,,,,,,,,message_281fb4f549b8,system,Системное уведомление: настроение обращения определено как «negative».
Message::message_2892975d707d,Message,operator: Давайте оформим дополнительный продукт и учтем ваш т...,C017,,,,,,,,,event_6e0f45cec684,,2025-06-18,,,,,,,,,message_2892975d707d,operator,Давайте оформим дополнительный продукт и учтем ваш текущий профиль.
Message::message_290e390cf559,Message,system: Системное уведомление: тема обращения классифицирова...,C011,,,,,,,,,event_b4e5147fcef4,,2024-11-06,,,,,,,,,message_290e390cf559,system,Системное уведомление: тема обращения классифицирована как «повышение лимита».
Message::message_2940850524be,Message,operator: Я вижу историю клиента и учитываю этап «использовани...,C014,,,,,,,,,event_724d42d1789c,,2024-11-01,,,,,,,,,message_2940850524be,operator,Я вижу историю клиента и учитываю этап «использование продукта».
Message::message_2997287d5d02,Message,system: Системное уведомление: настроение обращения определе...,C045,,,,,,,,,event_05228b6dd178,,2024-11-23,,,,,,,,,message_2997287d5d02,system,Системное уведомление: настроение обращения определено как «neutral».
Message::message_299ec6997421,Message,operator: Я вижу историю клиента и учитываю этап «использовани...,C030,,,,,,,,,event_154df8b52a04,,2025-04-21,,,,,,,,,message_299ec6997421,operator,Я вижу историю клиента и учитываю этап «использование продукта».
Message::message_29be2aceac98,Message,client: Я уже клиент банка и хочу оформить еще один продукт:...,C028,,,,,,,,,event_4c40be4187ce,,2025-03-21,,,,,,,,,message_29be2aceac98,client,Я уже клиент банка и хочу оформить еще один продукт: «Страхование».
Message::message_29d11e6ca830,Message,operator: Я вижу историю клиента и учитываю этап «вопрос в под...,C048,,,,,,,,,event_c7b56b517d9e,,2025-04-11,,,,,,,,,message_29d11e6ca830,operator,Я вижу историю клиента и учитываю этап «вопрос в поддержку».
Message::message_29d85b8c2787,Message,"client: Подскажите, пожалуйста, как правильно действовать по...",C020,,,,,,,,,event_7cf6fe1f85ab,,2024-08-21,,,,,,,,,message_29d85b8c2787,client,"Подскажите, пожалуйста, как правильно действовать по теме «комиссия»."
Message::message_29eeb28a584a,Message,client: Я принял решение оформить «Потребительский кредит». ...,C048,,,,,,,,,event_89f58a9c303d,,2025-03-01,,,,,,,,,message_29eeb28a584a,client,Я принял решение оформить «Потребительский кредит». Помогите завершить заявку.
Message::message_29eee1585556,Message,operator: Я вижу историю клиента и учитываю этап «жалоба».,C021,,,,,,,,,event_fac32dcf828f,,2024-09-04,,,,,,,,,message_29eee1585556,operator,Я вижу историю клиента и учитываю этап «жалоба».
Message::message_2a15557aa86f,Message,client: Можно ли получить подтверждение после завершения опе...,C047,,,,,,,,,event_0be825338bf1,,2025-02-10,,,,,,,,,message_2a15557aa86f,client,Можно ли получить подтверждение после завершения операции?
Message::message_2a3965be1dab,Message,"client: Важно, чтобы решение было понятным и без скрытых усл...",C033,,,,,,,,,event_7ba092af714b,,2024-11-16,,,,,,,,,message_2a3965be1dab,client,"Важно, чтобы решение было понятным и без скрытых условий."
Message::message_2a89f03f439c,Message,"client: Важно, чтобы решение было понятным и без скрытых усл...",C015,,,,,,,,,event_d4d88008ca4d,,2025-01-27,,,,,,,,,message_2a89f03f439c,client,"Важно, чтобы решение было понятным и без скрытых условий."
Message::message_2ab5bd23168c,Message,system: Системное уведомление: клиенту присвоен статус обращ...,C036,,,,,,,,,event_169ee995e6d1,,2025-04-08,,,,,,,,,message_2ab5bd23168c,system,Системное уведомление: клиенту присвоен статус обращения «resolved».
Message::message_2ac1415684ab,Message,operator: Я вижу историю клиента и учитываю этап «покупка».,C010,,,,,,,,,event_d71ea6919cd3,,2024-11-23,,,,,,,,,message_2ac1415684ab,operator,Я вижу историю клиента и учитываю этап «покупка».
Message::message_2b145ed6c5f0,Message,"operator: Конечно, давайте разберем условия и возможные ограни...",C010,,,,,,,,,event_8b188eea9d21,,2024-11-14,,,,,,,,,message_2b145ed6c5f0,operator,"Конечно, давайте разберем условия и возможные ограничения."
Message::message_2b99aa6ac2c5,Message,"operator: По этому обращению указан статус «completed», оценка...",C018,,,,,,,,,event_e6cce9adca42,,2024-11-24,,,,,,,,,message_2b99aa6ac2c5,operator,"По этому обращению указан статус «completed», оценка удовлетворенности будет учтена."
Message::message_2baff1860269,Message,client: Можно ли получить подтверждение после завершения опе...,C009,,,,,,,,,event_1b7ae55a4026,,2025-04-28,,,,,,,,,message_2baff1860269,client,Можно ли получить подтверждение после завершения операции?
Message::message_2bca9ac1d212,Message,client: Рассматриваю возможность продолжить пользоваться бан...,C032,,,,,,,,,event_57dd986b4882,,2025-05-02,,,,,,,,,message_2bca9ac1d212,client,Рассматриваю возможность продолжить пользоваться банком.
Message::message_2c01ac72ed4c,Message,operator: Понимаю ваше недовольство. Зафиксирую обращение и пе...,C008,,,,,,,,,event_993373bca03d,,2025-04-05,,,,,,,,,message_2c01ac72ed4c,operator,Понимаю ваше недовольство. Зафиксирую обращение и передам его в работу.
Message::message_2c0208628f7c,Message,client: Можно ли получить подтверждение после завершения опе...,C015,,,,,,,,,event_37a69ac0b0a6,,2025-05-30,,,,,,,,,message_2c0208628f7c,client,Можно ли получить подтверждение после завершения операции?
Message::message_2c20485957d9,Message,client: Можно ли получить подтверждение после завершения опе...,C035,,,,,,,,,event_c99facc16dd8,,2025-04-11,,,,,,,,,message_2c20485957d9,client,Можно ли получить подтверждение после завершения операции?
Message::message_2c267f977d9e,Message,client: Меня зовут Тарас Ааронович Моисеев. Прошу учесть мой...,C037,,,,,,,,,event_9061bb01cff7,,2024-09-12,,,,,,,,,message_2c267f977d9e,client,Меня зовут Тарас Ааронович Моисеев. Прошу учесть мой прошлый опыт и текущий продукт.
Message::message_2c48610c2aa8,Message,client: Мне удобнее продолжить общение через канал «чат».,C002,,,,,,,,,event_1d9133db1e58,,2024-12-30,,,,,,,,,message_2c48610c2aa8,client,Мне удобнее продолжить общение через канал «чат».
Message::message_2cd0f9ed9b4d,Message,client: Хочу оставить жалобу. По продукту «Кредитная карта» ...,C006,,,,,,,,,event_a90922b8c751,,2024-11-14,,,,,,,,,message_2cd0f9ed9b4d,client,Хочу оставить жалобу. По продукту «Кредитная карта» возникла неприятная ситуация.
Message::message_2cd9b94c2c0e,Message,operator: Я зафиксировал обращение. Статус сейчас: completed.,C032,,,,,,,,,event_f1e9d659c730,,2025-01-07,,,,,,,,,message_2cd9b94c2c0e,operator,Я зафиксировал обращение. Статус сейчас: completed.
Message::message_2d3e454d5459,Message,operator: Понимаю. Подключаю профильную команду для дополнител...,C009,,,,,,,,,event_afcbbd08ccc2,,2025-01-10,,,,,,,,,message_2d3e454d5459,operator,Понимаю. Подключаю профильную команду для дополнительной проверки.
Message::message_2d8caa997ac8,Message,client: Рассматриваю «Ипотека» и хочу уточнить условия перед...,C035,,,,,,,,,event_0603c7fc1130,,2025-01-06,,,,,,,,,message_2d8caa997ac8,client,Рассматриваю «Ипотека» и хочу уточнить условия перед оформлением.
Message::message_2d9cf3b6c5d9,Message,client: Я хочу понимать сроки и что будет происходить дальше.,C027,,,,,,,,,event_9c644e806eb3,,2025-03-31,,,,,,,,,message_2d9cf3b6c5d9,client,Я хочу понимать сроки и что будет происходить дальше.
Message::message_2db89ed42c44,Message,client: Хочу оставить жалобу. По продукту «Накопительный сче...,C039,,,,,,,,,event_7122f74f5916,,2024-10-14,,,,,,,,,message_2db89ed42c44,client,Хочу оставить жалобу. По продукту «Накопительный счет» возникла неприятная ситуация.
Message::message_2dd8629f5b90,Message,system: Системное уведомление: настроение обращения определе...,C027,,,,,,,,,event_1984bd2072f5,,2025-01-18,,,,,,,,,message_2dd8629f5b90,system,Системное уведомление: настроение обращения определено как «neutral».
Message::message_2e86f81eebf9,Message,client: Меня зовут Агата Анатольевна Рогова. Прошу учесть мо...,C048,,,,,,,,,event_e48895189837,,2025-03-14,,,,,,,,,message_2e86f81eebf9,client,Меня зовут Агата Анатольевна Рогова. Прошу учесть мой прошлый опыт и текущий продукт.
Message::message_2f3ccb4cf2d3,Message,operator: Я помогу разобраться с использованием продукта.,C022,,,,,,,,,event_1e79f3245984,,2024-09-21,,,,,,,,,message_2f3ccb4cf2d3,operator,Я помогу разобраться с использованием продукта.
Message::message_2f5048fd8871,Message,"operator: Если появятся дополнительные вопросы, можно продолжи...",C019,,,,,,,,,event_852b55ae8ff6,,2024-08-30,,,,,,,,,message_2f5048fd8871,operator,"Если появятся дополнительные вопросы, можно продолжить диалог в этом же канале."
Message::message_2f77adacaa3d,Message,system: Системное уведомление: настроение обращения определе...,C036,,,,,,,,,event_1e24bd1e959c,,2024-12-18,,,,,,,,,message_2f77adacaa3d,system,Системное уведомление: настроение обращения определено как «positive».
Message::message_2fd50ac94402,Message,"operator: Информация передана в работу, ориентировочный срок р...",C011,,,,,,,,,event_dee79f911a48,,2025-03-06,,,,,,,,,message_2fd50ac94402,operator,"Информация передана в работу, ориентировочный срок решения зависит от проверки."
Message::message_300434938447,Message,system: Системное уведомление: настроение обращения определе...,C046,,,,,,,,,event_0199e3955865,,2025-06-29,,,,,,,,,message_300434938447,system,Системное уведомление: настроение обращения определено как «positive».
Message::message_303702c9ff3c,Message,"operator: Рада, что вы вернулись. Проверю доступные условия дл...",C012,,,,,,,,,event_4e947e9a6033,,2025-03-02,,,,,,,,,message_303702c9ff3c,operator,"Рада, что вы вернулись. Проверю доступные условия для нового продукта."
Message::message_308ac98deae3,Message,client: Интересует дополнительный продукт «Инвестиционный сч...,C036,,,,,,,,,event_1e24bd1e959c,,2024-12-18,,,,,,,,,message_308ac98deae3,client,Интересует дополнительный продукт «Инвестиционный счет». Расскажите про оформление.
Message::message_30bbca1930fd,Message,operator: Отправлю вам подтверждение и краткое резюме по теме ...,C015,,,,,,,,,event_be602d892628,,2025-02-16,,,,,,,,,message_30bbca1930fd,operator,Отправлю вам подтверждение и краткое резюме по теме «ошибка в приложении».
Message::message_312b4e9621af,Message,operator: Здравствуйте. Я помогу сориентироваться по условиям ...,C035,,,,,,,,,event_ee4f49a3b398,,2024-12-25,,,,,,,,,message_312b4e9621af,operator,Здравствуйте. Я помогу сориентироваться по условиям и ограничениям.
Message::message_319bc2abab01,Message,"client: Ситуация по теме «блокировка карты» затянулась, нужн...",C007,,,,,,,,,event_e45f9057a3b8,,2025-03-25,,,,,,,,,message_319bc2abab01,client,"Ситуация по теме «блокировка карты» затянулась, нужна эскалация."
Message::message_31da77aff0e8,Message,client: Меня зовут Лазарева София Николаевна. Прошу учесть м...,C005,,,,,,,,,event_e29857fe2fc9,,2024-10-16,,,,,,,,,message_31da77aff0e8,client,Меня зовут Лазарева София Николаевна. Прошу учесть мой прошлый опыт и текущий продукт.
Message::message_321c3cbd9e02,Message,"operator: Информация передана в работу, ориентировочный срок р...",C035,,,,,,,,,event_10c25891fbda,,2025-07-16,,,,,,,,,message_321c3cbd9e02,operator,"Информация передана в работу, ориентировочный срок решения зависит от проверки."
Message::message_3225e508a4b1,Message,"operator: По этому обращению указан статус «completed», оценка...",C010,,,,,,,,,event_d768c0c7f4ab,,2024-10-24,,,,,,,,,message_3225e508a4b1,operator,"По этому обращению указан статус «completed», оценка удовлетворенности будет учтена."
Message::message_3229af3e2f8c,Message,operator: Отправлю вам подтверждение и краткое резюме по теме ...,C046,,,,,,,,,event_e42e836c5490,,2025-01-30,,,,,,,,,message_3229af3e2f8c,operator,Отправлю вам подтверждение и краткое резюме по теме «условия продукта».
Message::message_3230b05ddd6e,Message,"operator: Если появятся дополнительные вопросы, можно продолжи...",C013,,,,,,,,,event_f4e9f24b357b,,2024-11-15,,,,,,,,,message_3230b05ddd6e,operator,"Если появятся дополнительные вопросы, можно продолжить диалог в этом же канале."
Message::message_325be24a6f75,Message,system: Системное уведомление: клиенту присвоен статус обращ...,C035,,,,,,,,,event_2eaeb68603d7,,2025-05-18,,,,,,,,,message_325be24a6f75,system,Системное уведомление: клиенту присвоен статус обращения «in_progress».
Message::message_32feb61e6110,Message,client: Меня зовут Алевтина Игоревна Николаева. Прошу учесть...,C001,,,,,,,,,event_083e4c73eb20,,2025-05-30,,,,,,,,,message_32feb61e6110,client,Меня зовут Алевтина Игоревна Николаева. Прошу учесть мой прошлый опыт и текущий продукт.
Message::message_339f0a0f18ad,Message,system: Системное уведомление: настроение обращения определе...,C011,,,,,,,,,event_28f0d477a5e4,,2025-05-25,,,,,,,,,message_339f0a0f18ad,system,Системное уведомление: настроение обращения определено как «positive».
Message::message_33bb1ae9d038,Message,operator: Я вижу историю клиента и учитываю этап «эскалация».,C002,,,,,,,,,event_1d9133db1e58,,2024-12-30,,,,,,,,,message_33bb1ae9d038,operator,Я вижу историю клиента и учитываю этап «эскалация».
Message::message_33c70b154aad,Message,system: Системное уведомление: настроение обращения определе...,C023,,,,,,,,,event_a122f25f71aa,,2025-01-20,,,,,,,,,message_33c70b154aad,system,Системное уведомление: настроение обращения определено как «positive».
Message::message_33ec34ee9b41,Message,client: Мне удобнее продолжить общение через канал «телефон».,C046,,,,,,,,,event_20d03315c9a3,,2024-12-14,,,,,,,,,message_33ec34ee9b41,client,Мне удобнее продолжить общение через канал «телефон».
Message::message_33f1ef315ec6,Message,"client: Важно, чтобы решение было понятным и без скрытых усл...",C046,,,,,,,,,event_0199e3955865,,2025-06-29,,,,,,,,,message_33f1ef315ec6,client,"Важно, чтобы решение было понятным и без скрытых условий."
Message::message_3484c7a3f32e,Message,client: Меня зовут Панфил Арсенович Блинов. Прошу учесть мой...,C028,,,,,,,,,event_047691e49e5e,,2024-12-25,,,,,,,,,message_3484c7a3f32e,client,Меня зовут Панфил Арсенович Блинов. Прошу учесть мой прошлый опыт и текущий продукт.
Message::message_34861da4e37f,Message,operator: Отправлю вам подтверждение и краткое резюме по теме ...,C039,,,,,,,,,event_7122f74f5916,,2024-10-14,,,,,,,,,message_34861da4e37f,operator,Отправлю вам подтверждение и краткое резюме по теме «блокировка карты».
Message::message_34c594688f7e,Message,"operator: Информация передана в работу, ориентировочный срок р...",C041,,,,,,,,,event_018ef199ad16,,2025-01-02,,,,,,,,,message_34c594688f7e,operator,"Информация передана в работу, ориентировочный срок решения зависит от проверки."
Message::message_34d3bdc7769c,Message,client: Меня зовут Стрелкова Марина Артемовна. Прошу учесть ...,C011,,,,,,,,,event_28f0d477a5e4,,2025-05-25,,,,,,,,,message_34d3bdc7769c,client,Меня зовут Стрелкова Марина Артемовна. Прошу учесть мой прошлый опыт и текущий продукт.
Message::message_350c4d9d4677,Message,system: Системное уведомление: настроение обращения определе...,C023,,,,,,,,,event_005dbb194333,,2024-12-06,,,,,,,,,message_350c4d9d4677,system,Системное уведомление: настроение обращения определено как «positive».
Message::message_3512780ecb91,Message,system: Системное уведомление: тема обращения классифицирова...,C047,,,,,,,,,event_abe212840fef,,2024-12-28,,,,,,,,,message_3512780ecb91,system,Системное уведомление: тема обращения классифицирована как «условия продукта».
Message::message_351afdd821d3,Message,client: Мне удобнее продолжить общение через канал «офис».,C017,,,,,,,,,event_6e0f45cec684,,2025-06-18,,,,,,,,,message_351afdd821d3,client,Мне удобнее продолжить общение через канал «офис».
Message::message_352ea3b88294,Message,"operator: Если появятся дополнительные вопросы, можно продолжи...",C044,,,,,,,,,event_912be879b778,,2025-01-27,,,,,,,,,message_352ea3b88294,operator,"Если появятся дополнительные вопросы, можно продолжить диалог в этом же канале."
Message::message_35386cc9f65d,Message,client: Мне удобнее продолжить общение через канал «email».,C043,,,,,,,,,event_05d3dff4256f,,2025-02-26,,,,,,,,,message_35386cc9f65d,client,Мне удобнее продолжить общение через канал «email».
Message::message_353ec357735c,Message,client: Интересует дополнительный продукт «Кредитная карта»....,C011,,,,,,,,,event_01e204b94ee1,,2025-04-20,,,,,,,,,message_353ec357735c,client,Интересует дополнительный продукт «Кредитная карта». Расскажите про оформление.
Message::message_3573f4f369ce,Message,"operator: Информация передана в работу, ориентировочный срок р...",C039,,,,,,,,,event_04b1ad977154,,2024-09-23,,,,,,,,,message_3573f4f369ce,operator,"Информация передана в работу, ориентировочный срок решения зависит от проверки."
Message::message_3574dcd882d4,Message,"operator: По этому обращению указан статус «escalated», оценка...",C012,,,,,,,,,event_3163dbb1dd58,,2024-10-06,,,,,,,,,message_3574dcd882d4,operator,"По этому обращению указан статус «escalated», оценка удовлетворенности будет учтена."
Message::message_359aa0005774,Message,operator: Здравствуйте. Расскажу основные условия и помогу выб...,C007,,,,,,,,,event_a12be4513720,,2025-01-09,,,,,,,,,message_359aa0005774,operator,Здравствуйте. Расскажу основные условия и помогу выбрать подходящий вариант.
Message::message_35fe07a124b1,Message,system: Системное уведомление: настроение обращения определе...,C012,,,,,,,,,event_3163dbb1dd58,,2024-10-06,,,,,,,,,message_35fe07a124b1,system,Системное уведомление: настроение обращения определено как «negative».
Message::message_361843554443,Message,operator: Запускаю процесс оформления. Я буду сопровождать вас...,C043,,,,,,,,,event_0b7edc594afd,,2025-03-23,,,,,,,,,message_361843554443,operator,Запускаю процесс оформления. Я буду сопровождать вас на каждом шаге.
Message::message_36400a8a10e3,Message,"client: Важно, чтобы решение было понятным и без скрытых усл...",C039,,,,,,,,,event_b081149bf60d,,2024-08-22,,,,,,,,,message_36400a8a10e3,client,"Важно, чтобы решение было понятным и без скрытых условий."
Message::message_365996a106b6,Message,"operator: Могу рассказать про тариф, лимиты, комиссии и порядо...",C011,,,,,,,,,event_b4e5147fcef4,,2024-11-06,,,,,,,,,message_365996a106b6,operator,"Могу рассказать про тариф, лимиты, комиссии и порядок оформления."
Message::message_36a6b194e201,Message,client: Меня зовут Матвеева Оксана Михайловна. Прошу учесть ...,C015,,,,,,,,,event_f01ad024543e,,2024-11-05,,,,,,,,,message_36a6b194e201,client,Меня зовут Матвеева Оксана Михайловна. Прошу учесть мой прошлый опыт и текущий продукт.
Message::message_36c7b493bfc8,Message,operator: Отправлю вам подтверждение и краткое резюме по теме ...,C011,,,,,,,,,event_31297d57fdf6,,2024-10-07,,,,,,,,,message_36c7b493bfc8,operator,Отправлю вам подтверждение и краткое резюме по теме «консультация по тарифам».
Message::message_36f8ac099e67,Message,operator: Я вижу историю клиента и учитываю этап «покупка».,C030,,,,,,,,,event_72d3ee9df974,,2025-03-30,,,,,,,,,message_36f8ac099e67,operator,Я вижу историю клиента и учитываю этап «покупка».
Message::message_3714c9732387,Message,client: Меня не устраивает качество обслуживания. Тема обращ...,C047,,,,,,,,,event_817cdf84ce45,,2025-03-17,,,,,,,,,message_3714c9732387,client,Меня не устраивает качество обслуживания. Тема обращения: возврат средств.
Message::message_37217fc558cc,Message,"operator: Информация передана в работу, ориентировочный срок р...",C011,,,,,,,,,event_b5990ddd8e29,,2025-01-02,,,,,,,,,message_37217fc558cc,operator,"Информация передана в работу, ориентировочный срок решения зависит от проверки."
Message::message_3786da2cb043,Message,"operator: Если появятся дополнительные вопросы, можно продолжи...",C015,,,,,,,,,event_52cf5a4db90a,,2025-06-16,,,,,,,,,message_3786da2cb043,operator,"Если появятся дополнительные вопросы, можно продолжить диалог в этом же канале."
Message::message_37b3bce00de9,Message,"client: Важно, чтобы решение было понятным и без скрытых усл...",C016,,,,,,,,,event_1eec34c9d6ac,,2025-02-06,,,,,,,,,message_37b3bce00de9,client,"Важно, чтобы решение было понятным и без скрытых условий."
Message::message_381ca45202fa,Message,"operator: Информация передана в работу, ориентировочный срок р...",C045,,,,,,,,,event_05228b6dd178,,2024-11-23,,,,,,,,,message_381ca45202fa,operator,"Информация передана в работу, ориентировочный срок решения зависит от проверки."
Message::message_3830bbb451c6,Message,system: Системное уведомление: клиенту присвоен статус обращ...,C005,,,,,,,,,event_793eb5cc3758,,2024-10-28,,,,,,,,,message_3830bbb451c6,system,Системное уведомление: клиенту присвоен статус обращения «completed».
Message::message_3846767551bc,Message,system: Системное уведомление: тема обращения классифицирова...,C038,,,,,,,,,event_7d5785e0bf41,,2024-09-21,,,,,,,,,message_3846767551bc,system,Системное уведомление: тема обращения классифицирована как «условия продукта».
Message::message_38a6bb0366aa,Message,operator: Понимаю. Сейчас проверю обращение и предложу решение.,C036,,,,,,,,,event_4ca460af6928,,2025-02-27,,,,,,,,,message_38a6bb0366aa,operator,Понимаю. Сейчас проверю обращение и предложу решение.
Message::message_3961c3b03424,Message,system: Системное уведомление: история взаимодействий клиент...,C016,,,,,,,,,event_1eec34c9d6ac,,2025-02-06,,,,,,,,,message_3961c3b03424,system,Системное уведомление: история взаимодействий клиента обновлена.
Message::message_39e1dc2a4341,Message,system: Системное уведомление: настроение обращения определе...,C038,,,,,,,,,event_c49c7657cd4b,,2024-09-03,,,,,,,,,message_39e1dc2a4341,system,Системное уведомление: настроение обращения определено как «negative».
Message::message_3a3341fc3ff4,Message,operator: Я вижу историю клиента и учитываю этап «уход клиента».,C045,,,,,,,,,event_290849618577,,2024-12-20,,,,,,,,,message_3a3341fc3ff4,operator,Я вижу историю клиента и учитываю этап «уход клиента».
Message::message_3a3a518c2c4c,Message,client: Мне удобнее продолжить общение через канал «чат».,C025,,,,,,,,,event_441438e60397,,2024-09-13,,,,,,,,,message_3a3a518c2c4c,client,Мне удобнее продолжить общение через канал «чат».
Message::message_3a82b5b37dde,Message,"operator: Если появятся дополнительные вопросы, можно продолжи...",C008,,,,,,,,,event_9b9f167c9e7e,,2024-12-25,,,,,,,,,message_3a82b5b37dde,operator,"Если появятся дополнительные вопросы, можно продолжить диалог в этом же канале."
Message::message_3a91eba1f08e,Message,client: Меня не устраивает качество обслуживания. Тема обращ...,C032,,,,,,,,,event_bd8bcd07b57e,,2025-01-23,,,,,,,,,message_3a91eba1f08e,client,Меня не устраивает качество обслуживания. Тема обращения: блокировка карты.
Message::message_3b7792d230bc,Message,"operator: Мы ценим, что вы готовы продолжить обслуживание. Пре...",C012,,,,,,,,,event_92ec8a803166,,2025-01-30,,,,,,,,,message_3b7792d230bc,operator,"Мы ценим, что вы готовы продолжить обслуживание. Предложу варианты удержания."
Message::message_3bd3ff0b3c02,Message,system: Системное уведомление: настроение обращения определе...,C047,,,,,,,,,event_0be825338bf1,,2025-02-10,,,,,,,,,message_3bd3ff0b3c02,system,Системное уведомление: настроение обращения определено как «neutral».
Message::message_3c0e1c69ff02,Message,"client: Важно, чтобы решение было понятным и без скрытых усл...",C038,,,,,,,,,event_c49c7657cd4b,,2024-09-03,,,,,,,,,message_3c0e1c69ff02,client,"Важно, чтобы решение было понятным и без скрытых условий."
Message::message_3c36db8dda22,Message,operator: Сейчас оформим завершение обслуживания и подтвердим ...,C049,,,,,,,,,event_3eaffd63f9b3,,2025-05-21,,,,,,,,,message_3c36db8dda22,operator,Сейчас оформим завершение обслуживания и подтвердим финальный статус.
Message::message_3c3f32c1b98c,Message,operator: Сейчас отвечу по тарифам и помогу выбрать следующий ...,C023,,,,,,,,,event_5b7c198b3863,,2025-02-15,,,,,,,,,message_3c3f32c1b98c,operator,Сейчас отвечу по тарифам и помогу выбрать следующий шаг.
Message::message_3c4371ee0796,Message,client: Рассматриваю возможность продолжить пользоваться бан...,C035,,,,,,,,,event_10c25891fbda,,2025-07-16,,,,,,,,,message_3c4371ee0796,client,Рассматриваю возможность продолжить пользоваться банком.
Message::message_3c476213fd23,Message,operator: Здравствуйте. Расскажу основные условия и помогу выб...,C025,,,,,,,,,event_8f387c590f91,,2024-08-09,,,,,,,,,message_3c476213fd23,operator,Здравствуйте. Расскажу основные условия и помогу выбрать подходящий вариант.
Message::message_3cad77d47912,Message,"operator: Информация передана в работу, ориентировочный срок р...",C042,,,,,,,,,event_fe07231b16b9,,2024-12-04,,,,,,,,,message_3cad77d47912,operator,"Информация передана в работу, ориентировочный срок решения зависит от проверки."
Message::message_3ccb2380f4d1,Message,client: Меня зовут Белов Мирон Изотович. Прошу учесть мой пр...,C009,,,,,,,,,event_afcbbd08ccc2,,2025-01-10,,,,,,,,,message_3ccb2380f4d1,client,Меня зовут Белов Мирон Изотович. Прошу учесть мой прошлый опыт и текущий продукт.
Message::message_3ce25f7f96bf,Message,client: Хочу сравнить условия по продукту «Кредитная карта» ...,C023,,,,,,,,,event_a122f25f71aa,,2025-01-20,,,,,,,,,message_3ce25f7f96bf,client,Хочу сравнить условия по продукту «Кредитная карта» с текущими вариантами.
Message::message_3d005507c668,Message,system: Системное уведомление: настроение обращения определе...,C002,,,,,,,,,event_33213a837f9a,,2024-11-25,,,,,,,,,message_3d005507c668,system,Системное уведомление: настроение обращения определено как «negative».
Message::message_3db02afd4528,Message,operator: Я вижу историю клиента и учитываю этап «использовани...,C017,,,,,,,,,event_37ab80f3e370,,2025-07-24,,,,,,,,,message_3db02afd4528,operator,Я вижу историю клиента и учитываю этап «использование продукта».
Message::message_3dd188313d9b,Message,client: Можно ли получить подтверждение после завершения опе...,C043,,,,,,,,,event_9ec728605a34,,2025-01-16,,,,,,,,,message_3dd188313d9b,client,Можно ли получить подтверждение после завершения операции?
Message::message_3df8873d4c9b,Message,"client: Подскажите, пожалуйста, как правильно действовать по...",C042,,,,,,,,,event_dc8caaca728d,,2025-01-01,,,,,,,,,message_3df8873d4c9b,client,"Подскажите, пожалуйста, как правильно действовать по теме «условия продукта»."
Message::message_3e68ab7af303,Message,client: Добрый день. Я впервые обращаюсь в банк и хочу узнат...,C026,,,,,,,,,event_16c059d72069,,2024-11-10,,,,,,,,,message_3e68ab7af303,client,Добрый день. Я впервые обращаюсь в банк и хочу узнать про «Инвестиционный счет».
Message::message_3e9eba6940a9,Message,operator: Отправлю вам подтверждение и краткое резюме по теме ...,C002,,,,,,,,,event_7dce7853327a,,2025-01-26,,,,,,,,,message_3e9eba6940a9,operator,Отправлю вам подтверждение и краткое резюме по теме «консультация по тарифам».
Message::message_3ea8d7a428f1,Message,client: Мне удобнее продолжить общение через канал «сайт».,C018,,,,,,,,,event_e6cce9adca42,,2024-11-24,,,,,,,,,message_3ea8d7a428f1,client,Мне удобнее продолжить общение через канал «сайт».
Message::message_3ec475a974f3,Message,"operator: Информация передана в работу, ориентировочный срок р...",C024,,,,,,,,,event_4a37e700a4c3,,2025-01-05,,,,,,,,,message_3ec475a974f3,operator,"Информация передана в работу, ориентировочный срок решения зависит от проверки."
Message::message_3ecf9ead10ca,Message,client: У меня есть вопрос по использованию продукта «Ипотека».,C032,,,,,,,,,event_f1e9d659c730,,2025-01-07,,,,,,,,,message_3ecf9ead10ca,client,У меня есть вопрос по использованию продукта «Ипотека».
Message::message_3ed5667d3f34,Message,"operator: Информация передана в работу, ориентировочный срок р...",C038,,,,,,,,,event_0675734700e1,,2024-11-12,,,,,,,,,message_3ed5667d3f34,operator,"Информация передана в работу, ориентировочный срок решения зависит от проверки."
Message::message_3f40f15b5d6e,Message,operator: Давайте посмотрим детали операции и найдем ответ.,C017,,,,,,,,,event_bc2d0529cad7,,2025-03-05,,,,,,,,,message_3f40f15b5d6e,operator,Давайте посмотрим детали операции и найдем ответ.
Message::message_3f427d0bfc61,Message,system: Системное уведомление: тема обращения классифицирова...,C034,,,,,,,,,event_e059a5856228,,2024-10-25,,,,,,,,,message_3f427d0bfc61,system,Системное уведомление: тема обращения классифицирована как «условия продукта».
Message::message_3f4d9a836e2a,Message,system: Системное уведомление: история взаимодействий клиент...,C043,,,,,,,,,event_cbcaed27118b,,2025-03-11,,,,,,,,,message_3f4d9a836e2a,system,Системное уведомление: история взаимодействий клиента обновлена.
Message::message_3fc9e5246b41,Message,client: Я хочу понимать сроки и что будет происходить дальше.,C002,,,,,,,,,event_240a45d6b2a1,,2025-01-19,,,,,,,,,message_3fc9e5246b41,client,Я хочу понимать сроки и что будет происходить дальше.
Message::message_3febd3d1ab30,Message,system: Системное уведомление: тема обращения классифицирова...,C014,,,,,,,,,event_aaa83bff47f9,,2024-12-16,,,,,,,,,message_3febd3d1ab30,system,Системное уведомление: тема обращения классифицирована как «повторная покупка».
Message::message_40497b4ea174,Message,operator: Я помогу разобраться с использованием продукта.,C007,,,,,,,,,event_ca232430e006,,2025-02-15,,,,,,,,,message_40497b4ea174,operator,Я помогу разобраться с использованием продукта.
Message::message_40996692d437,Message,client: Меня зовут Элеонора Олеговна Силина. Прошу учесть мо...,C043,,,,,,,,,event_cbcaed27118b,,2025-03-11,,,,,,,,,message_40996692d437,client,Меня зовут Элеонора Олеговна Силина. Прошу учесть мой прошлый опыт и текущий продукт.
Message::message_40d194f29265,Message,operator: Я вижу историю клиента и учитываю этап «интерес к пр...,C046,,,,,,,,,event_7b20c3cf48ef,,2024-12-01,,,,,,,,,message_40d194f29265,operator,Я вижу историю клиента и учитываю этап «интерес к продукту».
Message::message_40d71b6be9df,Message,operator: Для оформления понадобится подтвердить данные и выбр...,C034,,,,,,,,,event_e059a5856228,,2024-10-25,,,,,,,,,message_40d71b6be9df,operator,Для оформления понадобится подтвердить данные и выбрать параметры продукта.
Message::message_40dbba8b32c2,Message,"client: Обращаюсь в поддержку, потому что есть проблема: тех...",C035,,,,,,,,,event_2eaeb68603d7,,2025-05-18,,,,,,,,,message_40dbba8b32c2,client,"Обращаюсь в поддержку, потому что есть проблема: техническая ошибка."
Message::message_40f1a69ac5ce,Message,operator: Я зафиксировал обращение. Статус сейчас: resolved.,C036,,,,,,,,,event_169ee995e6d1,,2025-04-08,,,,,,,,,message_40f1a69ac5ce,operator,Я зафиксировал обращение. Статус сейчас: resolved.
Message::message_41804aaa273b,Message,"operator: Давайте подробно опишем проблему, чтобы ее можно был...",C027,,,,,,,,,event_40abdee785ad,,2025-02-17,,,,,,,,,message_41804aaa273b,operator,"Давайте подробно опишем проблему, чтобы ее можно было проверить."
Message::message_41ef8beacfa5,Message,"client: Важно, чтобы решение было понятным и без скрытых усл...",C011,,,,,,,,,event_a461a9c10bb9,,2025-05-01,,,,,,,,,message_41ef8beacfa5,client,"Важно, чтобы решение было понятным и без скрытых условий."
Message::message_42538ddbe049,Message,client: Я хочу понимать сроки и что будет происходить дальше.,C009,,,,,,,,,event_681a0f4b121f,,2025-02-17,,,,,,,,,message_42538ddbe049,client,Я хочу понимать сроки и что будет происходить дальше.
Message::message_429a9771726c,Message,operator: Отправлю вам подтверждение и краткое резюме по теме ...,C043,,,,,,,,,event_0b7edc594afd,,2025-03-23,,,,,,,,,message_429a9771726c,operator,Отправлю вам подтверждение и краткое резюме по теме «условия продукта».
Message::message_42df4a3331a1,Message,system: Системное уведомление: тема обращения классифицирова...,C001,,,,,,,,,event_9574cad4294c,,2025-05-15,,,,,,,,,message_42df4a3331a1,system,Системное уведомление: тема обращения классифицирована как «техническая ошибка».
Message::message_42eaefe108ef,Message,client: Мне удобнее продолжить общение через канал «чат».,C042,,,,,,,,,event_656353341612,,2024-10-12,,,,,,,,,message_42eaefe108ef,client,Мне удобнее продолжить общение через канал «чат».
Message::message_4308754d5fff,Message,operator: Я вижу историю клиента и учитываю этап «знакомство».,C043,,,,,,,,,event_9ec728605a34,,2025-01-16,,,,,,,,,message_4308754d5fff,operator,Я вижу историю клиента и учитываю этап «знакомство».
Message::message_4323ca571510,Message,system: Системное уведомление: клиенту присвоен статус обращ...,C028,,,,,,,,,event_1b8c0b245bc3,,2024-11-21,,,,,,,,,message_4323ca571510,system,Системное уведомление: клиенту присвоен статус обращения «escalated».
Message::message_43404444ab5a,Message,system: Системное уведомление: настроение обращения определе...,C042,,,,,,,,,event_fe07231b16b9,,2024-12-04,,,,,,,,,message_43404444ab5a,system,Системное уведомление: настроение обращения определено как «positive».
Message::message_4347562325b6,Message,"operator: Информация передана в работу, ориентировочный срок р...",C015,,,,,,,,,event_780c95fa24f1,,2024-12-18,,,,,,,,,message_4347562325b6,operator,"Информация передана в работу, ориентировочный срок решения зависит от проверки."
Message::message_4355c3469b2a,Message,system: Системное уведомление: клиенту присвоен статус обращ...,C011,,,,,,,,,event_28f0d477a5e4,,2025-05-25,,,,,,,,,message_4355c3469b2a,system,Системное уведомление: клиенту присвоен статус обращения «completed».
Message::message_438e871956f6,Message,"operator: Рада, что вы вернулись. Проверю доступные условия дл...",C042,,,,,,,,,event_2becb5ce4b6b,,2025-03-20,,,,,,,,,message_438e871956f6,operator,"Рада, что вы вернулись. Проверю доступные условия для нового продукта."
Message::message_4393d594edb1,Message,"operator: По этому обращению указан статус «resolved», оценка ...",C020,,,,,,,,,event_c9fd547bd8c3,,2024-11-18,,,,,,,,,message_4393d594edb1,operator,"По этому обращению указан статус «resolved», оценка удовлетворенности будет учтена."
Message::message_43ad4166c348,Message,operator: Я вижу историю клиента и учитываю этап «решение проб...,C028,,,,,,,,,event_a8b7981d734a,,2025-01-21,,,,,,,,,message_43ad4166c348,operator,Я вижу историю клиента и учитываю этап «решение проблемы».
Message::message_43b6495eefc5,Message,operator: Я вижу историю клиента и учитываю этап «удержание».,C035,,,,,,,,,event_10c25891fbda,,2025-07-16,,,,,,,,,message_43b6495eefc5,operator,Я вижу историю клиента и учитываю этап «удержание».
Message::message_43b6eeabf461,Message,client: Меня зовут Автоном Валентинович Федосеев. Прошу учес...,C030,,,,,,,,,event_72d3ee9df974,,2025-03-30,,,,,,,,,message_43b6eeabf461,client,Меня зовут Автоном Валентинович Федосеев. Прошу учесть мой прошлый опыт и текущий продукт.
Message::message_43d6edcc7cb2,Message,operator: Я зафиксировал обращение. Статус сейчас: completed.,C005,,,,,,,,,event_793eb5cc3758,,2024-10-28,,,,,,,,,message_43d6edcc7cb2,operator,Я зафиксировал обращение. Статус сейчас: completed.
Message::message_43e1ab93d089,Message,client: Хочу оставить жалобу. По продукту «Страхование» возн...,C001,,,,,,,,,event_13fa3c53a9e9,,2025-04-20,,,,,,,,,message_43e1ab93d089,client,Хочу оставить жалобу. По продукту «Страхование» возникла неприятная ситуация.
Message::message_443bb6014b93,Message,operator: Я вижу историю клиента и учитываю этап «знакомство».,C011,,,,,,,,,event_31297d57fdf6,,2024-10-07,,,,,,,,,message_443bb6014b93,operator,Я вижу историю клиента и учитываю этап «знакомство».
Message::message_44a9317900f4,Message,"operator: Мне жаль, что вы столкнулись с такой ситуацией. Я за...",C015,,,,,,,,,event_c5ee7537bdf4,,2025-03-30,,,,,,,,,message_44a9317900f4,operator,"Мне жаль, что вы столкнулись с такой ситуацией. Я зарегистрирую жалобу."
Message::message_44cc4b3b07bf,Message,operator: Здравствуйте. Расскажу основные условия и помогу выб...,C014,,,,,,,,,event_1a2b9226c415,,2024-08-18,,,,,,,,,message_44cc4b3b07bf,operator,Здравствуйте. Расскажу основные условия и помогу выбрать подходящий вариант.
Message::message_450370d4011e,Message,"client: Здравствуйте. Подскажите, пожалуйста, что важно знат...",C013,,,,,,,,,event_f4e9f24b357b,,2024-11-15,,,,,,,,,message_450370d4011e,client,"Здравствуйте. Подскажите, пожалуйста, что важно знать про «Потребительский кредит»?"
Message::message_4507ade241e0,Message,"operator: По этому обращению указан статус «completed», оценка...",C005,,,,,,,,,event_7c2d07c505cf,,2024-09-28,,,,,,,,,message_4507ade241e0,operator,"По этому обращению указан статус «completed», оценка удовлетворенности будет учтена."
Message::message_451bc6ff679a,Message,client: Мне удобнее продолжить общение через канал «мобильно...,C021,,,,,,,,,event_93300e115221,,2024-09-22,,,,,,,,,message_451bc6ff679a,client,Мне удобнее продолжить общение через канал «мобильное приложение».
Message::message_45916ec5be68,Message,operator: Я передаю обращение на следующий уровень поддержки и...,C049,,,,,,,,,event_aad82a6c7be5,,2025-04-25,,,,,,,,,message_45916ec5be68,operator,Я передаю обращение на следующий уровень поддержки и отмечаю срочность.
Message::message_45c5c90a2233,Message,system: Системное уведомление: настроение обращения определе...,C046,,,,,,,,,event_20d03315c9a3,,2024-12-14,,,,,,,,,message_45c5c90a2233,system,Системное уведомление: настроение обращения определено как «positive».
Message::message_45fa8452ead1,Message,operator: Сейчас проверю актуальные условия для выбранного про...,C017,,,,,,,,,event_1a168de29bae,,2024-11-21,,,,,,,,,message_45fa8452ead1,operator,Сейчас проверю актуальные условия для выбранного продукта.
Message::message_45fc070e15c7,Message,"operator: Мне жаль, что вы столкнулись с такой ситуацией. Я за...",C012,,,,,,,,,event_3163dbb1dd58,,2024-10-06,,,,,,,,,message_45fc070e15c7,operator,"Мне жаль, что вы столкнулись с такой ситуацией. Я зарегистрирую жалобу."
Message::message_4606cb539224,Message,client: Я хочу понимать сроки и что будет происходить дальше.,C023,,,,,,,,,event_a122f25f71aa,,2025-01-20,,,,,,,,,message_4606cb539224,client,Я хочу понимать сроки и что будет происходить дальше.
Message::message_46502bf755e2,Message,"client: Нужна консультация по продукту «Ипотека», особенно п...",C048,,,,,,,,,event_fb84c9525fb2,,2025-01-25,,,,,,,,,message_46502bf755e2,client,"Нужна консультация по продукту «Ипотека», особенно по теме «консультация по тарифам»."
Message::message_467b9ea63201,Message,client: Мне удобнее продолжить общение через канал «мобильно...,C039,,,,,,,,,event_1b62139f57e9,,2024-08-09,,,,,,,,,message_467b9ea63201,client,Мне удобнее продолжить общение через канал «мобильное приложение».
Message::message_46a23d69ee28,Message,client: Хочу оставить жалобу. По продукту «Дебетовая карта» ...,C012,,,,,,,,,event_3163dbb1dd58,,2024-10-06,,,,,,,,,message_46a23d69ee28,client,Хочу оставить жалобу. По продукту «Дебетовая карта» возникла неприятная ситуация.
Message::message_46b8d8d1b2ec,Message,client: Меня зовут Аскольд Власович Лукин. Прошу учесть мой ...,C017,,,,,,,,,event_604dc9f58779,,2025-01-30,,,,,,,,,message_46b8d8d1b2ec,client,Меня зовут Аскольд Власович Лукин. Прошу учесть мой прошлый опыт и текущий продукт.
Message::message_4725745b58e8,Message,client: Меня зовут Автоном Валентинович Федосеев. Прошу учес...,C030,,,,,,,,,event_d4148e149005,,2025-06-25,,,,,,,,,message_4725745b58e8,client,Меня зовут Автоном Валентинович Федосеев. Прошу учесть мой прошлый опыт и текущий продукт.
Message::message_475454eaa2f7,Message,client: Можно ли получить подтверждение после завершения опе...,C006,,,,,,,,,event_cf43f0366792,,2024-12-08,,,,,,,,,message_475454eaa2f7,client,Можно ли получить подтверждение после завершения операции?
Message::message_476d90b5c962,Message,"operator: Информация передана в работу, ориентировочный срок р...",C015,,,,,,,,,event_c5ee7537bdf4,,2025-03-30,,,,,,,,,message_476d90b5c962,operator,"Информация передана в работу, ориентировочный срок решения зависит от проверки."
Message::message_4771ff19a5eb,Message,"client: Здравствуйте. Подскажите, пожалуйста, что важно знат...",C047,,,,,,,,,event_40ec4ea8ce5f,,2024-12-01,,,,,,,,,message_4771ff19a5eb,client,"Здравствуйте. Подскажите, пожалуйста, что важно знать про «Потребительский кредит»?"
Message::message_47a23f447665,Message,operator: Давайте посмотрим детали операции и найдем ответ.,C009,,,,,,,,,event_fe437fd3e3d4,,2024-11-20,,,,,,,,,message_47a23f447665,operator,Давайте посмотрим детали операции и найдем ответ.
Message::message_47f4df225ba6,Message,operator: Я вижу историю клиента и учитываю этап «использовани...,C039,,,,,,,,,event_04b1ad977154,,2024-09-23,,,,,,,,,message_47f4df225ba6,operator,Я вижу историю клиента и учитываю этап «использование продукта».
Message::message_48038d64a904,Message,operator: Запускаю процесс оформления. Я буду сопровождать вас...,C038,,,,,,,,,event_7d5785e0bf41,,2024-09-21,,,,,,,,,message_48038d64a904,operator,Запускаю процесс оформления. Я буду сопровождать вас на каждом шаге.
Message::message_4812e48fc618,Message,operator: Понимаю. Давайте уточним ваши цели и подберем подход...,C035,,,,,,,,,event_0603c7fc1130,,2025-01-06,,,,,,,,,message_4812e48fc618,operator,Понимаю. Давайте уточним ваши цели и подберем подходящие условия.
Message::message_4867e8954b53,Message,system: Системное уведомление: настроение обращения определе...,C011,,,,,,,,,event_9c0778bd1c34,,2025-02-04,,,,,,,,,message_4867e8954b53,system,Системное уведомление: настроение обращения определено как «positive».
Message::message_48ab73be744e,Message,"client: Нужна консультация по продукту «Страхование», особен...",C017,,,,,,,,,event_c11e16d4ef6a,,2025-08-16,,,,,,,,,message_48ab73be744e,client,"Нужна консультация по продукту «Страхование», особенно по теме «условия продукта»."
Message::message_48d103f99d5b,Message,operator: Я вижу историю клиента и учитываю этап «интерес к пр...,C023,,,,,,,,,event_a122f25f71aa,,2025-01-20,,,,,,,,,message_48d103f99d5b,operator,Я вижу историю клиента и учитываю этап «интерес к продукту».
Message::message_48f55971b1c4,Message,client: Меня зовут Анастасия Евгеньевна Бирюкова. Прошу учес...,C020,,,,,,,,,event_9a47a4a80e64,,2024-09-12,,,,,,,,,message_48f55971b1c4,client,Меня зовут Анастасия Евгеньевна Бирюкова. Прошу учесть мой прошлый опыт и текущий продукт.
Message::message_4952f4a99853,Message,system: Системное уведомление: настроение обращения определе...,C043,,,,,,,,,event_5d87fb0d500f,,2025-04-04,,,,,,,,,message_4952f4a99853,system,Системное уведомление: настроение обращения определено как «positive».
Message::message_497cf9c26630,Message,operator: Здравствуйте. Я помогу сориентироваться по условиям ...,C011,,,,,,,,,event_31297d57fdf6,,2024-10-07,,,,,,,,,message_497cf9c26630,operator,Здравствуйте. Я помогу сориентироваться по условиям и ограничениям.
Message::message_4981fc70f2d0,Message,client: Хочу оставить жалобу. По продукту «Накопительный сче...,C015,,,,,,,,,event_c5ee7537bdf4,,2025-03-30,,,,,,,,,message_4981fc70f2d0,client,Хочу оставить жалобу. По продукту «Накопительный счет» возникла неприятная ситуация.
Message::message_498737c896c3,Message,client: Я хочу понимать сроки и что будет происходить дальше.,C049,,,,,,,,,event_942d32ad8213,,2024-12-29,,,,,,,,,message_498737c896c3,client,Я хочу понимать сроки и что будет происходить дальше.
Message::message_499add9c46a3,Message,client: Меня зовут Аскольд Власович Лукин. Прошу учесть мой ...,C017,,,,,,,,,event_d4e1bac7722d,,2025-09-02,,,,,,,,,message_499add9c46a3,client,Меня зовут Аскольд Власович Лукин. Прошу учесть мой прошлый опыт и текущий продукт.
Message::message_49a14822cf88,Message,"operator: Давайте подробно опишем проблему, чтобы ее можно был...",C016,,,,,,,,,event_56e64ba3dc9a,,2025-04-07,,,,,,,,,message_49a14822cf88,operator,"Давайте подробно опишем проблему, чтобы ее можно было проверить."
Message::message_49d785193598,Message,"operator: По этому обращению указан статус «completed», оценка...",C017,,,,,,,,,event_293fd9715cf6,,2024-11-08,,,,,,,,,message_49d785193598,operator,"По этому обращению указан статус «completed», оценка удовлетворенности будет учтена."
Message::message_49f8d4459d55,Message,client: Проверяю статус проблемы по продукту «Инвестиционный...,C010,,,,,,,,,event_4f871ce9f1bd,,2025-01-20,,,,,,,,,message_49f8d4459d55,client,Проверяю статус проблемы по продукту «Инвестиционный счет». Есть ли решение?
Message::message_4a10079bdad1,Message,operator: Понимаю. Подключаю профильную команду для дополнител...,C020,,,,,,,,,event_bd0c35bb7dc6,,2024-10-27,,,,,,,,,message_4a10079bdad1,operator,Понимаю. Подключаю профильную команду для дополнительной проверки.
Message::message_4a19d54400fd,Message,system: Системное уведомление: клиенту присвоен статус обращ...,C038,,,,,,,,,event_c49c7657cd4b,,2024-09-03,,,,,,,,,message_4a19d54400fd,system,Системное уведомление: клиенту присвоен статус обращения «completed».
Message::message_4a2afa272ad8,Message,client: Меня зовут Таисия Викторовна Белоусова. Прошу учесть...,C042,,,,,,,,,event_8b3d4b34b894,,2024-11-18,,,,,,,,,message_4a2afa272ad8,client,Меня зовут Таисия Викторовна Белоусова. Прошу учесть мой прошлый опыт и текущий продукт.
Message::message_4a9ae0bee4ff,Message,"operator: Проверила статус: решение уже применено, сейчас объя...",C028,,,,,,,,,event_a8b7981d734a,,2025-01-21,,,,,,,,,message_4a9ae0bee4ff,operator,"Проверила статус: решение уже применено, сейчас объясню детали."
Message::message_4abd378a0e70,Message,system: Системное уведомление: обращение зарегистрировано и ...,C035,,,,,,,,,event_0603c7fc1130,,2025-01-06,,,,,,,,,message_4abd378a0e70,system,Системное уведомление: обращение зарегистрировано и связано с продуктом «Ипотека».
Message::message_4ad667e12088,Message,client: Мне удобнее продолжить общение через канал «сайт».,C028,,,,,,,,,event_4a2a3516b6b0,,2024-11-10,,,,,,,,,message_4ad667e12088,client,Мне удобнее продолжить общение через канал «сайт».
Message::message_4b1e939be5c6,Message,client: Мне удобнее продолжить общение через канал «офис».,C030,,,,,,,,,event_709479fb7e8e,,2025-08-08,,,,,,,,,message_4b1e939be5c6,client,Мне удобнее продолжить общение через канал «офис».
Message::message_4b3ef5e359fd,Message,"client: Уточните, пожалуйста, это повлияет на мои текущие пр...",C003,,,,,,,,,event_b1f221297bf6,,2024-08-19,,,,,,,,,message_4b3ef5e359fd,client,"Уточните, пожалуйста, это повлияет на мои текущие продукты?"
Message::message_4b612400014a,Message,"operator: Если появятся дополнительные вопросы, можно продолжи...",C014,,,,,,,,,event_aaa83bff47f9,,2024-12-16,,,,,,,,,message_4b612400014a,operator,"Если появятся дополнительные вопросы, можно продолжить диалог в этом же канале."
Message::message_4b75fab3244a,Message,system: Системное уведомление: настроение обращения определе...,C008,,,,,,,,,event_993373bca03d,,2025-04-05,,,,,,,,,message_4b75fab3244a,system,Системное уведомление: настроение обращения определено как «negative».
Message::message_4b8cb4b0e61c,Message,"operator: Если появятся дополнительные вопросы, можно продолжи...",C049,,,,,,,,,event_3cf2d02c98b0,,2024-12-11,,,,,,,,,message_4b8cb4b0e61c,operator,"Если появятся дополнительные вопросы, можно продолжить диалог в этом же канале."
Message::message_4b917506d5c6,Message,client: Возвращаюсь по обращению «техническая ошибка». Хотел...,C017,,,,,,,,,event_645b8f0d7ac7,,2025-04-23,,,,,,,,,message_4b917506d5c6,client,Возвращаюсь по обращению «техническая ошибка». Хотелось бы понять результат.
Message::message_4b9889968f61,Message,client: Можно ли получить подтверждение после завершения опе...,C030,,,,,,,,,event_f8b3d29dfbdd,,2025-01-23,,,,,,,,,message_4b9889968f61,client,Можно ли получить подтверждение после завершения операции?
Message::message_4bd4e2b337a6,Message,client: Мне удобнее продолжить общение через канал «сайт».,C043,,,,,,,,,event_0b7edc594afd,,2025-03-23,,,,,,,,,message_4bd4e2b337a6,client,Мне удобнее продолжить общение через канал «сайт».
Message::message_4c1d3f40e5b1,Message,operator: Я вижу историю клиента и учитываю этап «уход клиента».,C008,,,,,,,,,event_a8f7a0d3ddb7,,2025-05-13,,,,,,,,,message_4c1d3f40e5b1,operator,Я вижу историю клиента и учитываю этап «уход клиента».
Message::message_4c5ac5985e1a,Message,system: Системное уведомление: история взаимодействий клиент...,C028,,,,,,,,,event_4a2a3516b6b0,,2024-11-10,,,,,,,,,message_4c5ac5985e1a,system,Системное уведомление: история взаимодействий клиента обновлена.
Message::message_4c632a42ba59,Message,operator: Я передаю обращение на следующий уровень поддержки и...,C007,,,,,,,,,event_e45f9057a3b8,,2025-03-25,,,,,,,,,message_4c632a42ba59,operator,Я передаю обращение на следующий уровень поддержки и отмечаю срочность.
Message::message_4c7de3a189e3,Message,client: Можно ли получить подтверждение после завершения опе...,C001,,,,,,,,,event_27f9b4ebb9c8,,2025-06-27,,,,,,,,,message_4c7de3a189e3,client,Можно ли получить подтверждение после завершения операции?
Message::message_4cab2071d0d1,Message,system: Системное уведомление: настроение обращения определе...,C039,,,,,,,,,event_1b62139f57e9,,2024-08-09,,,,,,,,,message_4cab2071d0d1,system,Системное уведомление: настроение обращения определено как «neutral».
Message::message_4caec813e3c5,Message,operator: Я зафиксировал обращение. Статус сейчас: completed.,C023,,,,,,,,,event_005dbb194333,,2024-12-06,,,,,,,,,message_4caec813e3c5,operator,Я зафиксировал обращение. Статус сейчас: completed.
Message::message_4cbda1dd35b7,Message,client: Меня зовут Автоном Валентинович Федосеев. Прошу учес...,C030,,,,,,,,,event_914bc2b32205,,2025-05-18,,,,,,,,,message_4cbda1dd35b7,client,Меня зовут Автоном Валентинович Федосеев. Прошу учесть мой прошлый опыт и текущий продукт.
Message::message_4cd107d7427e,Message,operator: Понимаю ваше недовольство. Зафиксирую обращение и пе...,C003,,,,,,,,,event_8d7423c933c5,,2024-09-04,,,,,,,,,message_4cd107d7427e,operator,Понимаю ваше недовольство. Зафиксирую обращение и передам его в работу.
Message::message_4cfc817112db,Message,client: Я хочу понимать сроки и что будет происходить дальше.,C016,,,,,,,,,event_1cd9e5524c45,,2025-03-03,,,,,,,,,message_4cfc817112db,client,Я хочу понимать сроки и что будет происходить дальше.
Message::message_4d190add9e51,Message,client: Мне удобнее продолжить общение через канал «офис».,C036,,,,,,,,,event_f74ea6506987,,2024-09-29,,,,,,,,,message_4d190add9e51,client,Мне удобнее продолжить общение через канал «офис».
Message::message_4d397156e12d,Message,client: Мне удобнее продолжить общение через канал «офис».,C001,,,,,,,,,event_8c29135abac0,,2025-02-24,,,,,,,,,message_4d397156e12d,client,Мне удобнее продолжить общение через канал «офис».
Message::message_4d45f3d12b55,Message,"operator: Информация передана в работу, ориентировочный срок р...",C021,,,,,,,,,event_93300e115221,,2024-09-22,,,,,,,,,message_4d45f3d12b55,operator,"Информация передана в работу, ориентировочный срок решения зависит от проверки."
Message::message_4d74f0eda95b,Message,system: Системное уведомление: настроение обращения определе...,C007,,,,,,,,,event_7d25c29698b6,,2025-04-23,,,,,,,,,message_4d74f0eda95b,system,Системное уведомление: настроение обращения определено как «negative».
Message::message_4d808781ce4d,Message,client: Меня зовут Сысоева Татьяна Кузьминична. Прошу учесть...,C022,,,,,,,,,event_eaa1eb95ebd7,,2024-10-14,,,,,,,,,message_4d808781ce4d,client,Меня зовут Сысоева Татьяна Кузьминична. Прошу учесть мой прошлый опыт и текущий продукт.
Message::message_4dbcf40a21c1,Message,system: Системное уведомление: настроение обращения определе...,C047,,,,,,,,,event_6e5bef8925ac,,2025-04-02,,,,,,,,,message_4dbcf40a21c1,system,Системное уведомление: настроение обращения определено как «negative».
Message::message_4de1ed00626f,Message,operator: Отправлю вам подтверждение и краткое резюме по теме ...,C030,,,,,,,,,event_154df8b52a04,,2025-04-21,,,,,,,,,message_4de1ed00626f,operator,Отправлю вам подтверждение и краткое резюме по теме «условия продукта».
Message::message_4e9d3acd6ec8,Message,client: Я хочу понимать сроки и что будет происходить дальше.,C042,,,,,,,,,event_8b3d4b34b894,,2024-11-18,,,,,,,,,message_4e9d3acd6ec8,client,Я хочу понимать сроки и что будет происходить дальше.
Message::message_4eae150b8c92,Message,system: Системное уведомление: настроение обращения определе...,C010,,,,,,,,,event_6517e3a01960,,2024-09-30,,,,,,,,,message_4eae150b8c92,system,Системное уведомление: настроение обращения определено как «positive».
Message::message_4f07f33e452c,Message,client: Меня зовут Елизавета Афанасьевна Лихачева. Прошу уче...,C049,,,,,,,,,event_30f7917b9982,,2025-01-29,,,,,,,,,message_4f07f33e452c,client,Меня зовут Елизавета Афанасьевна Лихачева. Прошу учесть мой прошлый опыт и текущий продукт.
Message::message_4f1217ce4c3b,Message,operator: Понимаю ваше недовольство. Зафиксирую обращение и пе...,C022,,,,,,,,,event_eaa1eb95ebd7,,2024-10-14,,,,,,,,,message_4f1217ce4c3b,operator,Понимаю ваше недовольство. Зафиксирую обращение и передам его в работу.
Message::message_4f435f96ff97,Message,"operator: Мне жаль, что вы столкнулись с такой ситуацией. Я за...",C009,,,,,,,,,event_bc755d97b28a,,2024-11-28,,,,,,,,,message_4f435f96ff97,operator,"Мне жаль, что вы столкнулись с такой ситуацией. Я зарегистрирую жалобу."
Message::message_4f459f4efb72,Message,client: Добрый день. Я впервые обращаюсь в банк и хочу узнат...,C031,,,,,,,,,event_0cedd8d68f42,,2024-12-24,,,,,,,,,message_4f459f4efb72,client,Добрый день. Я впервые обращаюсь в банк и хочу узнать про «Потребительский кредит».
Message::message_4f5ab66fd198,Message,"client: Уточните, пожалуйста, это повлияет на мои текущие пр...",C045,,,,,,,,,event_290849618577,,2024-12-20,,,,,,,,,message_4f5ab66fd198,client,"Уточните, пожалуйста, это повлияет на мои текущие продукты?"
Message::message_4f62011da1d8,Message,"operator: По этому обращению указан статус «completed», оценка...",C012,,,,,,,,,event_4e947e9a6033,,2025-03-02,,,,,,,,,message_4f62011da1d8,operator,"По этому обращению указан статус «completed», оценка удовлетворенности будет учтена."
Message::message_501b91160147,Message,client: Можно ли получить подтверждение после завершения опе...,C011,,,,,,,,,event_28f0d477a5e4,,2025-05-25,,,,,,,,,message_501b91160147,client,Можно ли получить подтверждение после завершения операции?
Message::message_5036e0177247,Message,"client: Хочу оформить «Ипотека». Подскажите, что нужно сделать.",C045,,,,,,,,,event_bdbd248e7958,,2024-10-16,,,,,,,,,message_5036e0177247,client,"Хочу оформить «Ипотека». Подскажите, что нужно сделать."
Message::message_5051767f3d31,Message,operator: Здравствуйте. Я помогу сориентироваться по условиям ...,C042,,,,,,,,,event_656353341612,,2024-10-12,,,,,,,,,message_5051767f3d31,operator,Здравствуйте. Я помогу сориентироваться по условиям и ограничениям.
Message::message_505e1a723710,Message,operator: Я зафиксировал обращение. Статус сейчас: completed.,C036,,,,,,,,,event_f3417982ce56,,2025-01-17,,,,,,,,,message_505e1a723710,operator,Я зафиксировал обращение. Статус сейчас: completed.
Message::message_508b92b479f9,Message,client: Меня не устраивает качество обслуживания. Тема обращ...,C001,,,,,,,,,event_083e4c73eb20,,2025-05-30,,,,,,,,,message_508b92b479f9,client,Меня не устраивает качество обслуживания. Тема обращения: жалоба на обслуживание.
Message::message_50b084c07b58,Message,operator: Могу предложить индивидуальные условия и контроль сл...,C017,,,,,,,,,event_3143fb525d29,,2025-05-28,,,,,,,,,message_50b084c07b58,operator,Могу предложить индивидуальные условия и контроль следующего обращения.
Message::message_51a02127c377,Message,client: Я хочу понимать сроки и что будет происходить дальше.,C014,,,,,,,,,event_880a377966a8,,2024-10-01,,,,,,,,,message_51a02127c377,client,Я хочу понимать сроки и что будет происходить дальше.
Message::message_51f7adb4396f,Message,client: Меня зовут Агафонов Мстислав Феоктистович. Прошу уче...,C045,,,,,,,,,event_bdbd248e7958,,2024-10-16,,,,,,,,,message_51f7adb4396f,client,Меня зовут Агафонов Мстислав Феоктистович. Прошу учесть мой прошлый опыт и текущий продукт.
Message::message_523f60fb1461,Message,operator: Отправлю вам подтверждение и краткое резюме по теме ...,C036,,,,,,,,,event_4ca460af6928,,2025-02-27,,,,,,,,,message_523f60fb1461,operator,Отправлю вам подтверждение и краткое резюме по теме «блокировка карты».
Message::message_527a22c6a535,Message,client: У меня есть вопрос по использованию продукта «Дебето...,C012,,,,,,,,,event_731191183003,,2024-09-03,,,,,,,,,message_527a22c6a535,client,У меня есть вопрос по использованию продукта «Дебетовая карта».
Message::message_527e162c58ef,Message,operator: Запускаю процесс оформления. Я буду сопровождать вас...,C039,,,,,,,,,event_b081149bf60d,,2024-08-22,,,,,,,,,message_527e162c58ef,operator,Запускаю процесс оформления. Я буду сопровождать вас на каждом шаге.
Message::message_52b57fdabe34,Message,client: Мне удобнее продолжить общение через канал «сайт».,C015,,,,,,,,,event_52cf5a4db90a,,2025-06-16,,,,,,,,,message_52b57fdabe34,client,Мне удобнее продолжить общение через канал «сайт».
Message::message_52de040e9936,Message,client: Хочу оставить жалобу. По продукту «Инвестиционный сч...,C022,,,,,,,,,event_eaa1eb95ebd7,,2024-10-14,,,,,,,,,message_52de040e9936,client,Хочу оставить жалобу. По продукту «Инвестиционный счет» возникла неприятная ситуация.
Message::message_52f2cafc0fb5,Message,operator: Отправлю вам подтверждение и краткое резюме по теме ...,C020,,,,,,,,,event_9a47a4a80e64,,2024-09-12,,,,,,,,,message_52f2cafc0fb5,operator,Отправлю вам подтверждение и краткое резюме по теме «комиссия».
Message::message_52f3a96121da,Message,"operator: Добрый день. Сейчас поясню, как устроен продукт и ка...",C024,,,,,,,,,event_4a37e700a4c3,,2025-01-05,,,,,,,,,message_52f3a96121da,operator,"Добрый день. Сейчас поясню, как устроен продукт и какие шаги нужны."
Message::message_5309169e067b,Message,client: Меня зовут Казакова Евфросиния Ивановна. Прошу учест...,C016,,,,,,,,,event_794b9a0f37b6,,2025-05-12,,,,,,,,,message_5309169e067b,client,Меня зовут Казакова Евфросиния Ивановна. Прошу учесть мой прошлый опыт и текущий продукт.
Message::message_5309326541ed,Message,"operator: Информация передана в работу, ориентировочный срок р...",C042,,,,,,,,,event_2becb5ce4b6b,,2025-03-20,,,,,,,,,message_5309326541ed,operator,"Информация передана в работу, ориентировочный срок решения зависит от проверки."
Message::message_5319c79e95fe,Message,client: Меня зовут Васильев Венедикт Витальевич. Прошу учест...,C027,,,,,,,,,event_1984bd2072f5,,2025-01-18,,,,,,,,,message_5319c79e95fe,client,Меня зовут Васильев Венедикт Витальевич. Прошу учесть мой прошлый опыт и текущий продукт.
Message::message_53293c1d5c40,Message,operator: Я зафиксировал обращение. Статус сейчас: completed.,C023,,,,,,,,,event_5b7c198b3863,,2025-02-15,,,,,,,,,message_53293c1d5c40,operator,Я зафиксировал обращение. Статус сейчас: completed.
Message::message_5350d046eb6f,Message,operator: Я вижу историю клиента и учитываю этап «интерес к пр...,C035,,,,,,,,,event_0603c7fc1130,,2025-01-06,,,,,,,,,message_5350d046eb6f,operator,Я вижу историю клиента и учитываю этап «интерес к продукту».
Message::message_540c445f021d,Message,system: Системное уведомление: настроение обращения определе...,C049,,,,,,,,,event_aad82a6c7be5,,2025-04-25,,,,,,,,,message_540c445f021d,system,Системное уведомление: настроение обращения определено как «negative».
Message::message_5437f950be4b,Message,"operator: Если появятся дополнительные вопросы, можно продолжи...",C038,,,,,,,,,event_3bd032dadf3a,,2024-10-03,,,,,,,,,message_5437f950be4b,operator,"Если появятся дополнительные вопросы, можно продолжить диалог в этом же канале."
Message::message_544b77c2f08e,Message,system: Системное уведомление: история взаимодействий клиент...,C017,,,,,,,,,event_1a168de29bae,,2024-11-21,,,,,,,,,message_544b77c2f08e,system,Системное уведомление: история взаимодействий клиента обновлена.
Message::message_545090183cc5,Message,client: Меня зовут Алевтина Игоревна Николаева. Прошу учесть...,C001,,,,,,,,,event_9574cad4294c,,2025-05-15,,,,,,,,,message_545090183cc5,client,Меня зовут Алевтина Игоревна Николаева. Прошу учесть мой прошлый опыт и текущий продукт.
Message::message_54592a8520fa,Message,client: Меня зовут Яковлев Радован Ааронович. Прошу учесть м...,C032,,,,,,,,,event_57dd986b4882,,2025-05-02,,,,,,,,,message_54592a8520fa,client,Меня зовут Яковлев Радован Ааронович. Прошу учесть мой прошлый опыт и текущий продукт.
Message::message_54e8cf5bb45d,Message,client: Я хочу понимать сроки и что будет происходить дальше.,C033,,,,,,,,,event_1abb12a15b95,,2024-10-07,,,,,,,,,message_54e8cf5bb45d,client,Я хочу понимать сроки и что будет происходить дальше.
Message::message_551472253a6d,Message,operator: Сейчас проверю информацию по продукту и объясню поря...,C043,,,,,,,,,event_5d87fb0d500f,,2025-04-04,,,,,,,,,message_551472253a6d,operator,Сейчас проверю информацию по продукту и объясню порядок действий.
Message::message_551e2e1ab6b2,Message,operator: Давайте оформим дополнительный продукт и учтем ваш т...,C017,,,,,,,,,event_d4e1bac7722d,,2025-09-02,,,,,,,,,message_551e2e1ab6b2,operator,Давайте оформим дополнительный продукт и учтем ваш текущий профиль.
Message::message_558df37f8717,Message,operator: Я вижу историю клиента и учитываю этап «жалоба».,C008,,,,,,,,,event_993373bca03d,,2025-04-05,,,,,,,,,message_558df37f8717,operator,Я вижу историю клиента и учитываю этап «жалоба».
Message::message_55e59d91beaf,Message,operator: Я вижу историю клиента и учитываю этап «повторная по...,C017,,,,,,,,,event_6e0f45cec684,,2025-06-18,,,,,,,,,message_55e59d91beaf,operator,Я вижу историю клиента и учитываю этап «повторная покупка».
Message::message_5625ac143c98,Message,system: Системное уведомление: клиенту присвоен статус обращ...,C015,,,,,,,,,event_f01ad024543e,,2024-11-05,,,,,,,,,message_5625ac143c98,system,Системное уведомление: клиенту присвоен статус обращения «completed».
Message::message_564e79fa5ce4,Message,"client: Готов подключить продукт «Потребительский кредит», х...",C034,,,,,,,,,event_e059a5856228,,2024-10-25,,,,,,,,,message_564e79fa5ce4,client,"Готов подключить продукт «Потребительский кредит», хочу пройти оформление."
Message::message_567aba161a79,Message,operator: Я зафиксировал обращение. Статус сейчас: lost.,C027,,,,,,,,,event_9c644e806eb3,,2025-03-31,,,,,,,,,message_567aba161a79,operator,Я зафиксировал обращение. Статус сейчас: lost.
Message::message_569a21364bb1,Message,operator: Я вижу историю клиента и учитываю этап «покупка».,C034,,,,,,,,,event_e059a5856228,,2024-10-25,,,,,,,,,message_569a21364bb1,operator,Я вижу историю клиента и учитываю этап «покупка».
Message::message_56b6015c17fa,Message,"client: Здравствуйте, хочу понять, как у вас работает продук...",C010,,,,,,,,,event_6517e3a01960,,2024-09-30,,,,,,,,,message_56b6015c17fa,client,"Здравствуйте, хочу понять, как у вас работает продукт «Инвестиционный счет». Интересуют оформление продукта."
Message::message_56bc92eff832,Message,system: Системное уведомление: настроение обращения определе...,C011,,,,,,,,,event_a172b5c9ad5c,,2025-02-24,,,,,,,,,message_56bc92eff832,system,Системное уведомление: настроение обращения определено как «positive».
Message::message_56dbdca6f1ea,Message,system: Системное уведомление: обращение зарегистрировано и ...,C016,,,,,,,,,event_1cd9e5524c45,,2025-03-03,,,,,,,,,message_56dbdca6f1ea,system,Системное уведомление: обращение зарегистрировано и связано с продуктом «Ипотека».
Message::message_570bbe65f66d,Message,operator: Я вижу историю клиента и учитываю этап «знакомство».,C010,,,,,,,,,event_6517e3a01960,,2024-09-30,,,,,,,,,message_570bbe65f66d,operator,Я вижу историю клиента и учитываю этап «знакомство».
Message::message_5722007a99e0,Message,operator: Сейчас оформим завершение обслуживания и подтвердим ...,C008,,,,,,,,,event_a8f7a0d3ddb7,,2025-05-13,,,,,,,,,message_5722007a99e0,operator,Сейчас оформим завершение обслуживания и подтвердим финальный статус.
Message::message_576c0a9c281a,Message,"operator: По этому обращению указан статус «lost», оценка удов...",C003,,,,,,,,,event_76c822a306f4,,2024-10-09,,,,,,,,,message_576c0a9c281a,operator,"По этому обращению указан статус «lost», оценка удовлетворенности будет учтена."
Message::message_576f409bec66,Message,operator: Я помогу разобраться с использованием продукта.,C005,,,,,,,,,event_a05b43d094d4,,2024-11-25,,,,,,,,,message_576f409bec66,operator,Я помогу разобраться с использованием продукта.
Message::message_5771a87d8398,Message,"client: Уточните, пожалуйста, это повлияет на мои текущие пр...",C032,,,,,,,,,event_5abb571c5117,,2025-03-04,,,,,,,,,message_5771a87d8398,client,"Уточните, пожалуйста, это повлияет на мои текущие продукты?"
Message::message_579884fb5e14,Message,"client: Обращаюсь в поддержку, потому что есть проблема: бло...",C046,,,,,,,,,event_dbee8fc7655a,,2025-03-14,,,,,,,,,message_579884fb5e14,client,"Обращаюсь в поддержку, потому что есть проблема: блокировка карты."
Message::message_57a581410398,Message,"operator: Если появятся дополнительные вопросы, можно продолжи...",C017,,,,,,,,,event_37ab80f3e370,,2025-07-24,,,,,,,,,message_57a581410398,operator,"Если появятся дополнительные вопросы, можно продолжить диалог в этом же канале."
Message::message_57bb9c8c6933,Message,system: Системное уведомление: клиенту присвоен статус обращ...,C030,,,,,,,,,event_63d733506b6a,,2025-08-21,,,,,,,,,message_57bb9c8c6933,system,Системное уведомление: клиенту присвоен статус обращения «resolved».
Message::message_57e0f3d65aba,Message,system: Системное уведомление: история взаимодействий клиент...,C016,,,,,,,,,event_ba3263fb68e2,,2025-01-08,,,,,,,,,message_57e0f3d65aba,system,Системное уведомление: история взаимодействий клиента обновлена.
Message::message_57f72bdc5756,Message,operator: Я вижу историю клиента и учитываю этап «знакомство».,C017,,,,,,,,,event_293fd9715cf6,,2024-11-08,,,,,,,,,message_57f72bdc5756,operator,Я вижу историю клиента и учитываю этап «знакомство».
Message::message_58304bbb0442,Message,client: После предыдущего опыта хочу рассмотреть повторную п...,C011,,,,,,,,,event_28f0d477a5e4,,2025-05-25,,,,,,,,,message_58304bbb0442,client,После предыдущего опыта хочу рассмотреть повторную покупку продукта «Ипотека».
Message::message_5833243efc2e,Message,system: Системное уведомление: история взаимодействий клиент...,C047,,,,,,,,,event_0be825338bf1,,2025-02-10,,,,,,,,,message_5833243efc2e,system,Системное уведомление: история взаимодействий клиента обновлена.
Message::message_5868ac6528cc,Message,client: Мне интересен продукт «Ипотека». Можете рассказать п...,C017,,,,,,,,,event_1a168de29bae,,2024-11-21,,,,,,,,,message_5868ac6528cc,client,Мне интересен продукт «Ипотека». Можете рассказать подробнее про повышение лимита?
Message::message_58b4631c3531,Message,system: Системное уведомление: история взаимодействий клиент...,C042,,,,,,,,,event_fe07231b16b9,,2024-12-04,,,,,,,,,message_58b4631c3531,system,Системное уведомление: история взаимодействий клиента обновлена.
Message::message_58be471fa5a5,Message,"operator: Конечно, давайте разберем условия и возможные ограни...",C011,,,,,,,,,event_b5990ddd8e29,,2025-01-02,,,,,,,,,message_58be471fa5a5,operator,"Конечно, давайте разберем условия и возможные ограничения."
Message::message_58d646ceb054,Message,"client: Уточните, пожалуйста, это повлияет на мои текущие пр...",C028,,,,,,,,,event_047691e49e5e,,2024-12-25,,,,,,,,,message_58d646ceb054,client,"Уточните, пожалуйста, это повлияет на мои текущие продукты?"
Message::message_58f449555f98,Message,"client: Важно, чтобы решение было понятным и без скрытых усл...",C045,,,,,,,,,event_22c136c0ba19,,2024-11-11,,,,,,,,,message_58f449555f98,client,"Важно, чтобы решение было понятным и без скрытых условий."
Message::message_5949d2837810,Message,operator: Я вижу историю клиента и учитываю этап «использовани...,C003,,,,,,,,,event_b1f221297bf6,,2024-08-19,,,,,,,,,message_5949d2837810,operator,Я вижу историю клиента и учитываю этап «использование продукта».
Message::message_596b5c70391f,Message,operator: Я вижу историю клиента и учитываю этап «консультация».,C011,,,,,,,,,event_b5990ddd8e29,,2025-01-02,,,,,,,,,message_596b5c70391f,operator,Я вижу историю клиента и учитываю этап «консультация».
Message::message_59ebcabe3b32,Message,client: Я хочу понимать сроки и что будет происходить дальше.,C008,,,,,,,,,event_c69e5ebe6d36,,2025-03-13,,,,,,,,,message_59ebcabe3b32,client,Я хочу понимать сроки и что будет происходить дальше.
Message::message_5a027dc27362,Message,client: Пользуюсь продуктом «Накопительный счет» и хочу уточ...,C036,,,,,,,,,event_f3417982ce56,,2025-01-17,,,,,,,,,message_5a027dc27362,client,Пользуюсь продуктом «Накопительный счет» и хочу уточнить вопрос: комиссия.
Message::message_5a107627a4d1,Message,"client: Помогите разобраться, подойдет ли мне «Страхование».",C011,,,,,,,,,event_b5990ddd8e29,,2025-01-02,,,,,,,,,message_5a107627a4d1,client,"Помогите разобраться, подойдет ли мне «Страхование»."
Message::message_5ac63a82e588,Message,operator: Я зафиксировал обращение. Статус сейчас: escalated.,C047,,,,,,,,,event_817cdf84ce45,,2025-03-17,,,,,,,,,message_5ac63a82e588,operator,Я зафиксировал обращение. Статус сейчас: escalated.
Message::message_5ae647a76a87,Message,system: Системное уведомление: обращение зарегистрировано и ...,C041,,,,,,,,,event_018ef199ad16,,2025-01-02,,,,,,,,,message_5ae647a76a87,system,Системное уведомление: обращение зарегистрировано и связано с продуктом «Ипотека».
Message::message_5af9308fdfd7,Message,"client: Хочу оформить «Дебетовая карта». Подскажите, что нуж...",C036,,,,,,,,,event_f74ea6506987,,2024-09-29,,,,,,,,,message_5af9308fdfd7,client,"Хочу оформить «Дебетовая карта». Подскажите, что нужно сделать."
Message::message_5afbf36bcdc8,Message,operator: Я вижу историю клиента и учитываю этап «интерес к пр...,C043,,,,,,,,,event_05d3dff4256f,,2025-02-26,,,,,,,,,message_5afbf36bcdc8,operator,Я вижу историю клиента и учитываю этап «интерес к продукту».
Message::message_5b0d76e76764,Message,client: Меня зовут Фадеева Галина Тимофеевна. Прошу учесть м...,C036,,,,,,,,,event_cfb60056cc33,,2024-11-12,,,,,,,,,message_5b0d76e76764,client,Меня зовут Фадеева Галина Тимофеевна. Прошу учесть мой прошлый опыт и текущий продукт.
Message::message_5b57bd561c3a,Message,operator: Я вижу историю клиента и учитываю этап «знакомство».,C024,,,,,,,,,event_4a37e700a4c3,,2025-01-05,,,,,,,,,message_5b57bd561c3a,operator,Я вижу историю клиента и учитываю этап «знакомство».
Message::message_5b613b07e2d3,Message,operator: Я зафиксировал обращение. Статус сейчас: resolved.,C028,,,,,,,,,event_a8b7981d734a,,2025-01-21,,,,,,,,,message_5b613b07e2d3,operator,Я зафиксировал обращение. Статус сейчас: resolved.
Message::message_5ba11f52f734,Message,operator: Я вижу историю клиента и учитываю этап «жалоба».,C022,,,,,,,,,event_eaa1eb95ebd7,,2024-10-14,,,,,,,,,message_5ba11f52f734,operator,Я вижу историю клиента и учитываю этап «жалоба».
Message::message_5bc7e745abd1,Message,client: Я хочу понимать сроки и что будет происходить дальше.,C022,,,,,,,,,event_1e79f3245984,,2024-09-21,,,,,,,,,message_5bc7e745abd1,client,Я хочу понимать сроки и что будет происходить дальше.
Message::message_5bf61a55c7c7,Message,system: Системное уведомление: настроение обращения определе...,C049,,,,,,,,,event_efdf237f32d4,,2025-03-11,,,,,,,,,message_5bf61a55c7c7,system,Системное уведомление: настроение обращения определено как «negative».
Message::message_5c362953f957,Message,operator: Запускаю процесс оформления. Я буду сопровождать вас...,C047,,,,,,,,,event_abe212840fef,,2024-12-28,,,,,,,,,message_5c362953f957,operator,Запускаю процесс оформления. Я буду сопровождать вас на каждом шаге.
Message::message_5c548051f7d3,Message,operator: Для оформления понадобится подтвердить данные и выбр...,C017,,,,,,,,,event_604dc9f58779,,2025-01-30,,,,,,,,,message_5c548051f7d3,operator,Для оформления понадобится подтвердить данные и выбрать параметры продукта.
Message::message_5c80086c7fdd,Message,operator: Я зафиксировал обращение. Статус сейчас: in_progress.,C001,,,,,,,,,event_083e4c73eb20,,2025-05-30,,,,,,,,,message_5c80086c7fdd,operator,Я зафиксировал обращение. Статус сейчас: in_progress.
Message::message_5cc1b4496865,Message,"operator: Если появятся дополнительные вопросы, можно продолжи...",C024,,,,,,,,,event_2f93c12b9343,,2025-02-04,,,,,,,,,message_5cc1b4496865,operator,"Если появятся дополнительные вопросы, можно продолжить диалог в этом же канале."
Message::message_5cdc2aa58e02,Message,system: Системное уведомление: настроение обращения определе...,C049,,,,,,,,,event_942d32ad8213,,2024-12-29,,,,,,,,,message_5cdc2aa58e02,system,Системное уведомление: настроение обращения определено как «positive».
Message::message_5d442c464a44,Message,operator: Для оформления понадобится подтвердить данные и выбр...,C007,,,,,,,,,event_0a092504170b,,2025-01-21,,,,,,,,,message_5d442c464a44,operator,Для оформления понадобится подтвердить данные и выбрать параметры продукта.
Message::message_5d4715de3d19,Message,operator: Я вижу историю клиента и учитываю этап «эскалация».,C039,,,,,,,,,event_ad86c3b9249f,,2024-11-09,,,,,,,,,message_5d4715de3d19,operator,Я вижу историю клиента и учитываю этап «эскалация».
Message::message_5d76b7bac48b,Message,client: Я решил прекратить обслуживание. Прошу закрыть все в...,C039,,,,,,,,,event_68fa4b037b07,,2024-12-13,,,,,,,,,message_5d76b7bac48b,client,Я решил прекратить обслуживание. Прошу закрыть все вопросы по «Потребительский кредит».
Message::message_5d7b68d81108,Message,client: Пользуюсь продуктом «Ипотека» и хочу уточнить вопрос...,C042,,,,,,,,,event_fca8868fa5fe,,2025-04-10,,,,,,,,,message_5d7b68d81108,client,Пользуюсь продуктом «Ипотека» и хочу уточнить вопрос: комиссия.
Message::message_5d7e48fbfb3b,Message,operator: Сейчас отвечу по тарифам и помогу выбрать следующий ...,C035,,,,,,,,,event_ffc587b1db9e,,2025-02-17,,,,,,,,,message_5d7e48fbfb3b,operator,Сейчас отвечу по тарифам и помогу выбрать следующий шаг.
Message::message_5dedebf8b2ee,Message,system: Системное уведомление: клиенту присвоен статус обращ...,C017,,,,,,,,,event_645b8f0d7ac7,,2025-04-23,,,,,,,,,message_5dedebf8b2ee,system,Системное уведомление: клиенту присвоен статус обращения «resolved».
Message::message_5eaddcb2530f,Message,operator: Я вижу историю клиента и учитываю этап «удержание».,C012,,,,,,,,,event_92ec8a803166,,2025-01-30,,,,,,,,,message_5eaddcb2530f,operator,Я вижу историю клиента и учитываю этап «удержание».
Message::message_5eb2ab85a8f9,Message,"client: Важно, чтобы решение было понятным и без скрытых усл...",C008,,,,,,,,,event_a8f7a0d3ddb7,,2025-05-13,,,,,,,,,message_5eb2ab85a8f9,client,"Важно, чтобы решение было понятным и без скрытых условий."
Message::message_5ed1c28aa7d0,Message,client: Можно ли получить подтверждение после завершения опе...,C001,,,,,,,,,event_23cb234e9bed,,2025-01-18,,,,,,,,,message_5ed1c28aa7d0,client,Можно ли получить подтверждение после завершения операции?
Message::message_5f01ec6392ff,Message,"operator: По этому обращению указан статус «completed», оценка...",C020,,,,,,,,,event_de84b1891874,,2025-01-17,,,,,,,,,message_5f01ec6392ff,operator,"По этому обращению указан статус «completed», оценка удовлетворенности будет учтена."
Message::message_5f38505e9fff,Message,operator: Я вижу историю клиента и учитываю этап «жалоба».,C012,,,,,,,,,event_3163dbb1dd58,,2024-10-06,,,,,,,,,message_5f38505e9fff,operator,Я вижу историю клиента и учитываю этап «жалоба».
Message::message_5f9e970fefbb,Message,"client: Я уже обращался, но проблема с продуктом «Дебетовая ...",C028,,,,,,,,,event_047691e49e5e,,2024-12-25,,,,,,,,,message_5f9e970fefbb,client,"Я уже обращался, но проблема с продуктом «Дебетовая карта» остается."
Message::message_5faef1c13cb5,Message,client: Я хочу понимать сроки и что будет происходить дальше.,C038,,,,,,,,,event_7d5785e0bf41,,2024-09-21,,,,,,,,,message_5faef1c13cb5,client,Я хочу понимать сроки и что будет происходить дальше.
Message::message_6018b3cf9bdb,Message,operator: Отправлю вам подтверждение и краткое резюме по теме ...,C012,,,,,,,,,event_4ca74c4f8d6f,,2024-12-16,,,,,,,,,message_6018b3cf9bdb,operator,Отправлю вам подтверждение и краткое резюме по теме «жалоба на обслуживание».
Message::message_60328feda960,Message,operator: Я вижу историю клиента и учитываю этап «покупка».,C016,,,,,,,,,event_1eec34c9d6ac,,2025-02-06,,,,,,,,,message_60328feda960,operator,Я вижу историю клиента и учитываю этап «покупка».
Message::message_606157f30ed4,Message,"operator: По этому обращению указан статус «completed», оценка...",C038,,,,,,,,,event_7d5785e0bf41,,2024-09-21,,,,,,,,,message_606157f30ed4,operator,"По этому обращению указан статус «completed», оценка удовлетворенности будет учтена."
Message::message_60b2befbb259,Message,"operator: Могу рассказать про тариф, лимиты, комиссии и порядо...",C036,,,,,,,,,event_f1d9a60c299d,,2024-09-07,,,,,,,,,message_60b2befbb259,operator,"Могу рассказать про тариф, лимиты, комиссии и порядок оформления."
Message::message_60c45b58528e,Message,system: Системное уведомление: тема обращения классифицирова...,C043,,,,,,,,,event_05d3dff4256f,,2025-02-26,,,,,,,,,message_60c45b58528e,system,Системное уведомление: тема обращения классифицирована как «консультация по тарифам».
Message::message_60d1d2eeea7f,Message,client: Я хочу понимать сроки и что будет происходить дальше.,C013,,,,,,,,,event_f4e9f24b357b,,2024-11-15,,,,,,,,,message_60d1d2eeea7f,client,Я хочу понимать сроки и что будет происходить дальше.
Message::message_60d57374fc38,Message,operator: Давайте оформим дополнительный продукт и учтем ваш т...,C020,,,,,,,,,event_de84b1891874,,2025-01-17,,,,,,,,,message_60d57374fc38,operator,Давайте оформим дополнительный продукт и учтем ваш текущий профиль.
Message::message_60d768426f1b,Message,client: Проверяю статус проблемы по продукту «Ипотека». Есть...,C041,,,,,,,,,event_018ef199ad16,,2025-01-02,,,,,,,,,message_60d768426f1b,client,Проверяю статус проблемы по продукту «Ипотека». Есть ли решение?
Message::message_611122054321,Message,"client: Здравствуйте. Подскажите, пожалуйста, что важно знат...",C044,,,,,,,,,event_912be879b778,,2025-01-27,,,,,,,,,message_611122054321,client,"Здравствуйте. Подскажите, пожалуйста, что важно знать про «Накопительный счет»?"
Message::message_618f82e90f1f,Message,operator: Я вижу историю клиента и учитываю этап «повторная по...,C005,,,,,,,,,event_32f0087e4868,,2024-12-22,,,,,,,,,message_618f82e90f1f,operator,Я вижу историю клиента и учитываю этап «повторная покупка».
Message::message_61c6c509555c,Message,system: Системное уведомление: настроение обращения определе...,C039,,,,,,,,,event_ad86c3b9249f,,2024-11-09,,,,,,,,,message_61c6c509555c,system,Системное уведомление: настроение обращения определено как «negative».
Message::message_621cc98d3560,Message,client: Я хочу понимать сроки и что будет происходить дальше.,C035,,,,,,,,,event_10c25891fbda,,2025-07-16,,,,,,,,,message_621cc98d3560,client,Я хочу понимать сроки и что будет происходить дальше.
Message::message_623745b3e14b,Message,operator: Сейчас подберу вариант с учетом уже подключенных про...,C030,,,,,,,,,event_914bc2b32205,,2025-05-18,,,,,,,,,message_623745b3e14b,operator,Сейчас подберу вариант с учетом уже подключенных продуктов.
Message::message_6237f33729fd,Message,client: Мне удобнее продолжить общение через канал «офис».,C040,,,,,,,,,event_14b04203f743,,2025-01-26,,,,,,,,,message_6237f33729fd,client,Мне удобнее продолжить общение через канал «офис».
Message::message_624aded2a98b,Message,operator: Я вижу историю клиента и учитываю этап «удержание».,C041,,,,,,,,,event_54961ad78c04,,2025-02-08,,,,,,,,,message_624aded2a98b,operator,Я вижу историю клиента и учитываю этап «удержание».
Message::message_6267d13ce0c7,Message,"client: Важно, чтобы решение было понятным и без скрытых усл...",C009,,,,,,,,,event_afcbbd08ccc2,,2025-01-10,,,,,,,,,message_6267d13ce0c7,client,"Важно, чтобы решение было понятным и без скрытых условий."
Message::message_628b66c22e89,Message,operator: Я вижу историю клиента и учитываю этап «использовани...,C036,,,,,,,,,event_cfb60056cc33,,2024-11-12,,,,,,,,,message_628b66c22e89,operator,Я вижу историю клиента и учитываю этап «использование продукта».
Message::message_6299ff9516c0,Message,client: Я принял решение оформить «Накопительный счет». Помо...,C049,,,,,,,,,event_942d32ad8213,,2024-12-29,,,,,,,,,message_6299ff9516c0,client,Я принял решение оформить «Накопительный счет». Помогите завершить заявку.
Message::message_62c77285b42e,Message,"client: Подскажите, пожалуйста, как правильно действовать по...",C043,,,,,,,,,event_5d87fb0d500f,,2025-04-04,,,,,,,,,message_62c77285b42e,client,"Подскажите, пожалуйста, как правильно действовать по теме «комиссия»."
Message::message_62eb814815eb,Message,client: Добрый день. Я впервые обращаюсь в банк и хочу узнат...,C035,,,,,,,,,event_ee4f49a3b398,,2024-12-25,,,,,,,,,message_62eb814815eb,client,Добрый день. Я впервые обращаюсь в банк и хочу узнать про «Ипотека».
Message::message_632e3ab61720,Message,system: Системное уведомление: клиенту присвоен статус обращ...,C028,,,,,,,,,event_e346253f3775,,2025-03-04,,,,,,,,,message_632e3ab61720,system,Системное уведомление: клиенту присвоен статус обращения «retained».
Message::message_63910a3ced5f,Message,"operator: По этому обращению указан статус «escalated», оценка...",C015,,,,,,,,,event_e854a4fa7f5b,,2024-11-15,,,,,,,,,message_63910a3ced5f,operator,"По этому обращению указан статус «escalated», оценка удовлетворенности будет учтена."
Message::message_63a3969c952b,Message,client: Меня зовут Леон Демидович Павлов. Прошу учесть мой п...,C039,,,,,,,,,event_ad86c3b9249f,,2024-11-09,,,,,,,,,message_63a3969c952b,client,Меня зовут Леон Демидович Павлов. Прошу учесть мой прошлый опыт и текущий продукт.
Message::message_63a6cec0e05a,Message,operator: Сейчас подберу вариант с учетом уже подключенных про...,C011,,,,,,,,,event_9c0778bd1c34,,2025-02-04,,,,,,,,,message_63a6cec0e05a,operator,Сейчас подберу вариант с учетом уже подключенных продуктов.
Message::message_643a89f16062,Message,"client: Здравствуйте, хочу понять, как у вас работает продук...",C037,,,,,,,,,event_9061bb01cff7,,2024-09-12,,,,,,,,,message_643a89f16062,client,"Здравствуйте, хочу понять, как у вас работает продукт «Страхование». Интересуют условия продукта."
Message::message_6458cdef7e9d,Message,operator: Давайте посмотрим детали операции и найдем ответ.,C012,,,,,,,,,event_731191183003,,2024-09-03,,,,,,,,,message_6458cdef7e9d,operator,Давайте посмотрим детали операции и найдем ответ.
Message::message_645f1157744d,Message,operator: Отправлю вам подтверждение и краткое резюме по теме ...,C033,,,,,,,,,event_7ba092af714b,,2024-11-16,,,,,,,,,message_645f1157744d,operator,Отправлю вам подтверждение и краткое резюме по теме «закрытие продукта».
Message::message_64b74802a4ff,Message,client: Я хочу понимать сроки и что будет происходить дальше.,C050,,,,,,,,,event_24b00571fa17,,2024-10-18,,,,,,,,,message_64b74802a4ff,client,Я хочу понимать сроки и что будет происходить дальше.
Message::message_64c92c6b286e,Message,"client: Уточните, пожалуйста, это повлияет на мои текущие пр...",C016,,,,,,,,,event_ba3263fb68e2,,2025-01-08,,,,,,,,,message_64c92c6b286e,client,"Уточните, пожалуйста, это повлияет на мои текущие продукты?"
Message::message_651eaccc1124,Message,operator: Я зафиксировал обращение. Статус сейчас: resolved.,C038,,,,,,,,,event_c98eed443026,,2024-12-23,,,,,,,,,message_651eaccc1124,operator,Я зафиксировал обращение. Статус сейчас: resolved.
Message::message_653a4f248c52,Message,system: Системное уведомление: тема обращения классифицирова...,C030,,,,,,,,,event_d4148e149005,,2025-06-25,,,,,,,,,message_653a4f248c52,system,Системное уведомление: тема обращения классифицирована как «комиссия».
Message::message_653c337c5b01,Message,"operator: Понимаю. Зафиксирую причину ухода и проверю, что нуж...",C033,,,,,,,,,event_7ba092af714b,,2024-11-16,,,,,,,,,message_653c337c5b01,operator,"Понимаю. Зафиксирую причину ухода и проверю, что нужно закрыть."
Message::message_654a2210d663,Message,operator: Здравствуйте. Расскажу основные условия и помогу выб...,C047,,,,,,,,,event_40ec4ea8ce5f,,2024-12-01,,,,,,,,,message_654a2210d663,operator,Здравствуйте. Расскажу основные условия и помогу выбрать подходящий вариант.
Message::message_655e3c325bab,Message,operator: Понимаю. Давайте уточним ваши цели и подберем подход...,C043,,,,,,,,,event_05d3dff4256f,,2025-02-26,,,,,,,,,message_655e3c325bab,operator,Понимаю. Давайте уточним ваши цели и подберем подходящие условия.
Message::message_657ac6e379cc,Message,"operator: Если появятся дополнительные вопросы, можно продолжи...",C017,,,,,,,,,event_3143fb525d29,,2025-05-28,,,,,,,,,message_657ac6e379cc,operator,"Если появятся дополнительные вопросы, можно продолжить диалог в этом же канале."
Message::message_657f942e1b51,Message,operator: Я вижу историю клиента и учитываю этап «знакомство».,C040,,,,,,,,,event_14b04203f743,,2025-01-26,,,,,,,,,message_657f942e1b51,operator,Я вижу историю клиента и учитываю этап «знакомство».
Message::message_65a739cd2d5a,Message,"client: Важно, чтобы решение было понятным и без скрытых усл...",C043,,,,,,,,,event_cbcaed27118b,,2025-03-11,,,,,,,,,message_65a739cd2d5a,client,"Важно, чтобы решение было понятным и без скрытых условий."
Message::message_65acb044325a,Message,operator: Сейчас проверю информацию по продукту и объясню поря...,C049,,,,,,,,,event_30f7917b9982,,2025-01-29,,,,,,,,,message_65acb044325a,operator,Сейчас проверю информацию по продукту и объясню порядок действий.
Message::message_65f3d127f8f2,Message,"operator: По этому обращению указан статус «completed», оценка...",C023,,,,,,,,,event_a122f25f71aa,,2025-01-20,,,,,,,,,message_65f3d127f8f2,operator,"По этому обращению указан статус «completed», оценка удовлетворенности будет учтена."
Message::message_6608a1e37660,Message,"operator: Конечно, давайте разберем условия и возможные ограни...",C048,,,,,,,,,event_fb84c9525fb2,,2025-01-25,,,,,,,,,message_6608a1e37660,operator,"Конечно, давайте разберем условия и возможные ограничения."
Message::message_6635c4711190,Message,system: Системное уведомление: клиенту присвоен статус обращ...,C001,,,,,,,,,event_27771ad1ae68,,2024-12-11,,,,,,,,,message_6635c4711190,system,Системное уведомление: клиенту присвоен статус обращения «completed».
Message::message_665f3bb31c26,Message,"operator: Информация передана в работу, ориентировочный срок р...",C030,,,,,,,,,event_732177d7e241,,2025-02-28,,,,,,,,,message_665f3bb31c26,operator,"Информация передана в работу, ориентировочный срок решения зависит от проверки."
Message::message_66929a96ff2c,Message,"operator: Если появятся дополнительные вопросы, можно продолжи...",C011,,,,,,,,,event_2ec6a02eb4ee,,2024-11-17,,,,,,,,,message_66929a96ff2c,operator,"Если появятся дополнительные вопросы, можно продолжить диалог в этом же канале."
Message::message_6697a150033e,Message,"operator: Если появятся дополнительные вопросы, можно продолжи...",C002,,,,,,,,,event_33213a837f9a,,2024-11-25,,,,,,,,,message_6697a150033e,operator,"Если появятся дополнительные вопросы, можно продолжить диалог в этом же канале."
Message::message_66bd1289d773,Message,system: Системное уведомление: история взаимодействий клиент...,C045,,,,,,,,,event_bdbd248e7958,,2024-10-16,,,,,,,,,message_66bd1289d773,system,Системное уведомление: история взаимодействий клиента обновлена.
Message::message_66e2c774801d,Message,system: Системное уведомление: настроение обращения определе...,C047,,,,,,,,,event_40ec4ea8ce5f,,2024-12-01,,,,,,,,,message_66e2c774801d,system,Системное уведомление: настроение обращения определено как «positive».
Message::message_66ee108aebff,Message,"operator: Информация передана в работу, ориентировочный срок р...",C007,,,,,,,,,event_438d7c6d946a,,2025-03-18,,,,,,,,,message_66ee108aebff,operator,"Информация передана в работу, ориентировочный срок решения зависит от проверки."
Message::message_670217bfcb9a,Message,operator: Я вижу историю клиента и учитываю этап «использовани...,C014,,,,,,,,,event_7cf7a4a696ab,,2025-01-03,,,,,,,,,message_670217bfcb9a,operator,Я вижу историю клиента и учитываю этап «использование продукта».
Message::message_670bf9e2346b,Message,"client: Подскажите, пожалуйста, как правильно действовать по...",C039,,,,,,,,,event_04b1ad977154,,2024-09-23,,,,,,,,,message_670bf9e2346b,client,"Подскажите, пожалуйста, как правильно действовать по теме «комиссия»."
Message::message_670ddb64a3e6,Message,system: Системное уведомление: настроение обращения определе...,C016,,,,,,,,,event_794b9a0f37b6,,2025-05-12,,,,,,,,,message_670ddb64a3e6,system,Системное уведомление: настроение обращения определено как «negative».
Message::message_67226f6a6dba,Message,"operator: Мне жаль, что вы приняли такое решение. Я помогу кор...",C027,,,,,,,,,event_9c644e806eb3,,2025-03-31,,,,,,,,,message_67226f6a6dba,operator,"Мне жаль, что вы приняли такое решение. Я помогу корректно завершить обслуживание."
Message::message_6722c04a5796,Message,operator: Я вижу историю клиента и учитываю этап «повторная по...,C042,,,,,,,,,event_2becb5ce4b6b,,2025-03-20,,,,,,,,,message_6722c04a5796,operator,Я вижу историю клиента и учитываю этап «повторная покупка».
Message::message_6768179b43bb,Message,"client: Здравствуйте. Подскажите, пожалуйста, что важно знат...",C036,,,,,,,,,event_d86bbedebbde,,2024-08-04,,,,,,,,,message_6768179b43bb,client,"Здравствуйте. Подскажите, пожалуйста, что важно знать про «Накопительный счет»?"
Message::message_6775dd0002fe,Message,operator: Я зафиксировал обращение. Статус сейчас: escalated.,C012,,,,,,,,,event_a20ffd583ad5,,2024-11-14,,,,,,,,,message_6775dd0002fe,operator,Я зафиксировал обращение. Статус сейчас: escalated.
Message::message_677a4494bcd9,Message,operator: Я вижу историю клиента и учитываю этап «знакомство».,C016,,,,,,,,,event_ba3263fb68e2,,2025-01-08,,,,,,,,,message_677a4494bcd9,operator,Я вижу историю клиента и учитываю этап «знакомство».
Message::message_67a1c0c2b9cf,Message,client: Меня зовут Панфил Арсенович Блинов. Прошу учесть мой...,C028,,,,,,,,,event_1b8c0b245bc3,,2024-11-21,,,,,,,,,message_67a1c0c2b9cf,client,Меня зовут Панфил Арсенович Блинов. Прошу учесть мой прошлый опыт и текущий продукт.
Message::message_67b9821f1543,Message,system: Системное уведомление: клиенту присвоен статус обращ...,C023,,,,,,,,,event_005dbb194333,,2024-12-06,,,,,,,,,message_67b9821f1543,system,Системное уведомление: клиенту присвоен статус обращения «completed».
Message::message_68094da24515,Message,"client: Я уже обращался, но проблема с продуктом «Потребител...",C002,,,,,,,,,event_1d9133db1e58,,2024-12-30,,,,,,,,,message_68094da24515,client,"Я уже обращался, но проблема с продуктом «Потребительский кредит» остается."
Message::message_68167dd57b6e,Message,"operator: Если появятся дополнительные вопросы, можно продолжи...",C010,,,,,,,,,event_8b188eea9d21,,2024-11-14,,,,,,,,,message_68167dd57b6e,operator,"Если появятся дополнительные вопросы, можно продолжить диалог в этом же канале."
Message::message_6874b1585caf,Message,"client: Уточните, пожалуйста, это повлияет на мои текущие пр...",C020,,,,,,,,,event_bd0c35bb7dc6,,2024-10-27,,,,,,,,,message_6874b1585caf,client,"Уточните, пожалуйста, это повлияет на мои текущие продукты?"
Message::message_68983c8ed9f8,Message,client: Добрый день. Я впервые обращаюсь в банк и хочу узнат...,C016,,,,,,,,,event_ba3263fb68e2,,2025-01-08,,,,,,,,,message_68983c8ed9f8,client,Добрый день. Я впервые обращаюсь в банк и хочу узнать про «Кредитная карта».
Message::message_68a7175f61ac,Message,"operator: Проверила статус: решение уже применено, сейчас объя...",C038,,,,,,,,,event_c98eed443026,,2024-12-23,,,,,,,,,message_68a7175f61ac,operator,"Проверила статус: решение уже применено, сейчас объясню детали."
Message::message_68bd51afacdf,Message,"client: Важно, чтобы решение было понятным и без скрытых усл...",C023,,,,,,,,,event_5b7c198b3863,,2025-02-15,,,,,,,,,message_68bd51afacdf,client,"Важно, чтобы решение было понятным и без скрытых условий."
Message::message_68f2deb84187,Message,system: Системное уведомление: настроение обращения определе...,C017,,,,,,,,,event_d4e1bac7722d,,2025-09-02,,,,,,,,,message_68f2deb84187,system,Системное уведомление: настроение обращения определено как «neutral».
Message::message_6901f1e70a93,Message,client: Я хочу понимать сроки и что будет происходить дальше.,C020,,,,,,,,,event_7cf6fe1f85ab,,2024-08-21,,,,,,,,,message_6901f1e70a93,client,Я хочу понимать сроки и что будет происходить дальше.
Message::message_692d6bd66a4a,Message,operator: Я зафиксировал обращение. Статус сейчас: completed.,C011,,,,,,,,,event_bf8e68242dbf,,2024-12-02,,,,,,,,,message_692d6bd66a4a,operator,Я зафиксировал обращение. Статус сейчас: completed.
Message::message_6944ae19eb75,Message,client: Прошу передать обращение старшему специалисту. Вопро...,C012,,,,,,,,,event_a20ffd583ad5,,2024-11-14,,,,,,,,,message_6944ae19eb75,client,Прошу передать обращение старшему специалисту. Вопрос по «Дебетовая карта» не решен.
Message::message_697881cd7b25,Message,"client: Важно, чтобы решение было понятным и без скрытых усл...",C005,,,,,,,,,event_793eb5cc3758,,2024-10-28,,,,,,,,,message_697881cd7b25,client,"Важно, чтобы решение было понятным и без скрытых условий."
Message::message_697c4167e00e,Message,operator: Я вижу историю клиента и учитываю этап «знакомство».,C034,,,,,,,,,event_7467e1f53e11,,2024-09-18,,,,,,,,,message_697c4167e00e,operator,Я вижу историю клиента и учитываю этап «знакомство».
Message::message_698426343f90,Message,client: Рассматриваю «Инвестиционный счет» и хочу уточнить у...,C034,,,,,,,,,event_9123926b3608,,2024-09-28,,,,,,,,,message_698426343f90,client,Рассматриваю «Инвестиционный счет» и хочу уточнить условия перед оформлением.
Message::message_6a06b4862a66,Message,system: Системное уведомление: настроение обращения определе...,C010,,,,,,,,,event_d71ea6919cd3,,2024-11-23,,,,,,,,,message_6a06b4862a66,system,Системное уведомление: настроение обращения определено как «positive».
Message::message_6a71c2dd9ef0,Message,operator: Отправлю вам подтверждение и краткое резюме по теме ...,C041,,,,,,,,,event_1315f43b9ad3,,2024-11-26,,,,,,,,,message_6a71c2dd9ef0,operator,Отправлю вам подтверждение и краткое резюме по теме «жалоба на обслуживание».
Message::message_6a83d1f015d5,Message,"client: Важно, чтобы решение было понятным и без скрытых усл...",C046,,,,,,,,,event_e42e836c5490,,2025-01-30,,,,,,,,,message_6a83d1f015d5,client,"Важно, чтобы решение было понятным и без скрытых условий."
Message::message_6a9c7a1bc0be,Message,client: Я хочу понимать сроки и что будет происходить дальше.,C016,,,,,,,,,event_8cdb82c9630e,,2025-06-16,,,,,,,,,message_6a9c7a1bc0be,client,Я хочу понимать сроки и что будет происходить дальше.
Message::message_6ad3397a5a81,Message,"client: Уточните, пожалуйста, это повлияет на мои текущие пр...",C010,,,,,,,,,event_d768c0c7f4ab,,2024-10-24,,,,,,,,,message_6ad3397a5a81,client,"Уточните, пожалуйста, это повлияет на мои текущие продукты?"
Message::message_6b3832a31893,Message,"client: Обращаюсь в поддержку, потому что есть проблема: тех...",C001,,,,,,,,,event_9574cad4294c,,2025-05-15,,,,,,,,,message_6b3832a31893,client,"Обращаюсь в поддержку, потому что есть проблема: техническая ошибка."
Message::message_6b5212e80124,Message,system: Системное уведомление: настроение обращения определе...,C046,,,,,,,,,event_d1d2d046f009,,2025-04-17,,,,,,,,,message_6b5212e80124,system,Системное уведомление: настроение обращения определено как «neutral».
Message::message_6b56a1120a23,Message,system: Системное уведомление: обращение зарегистрировано и ...,C049,,,,,,,,,event_aad82a6c7be5,,2025-04-25,,,,,,,,,message_6b56a1120a23,system,Системное уведомление: обращение зарегистрировано и связано с продуктом «Накопительный счет».
Message::message_6b94c7173f03,Message,"operator: Если появятся дополнительные вопросы, можно продолжи...",C045,,,,,,,,,event_42fe7392948e,,2024-09-28,,,,,,,,,message_6b94c7173f03,operator,"Если появятся дополнительные вопросы, можно продолжить диалог в этом же канале."
Message::message_6bb331eae21f,Message,"operator: Если появятся дополнительные вопросы, можно продолжи...",C030,,,,,,,,,event_914bc2b32205,,2025-05-18,,,,,,,,,message_6bb331eae21f,operator,"Если появятся дополнительные вопросы, можно продолжить диалог в этом же канале."
Message::message_6be1c4a40089,Message,operator: Давайте оформим дополнительный продукт и учтем ваш т...,C011,,,,,,,,,event_a461a9c10bb9,,2025-05-01,,,,,,,,,message_6be1c4a40089,operator,Давайте оформим дополнительный продукт и учтем ваш текущий профиль.
Message::message_6c1622e2ecb2,Message,client: Нужна помощь по продукту «Кредитная карта»: возник в...,C017,,,,,,,,,event_5c5c58e9eb46,,2025-03-26,,,,,,,,,message_6c1622e2ecb2,client,Нужна помощь по продукту «Кредитная карта»: возник вопрос «ошибка в приложении».
Message::message_6c1b63f4538b,Message,"operator: Если появятся дополнительные вопросы, можно продолжи...",C043,,,,,,,,,event_5d87fb0d500f,,2025-04-04,,,,,,,,,message_6c1b63f4538b,operator,"Если появятся дополнительные вопросы, можно продолжить диалог в этом же канале."
Message::message_6c558929a479,Message,system: Системное уведомление: клиенту присвоен статус обращ...,C013,,,,,,,,,event_f4e9f24b357b,,2024-11-15,,,,,,,,,message_6c558929a479,system,Системное уведомление: клиенту присвоен статус обращения «completed».
Message::message_6c5838006d53,Message,system: Системное уведомление: клиенту присвоен статус обращ...,C034,,,,,,,,,event_9123926b3608,,2024-09-28,,,,,,,,,message_6c5838006d53,system,Системное уведомление: клиенту присвоен статус обращения «completed».
Message::message_6c691dc008dc,Message,client: Меня зовут Фадеева Галина Тимофеевна. Прошу учесть м...,C036,,,,,,,,,event_1e24bd1e959c,,2024-12-18,,,,,,,,,message_6c691dc008dc,client,Меня зовут Фадеева Галина Тимофеевна. Прошу учесть мой прошлый опыт и текущий продукт.
Message::message_6d3d810ea323,Message,client: Меня зовут Гордей Федосьевич Александров. Прошу учес...,C007,,,,,,,,,event_7d25c29698b6,,2025-04-23,,,,,,,,,message_6d3d810ea323,client,Меня зовут Гордей Федосьевич Александров. Прошу учесть мой прошлый опыт и текущий продукт.
Message::message_6d6656fdf72e,Message,operator: Отправлю вам подтверждение и краткое резюме по теме ...,C005,,,,,,,,,event_32f0087e4868,,2024-12-22,,,,,,,,,message_6d6656fdf72e,operator,Отправлю вам подтверждение и краткое резюме по теме «оформление продукта».
Message::message_6d796a17eab5,Message,system: Системное уведомление: настроение обращения определе...,C024,,,,,,,,,event_2f93c12b9343,,2025-02-04,,,,,,,,,message_6d796a17eab5,system,Системное уведомление: настроение обращения определено как «positive».
Message::message_6da7db0489ab,Message,system: Системное уведомление: тема обращения классифицирова...,C015,,,,,,,,,event_e854a4fa7f5b,,2024-11-15,,,,,,,,,message_6da7db0489ab,system,Системное уведомление: тема обращения классифицирована как «просрочка платежа».
Message::message_6e5da356ff5d,Message,operator: Я вижу историю клиента и учитываю этап «консультация».,C046,,,,,,,,,event_20d03315c9a3,,2024-12-14,,,,,,,,,message_6e5da356ff5d,operator,Я вижу историю клиента и учитываю этап «консультация».
Message::message_6e8044c3457d,Message,"operator: Информация передана в работу, ориентировочный срок р...",C026,,,,,,,,,event_ac67b3c3aba8,,2024-12-22,,,,,,,,,message_6e8044c3457d,operator,"Информация передана в работу, ориентировочный срок решения зависит от проверки."
Message::message_6e83c49049ce,Message,client: Меня зовут Радислав Валерианович Крылов. Прошу учест...,C046,,,,,,,,,event_20d03315c9a3,,2024-12-14,,,,,,,,,message_6e83c49049ce,client,Меня зовут Радислав Валерианович Крылов. Прошу учесть мой прошлый опыт и текущий продукт.
Message::message_6ed055609509,Message,"client: Обращаюсь в поддержку, потому что есть проблема: тех...",C030,,,,,,,,,event_709479fb7e8e,,2025-08-08,,,,,,,,,message_6ed055609509,client,"Обращаюсь в поддержку, потому что есть проблема: техническая ошибка."
Message::message_6f07220a56a2,Message,system: Системное уведомление: настроение обращения определе...,C030,,,,,,,,,event_72d3ee9df974,,2025-03-30,,,,,,,,,message_6f07220a56a2,system,Системное уведомление: настроение обращения определено как «positive».
Message::message_6fbbe1c526d5,Message,operator: Эскалация оформлена. Специалист проверит историю обр...,C032,,,,,,,,,event_5abb571c5117,,2025-03-04,,,,,,,,,message_6fbbe1c526d5,operator,Эскалация оформлена. Специалист проверит историю обращений.
Message::message_6fe0e17c5fc0,Message,"operator: По этому обращению указан статус «completed», оценка...",C014,,,,,,,,,event_724d42d1789c,,2024-11-01,,,,,,,,,message_6fe0e17c5fc0,operator,"По этому обращению указан статус «completed», оценка удовлетворенности будет учтена."
Message::message_7009a3e428a9,Message,operator: Сейчас проверю информацию по продукту и объясню поря...,C020,,,,,,,,,event_7cf6fe1f85ab,,2024-08-21,,,,,,,,,message_7009a3e428a9,operator,Сейчас проверю информацию по продукту и объясню порядок действий.
Message::message_70a615fafc43,Message,"operator: По этому обращению указан статус «completed», оценка...",C048,,,,,,,,,event_e48895189837,,2025-03-14,,,,,,,,,message_70a615fafc43,operator,"По этому обращению указан статус «completed», оценка удовлетворенности будет учтена."
Message::message_70a7487bef8f,Message,operator: Я зафиксировал обращение. Статус сейчас: completed.,C012,,,,,,,,,event_731191183003,,2024-09-03,,,,,,,,,message_70a7487bef8f,operator,Я зафиксировал обращение. Статус сейчас: completed.
Message::message_70e2f445c71f,Message,system: Системное уведомление: история взаимодействий клиент...,C002,,,,,,,,,event_7dce7853327a,,2025-01-26,,,,,,,,,message_70e2f445c71f,system,Системное уведомление: история взаимодействий клиента обновлена.
Message::message_71582f4731f9,Message,"client: Важно, чтобы решение было понятным и без скрытых усл...",C011,,,,,,,,,event_b5990ddd8e29,,2025-01-02,,,,,,,,,message_71582f4731f9,client,"Важно, чтобы решение было понятным и без скрытых условий."
Message::message_715a5027d586,Message,client: Я хочу понимать сроки и что будет происходить дальше.,C008,,,,,,,,,event_993373bca03d,,2025-04-05,,,,,,,,,message_715a5027d586,client,Я хочу понимать сроки и что будет происходить дальше.
Message::message_71866daedc80,Message,client: Можно ли получить подтверждение после завершения опе...,C001,,,,,,,,,event_65d9b172fbc2,,2025-04-01,,,,,,,,,message_71866daedc80,client,Можно ли получить подтверждение после завершения операции?
Message::message_71a9c3065085,Message,"operator: По этому обращению указан статус «resolved», оценка ...",C015,,,,,,,,,event_315214396d17,,2025-03-03,,,,,,,,,message_71a9c3065085,operator,"По этому обращению указан статус «resolved», оценка удовлетворенности будет учтена."
Message::message_71c59e4e9661,Message,"operator: Информация передана в работу, ориентировочный срок р...",C001,,,,,,,,,event_65d9b172fbc2,,2025-04-01,,,,,,,,,message_71c59e4e9661,operator,"Информация передана в работу, ориентировочный срок решения зависит от проверки."
Message::message_71f38fc67ade,Message,client: Меня зовут Сысоева Валентина Кузьминична. Прошу учес...,C034,,,,,,,,,event_9123926b3608,,2024-09-28,,,,,,,,,message_71f38fc67ade,client,Меня зовут Сысоева Валентина Кузьминична. Прошу учесть мой прошлый опыт и текущий продукт.
Message::message_71fc1f109143,Message,"operator: Отлично, я помогу оформить заявку и проверю необходи...",C005,,,,,,,,,event_793eb5cc3758,,2024-10-28,,,,,,,,,message_71fc1f109143,operator,"Отлично, я помогу оформить заявку и проверю необходимые данные."
Message::message_71fea9e01039,Message,system: Системное уведомление: обращение зарегистрировано и ...,C011,,,,,,,,,event_31297d57fdf6,,2024-10-07,,,,,,,,,message_71fea9e01039,system,Системное уведомление: обращение зарегистрировано и связано с продуктом «Ипотека».
Message::message_7258424c1fb2,Message,client: Хочу сравнить условия по продукту «Дебетовая карта» ...,C043,,,,,,,,,event_05d3dff4256f,,2025-02-26,,,,,,,,,message_7258424c1fb2,client,Хочу сравнить условия по продукту «Дебетовая карта» с текущими вариантами.
Message::message_727e2efea1c7,Message,system: Системное уведомление: клиенту присвоен статус обращ...,C034,,,,,,,,,event_992265af59e7,,2025-01-08,,,,,,,,,message_727e2efea1c7,system,Системное уведомление: клиенту присвоен статус обращения «completed».
Message::message_72bdd787b687,Message,client: Я хочу понимать сроки и что будет происходить дальше.,C032,,,,,,,,,event_b1f09822f639,,2025-03-30,,,,,,,,,message_72bdd787b687,client,Я хочу понимать сроки и что будет происходить дальше.
Message::message_72e5d8cf0908,Message,client: Меня зовут Чернов Николай Фокич. Прошу учесть мой пр...,C023,,,,,,,,,event_a122f25f71aa,,2025-01-20,,,,,,,,,message_72e5d8cf0908,client,Меня зовут Чернов Николай Фокич. Прошу учесть мой прошлый опыт и текущий продукт.
Message::message_731686602fda,Message,client: Мне удобнее продолжить общение через канал «телефон».,C035,,,,,,,,,event_4f215353ec22,,2025-09-06,,,,,,,,,message_731686602fda,client,Мне удобнее продолжить общение через канал «телефон».
Message::message_737e3b57eded,Message,"operator: Информация передана в работу, ориентировочный срок р...",C007,,,,,,,,,event_ca232430e006,,2025-02-15,,,,,,,,,message_737e3b57eded,operator,"Информация передана в работу, ориентировочный срок решения зависит от проверки."
Message::message_73cacc0f7212,Message,operator: Здравствуйте. Расскажу основные условия и помогу выб...,C005,,,,,,,,,event_7c2d07c505cf,,2024-09-28,,,,,,,,,message_73cacc0f7212,operator,Здравствуйте. Расскажу основные условия и помогу выбрать подходящий вариант.
Message::message_73ddd1c58c65,Message,system: Системное уведомление: настроение обращения определе...,C006,,,,,,,,,event_cf43f0366792,,2024-12-08,,,,,,,,,message_73ddd1c58c65,system,Системное уведомление: настроение обращения определено как «negative».
Message::message_7405a62d19d0,Message,"operator: Добрый день. Сейчас поясню, как устроен продукт и ка...",C037,,,,,,,,,event_9061bb01cff7,,2024-09-12,,,,,,,,,message_7405a62d19d0,operator,"Добрый день. Сейчас поясню, как устроен продукт и какие шаги нужны."
Message::message_74269dba9815,Message,"operator: Если появятся дополнительные вопросы, можно продолжи...",C032,,,,,,,,,event_bd8bcd07b57e,,2025-01-23,,,,,,,,,message_74269dba9815,operator,"Если появятся дополнительные вопросы, можно продолжить диалог в этом же канале."
Message::message_74978603d18f,Message,"operator: Мне жаль, что вы приняли такое решение. Я помогу кор...",C016,,,,,,,,,event_8cdb82c9630e,,2025-06-16,,,,,,,,,message_74978603d18f,operator,"Мне жаль, что вы приняли такое решение. Я помогу корректно завершить обслуживание."
Message::message_74a6922174c3,Message,"client: Важно, чтобы решение было понятным и без скрытых усл...",C011,,,,,,,,,event_dee79f911a48,,2025-03-06,,,,,,,,,message_74a6922174c3,client,"Важно, чтобы решение было понятным и без скрытых условий."
Message::message_74daaf84976a,Message,operator: Давайте посмотрим детали операции и найдем ответ.,C041,,,,,,,,,event_62cf9e35e01b,,2024-10-16,,,,,,,,,message_74daaf84976a,operator,Давайте посмотрим детали операции и найдем ответ.
Message::message_74eb544d4655,Message,"operator: Если появятся дополнительные вопросы, можно продолжи...",C032,,,,,,,,,event_5abb571c5117,,2025-03-04,,,,,,,,,message_74eb544d4655,operator,"Если появятся дополнительные вопросы, можно продолжить диалог в этом же канале."
Message::message_74ec23835796,Message,"operator: По этому обращению указан статус «escalated», оценка...",C039,,,,,,,,,event_ad86c3b9249f,,2024-11-09,,,,,,,,,message_74ec23835796,operator,"По этому обращению указан статус «escalated», оценка удовлетворенности будет учтена."
Message::message_752f16d0e157,Message,operator: Понимаю. Подключаю профильную команду для дополнител...,C012,,,,,,,,,event_a20ffd583ad5,,2024-11-14,,,,,,,,,message_752f16d0e157,operator,Понимаю. Подключаю профильную команду для дополнительной проверки.
Message::message_755ad68990f2,Message,operator: Я передаю обращение на следующий уровень поддержки и...,C001,,,,,,,,,event_27f9b4ebb9c8,,2025-06-27,,,,,,,,,message_755ad68990f2,operator,Я передаю обращение на следующий уровень поддержки и отмечаю срочность.
Message::message_758145ab230c,Message,system: Системное уведомление: клиенту присвоен статус обращ...,C001,,,,,,,,,event_27f9b4ebb9c8,,2025-06-27,,,,,,,,,message_758145ab230c,system,Системное уведомление: клиенту присвоен статус обращения «escalated».
Message::message_7652e388c160,Message,client: Я принял решение оформить «Дебетовая карта». Помогит...,C042,,,,,,,,,event_fe07231b16b9,,2024-12-04,,,,,,,,,message_7652e388c160,client,Я принял решение оформить «Дебетовая карта». Помогите завершить заявку.
Message::message_767b9a4df7c9,Message,operator: Я вижу историю клиента и учитываю этап «вопрос в под...,C001,,,,,,,,,event_9574cad4294c,,2025-05-15,,,,,,,,,message_767b9a4df7c9,operator,Я вижу историю клиента и учитываю этап «вопрос в поддержку».
Message::message_77094d56e35a,Message,operator: Я вижу историю клиента и учитываю этап «использовани...,C011,,,,,,,,,event_bf8e68242dbf,,2024-12-02,,,,,,,,,message_77094d56e35a,operator,Я вижу историю клиента и учитываю этап «использование продукта».
Message::message_77b0a64ff6b2,Message,operator: Я зафиксировал обращение. Статус сейчас: completed.,C036,,,,,,,,,event_d86bbedebbde,,2024-08-04,,,,,,,,,message_77b0a64ff6b2,operator,Я зафиксировал обращение. Статус сейчас: completed.
Message::message_78262ec99ac6,Message,operator: Сейчас проверю информацию по продукту и объясню поря...,C016,,,,,,,,,event_1cd9e5524c45,,2025-03-03,,,,,,,,,message_78262ec99ac6,operator,Сейчас проверю информацию по продукту и объясню порядок действий.
Message::message_782a109e1145,Message,"operator: Информация передана в работу, ориентировочный срок р...",C028,,,,,,,,,event_4a2a3516b6b0,,2024-11-10,,,,,,,,,message_782a109e1145,operator,"Информация передана в работу, ориентировочный срок решения зависит от проверки."
Message::message_7847036fe6d0,Message,"operator: Если появятся дополнительные вопросы, можно продолжи...",C035,,,,,,,,,event_ee4f49a3b398,,2024-12-25,,,,,,,,,message_7847036fe6d0,operator,"Если появятся дополнительные вопросы, можно продолжить диалог в этом же канале."
Message::message_7866ed5e909a,Message,"client: Уточните, пожалуйста, это повлияет на мои текущие пр...",C003,,,,,,,,,event_8d7423c933c5,,2024-09-04,,,,,,,,,message_7866ed5e909a,client,"Уточните, пожалуйста, это повлияет на мои текущие продукты?"
Message::message_78dfbfea49fc,Message,operator: Я вижу историю клиента и учитываю этап «знакомство».,C023,,,,,,,,,event_005dbb194333,,2024-12-06,,,,,,,,,message_78dfbfea49fc,operator,Я вижу историю клиента и учитываю этап «знакомство».
Message::message_79254f4de62a,Message,operator: Здравствуйте. Я помогу сориентироваться по условиям ...,C036,,,,,,,,,event_d86bbedebbde,,2024-08-04,,,,,,,,,message_79254f4de62a,operator,Здравствуйте. Я помогу сориентироваться по условиям и ограничениям.
Message::message_7927cf378c47,Message,client: После последнего опыта я хочу уйти из банка.,C021,,,,,,,,,event_93300e115221,,2024-09-22,,,,,,,,,message_7927cf378c47,client,После последнего опыта я хочу уйти из банка.
Message::message_7929ec61dcd0,Message,operator: Я вижу историю клиента и учитываю этап «консультация».,C048,,,,,,,,,event_fb84c9525fb2,,2025-01-25,,,,,,,,,message_7929ec61dcd0,operator,Я вижу историю клиента и учитываю этап «консультация».
Message::message_7961293c0a7b,Message,"operator: Если появятся дополнительные вопросы, можно продолжи...",C047,,,,,,,,,event_abe212840fef,,2024-12-28,,,,,,,,,message_7961293c0a7b,operator,"Если появятся дополнительные вопросы, можно продолжить диалог в этом же канале."
Message::message_7979d7aec94c,Message,operator: По вашему обращению есть результат. Проблема закрыта...,C041,,,,,,,,,event_018ef199ad16,,2025-01-02,,,,,,,,,message_7979d7aec94c,operator,"По вашему обращению есть результат. Проблема закрыта, данные обновлены."
Message::message_798475f3723a,Message,system: Системное уведомление: клиенту присвоен статус обращ...,C017,,,,,,,,,event_d4e1bac7722d,,2025-09-02,,,,,,,,,message_798475f3723a,system,Системное уведомление: клиенту присвоен статус обращения «completed».
Message::message_79a50ae4bf65,Message,"client: Уточните, пожалуйста, это повлияет на мои текущие пр...",C011,,,,,,,,,event_01e204b94ee1,,2025-04-20,,,,,,,,,message_79a50ae4bf65,client,"Уточните, пожалуйста, это повлияет на мои текущие продукты?"
Message::message_79b854f66422,Message,system: Системное уведомление: обращение зарегистрировано и ...,C017,,,,,,,,,event_37ab80f3e370,,2025-07-24,,,,,,,,,message_79b854f66422,system,Системное уведомление: обращение зарегистрировано и связано с продуктом «Страхование».
Message::message_79cc3c238d2e,Message,client: Рассматриваю «Страхование» и хочу уточнить условия п...,C005,,,,,,,,,event_e29857fe2fc9,,2024-10-16,,,,,,,,,message_79cc3c238d2e,client,Рассматриваю «Страхование» и хочу уточнить условия перед оформлением.
Message::message_79f1a73d77c2,Message,operator: Давайте посмотрим детали операции и найдем ответ.,C039,,,,,,,,,event_04b1ad977154,,2024-09-23,,,,,,,,,message_79f1a73d77c2,operator,Давайте посмотрим детали операции и найдем ответ.
Message::message_7a0eab917c33,Message,operator: Я зафиксировал обращение. Статус сейчас: completed.,C007,,,,,,,,,event_a12be4513720,,2025-01-09,,,,,,,,,message_7a0eab917c33,operator,Я зафиксировал обращение. Статус сейчас: completed.
Message::message_7a30a326bd5a,Message,"client: Уточните, пожалуйста, это повлияет на мои текущие пр...",C017,,,,,,,,,event_1a168de29bae,,2024-11-21,,,,,,,,,message_7a30a326bd5a,client,"Уточните, пожалуйста, это повлияет на мои текущие продукты?"
Message::message_7a30c501beb6,Message,"operator: Информация передана в работу, ориентировочный срок р...",C002,,,,,,,,,event_240a45d6b2a1,,2025-01-19,,,,,,,,,message_7a30c501beb6,operator,"Информация передана в работу, ориентировочный срок решения зависит от проверки."
Message::message_7a351a295583,Message,operator: Отправлю вам подтверждение и краткое резюме по теме ...,C047,,,,,,,,,event_0be825338bf1,,2025-02-10,,,,,,,,,message_7a351a295583,operator,Отправлю вам подтверждение и краткое резюме по теме «изменение персональных данных».
Message::message_7a42ccc446c9,Message,"operator: По этому обращению указан статус «lost», оценка удов...",C008,,,,,,,,,event_a8f7a0d3ddb7,,2025-05-13,,,,,,,,,message_7a42ccc446c9,operator,"По этому обращению указан статус «lost», оценка удовлетворенности будет учтена."
Message::message_7a55c031ed24,Message,client: Нужна помощь по продукту «Накопительный счет»: возни...,C036,,,,,,,,,event_4ca460af6928,,2025-02-27,,,,,,,,,message_7a55c031ed24,client,Нужна помощь по продукту «Накопительный счет»: возник вопрос «блокировка карты».
Message::message_7b1fa0c58cc4,Message,system: Системное уведомление: настроение обращения определе...,C001,,,,,,,,,event_23cb234e9bed,,2025-01-18,,,,,,,,,message_7b1fa0c58cc4,system,Системное уведомление: настроение обращения определено как «negative».
Message::message_7b39a2d18eda,Message,"client: Важно, чтобы решение было понятным и без скрытых усл...",C030,,,,,,,,,event_154df8b52a04,,2025-04-21,,,,,,,,,message_7b39a2d18eda,client,"Важно, чтобы решение было понятным и без скрытых условий."
Message::message_7b4285b09350,Message,client: Я уже клиент банка и хочу оформить еще один продукт:...,C035,,,,,,,,,event_60c6aec57ebd,,2025-08-13,,,,,,,,,message_7b4285b09350,client,Я уже клиент банка и хочу оформить еще один продукт: «Страхование».
Message::message_7b6326a124d0,Message,system: Системное уведомление: настроение обращения определе...,C047,,,,,,,,,event_817cdf84ce45,,2025-03-17,,,,,,,,,message_7b6326a124d0,system,Системное уведомление: настроение обращения определено как «negative».
Message::message_7b724f335aa3,Message,operator: Я зафиксировал обращение. Статус сейчас: completed.,C011,,,,,,,,,event_01e204b94ee1,,2025-04-20,,,,,,,,,message_7b724f335aa3,operator,Я зафиксировал обращение. Статус сейчас: completed.
Message::message_7b809abcf646,Message,operator: Могу предложить индивидуальные условия и контроль сл...,C020,,,,,,,,,event_569ef04a1039,,2024-12-19,,,,,,,,,message_7b809abcf646,operator,Могу предложить индивидуальные условия и контроль следующего обращения.
Message::message_7b975abba615,Message,client: Меня зовут Казакова Евфросиния Ивановна. Прошу учест...,C016,,,,,,,,,event_56e64ba3dc9a,,2025-04-07,,,,,,,,,message_7b975abba615,client,Меня зовут Казакова Евфросиния Ивановна. Прошу учесть мой прошлый опыт и текущий продукт.
Message::message_7bc25058c0be,Message,operator: Эскалация оформлена. Специалист проверит историю обр...,C028,,,,,,,,,event_047691e49e5e,,2024-12-25,,,,,,,,,message_7bc25058c0be,operator,Эскалация оформлена. Специалист проверит историю обращений.
Message::message_7bc6896c8f39,Message,"client: Уточните, пожалуйста, это повлияет на мои текущие пр...",C002,,,,,,,,,event_33213a837f9a,,2024-11-25,,,,,,,,,message_7bc6896c8f39,client,"Уточните, пожалуйста, это повлияет на мои текущие продукты?"
Message::message_7c19926f2682,Message,client: Я хочу понимать сроки и что будет происходить дальше.,C042,,,,,,,,,event_dc8caaca728d,,2025-01-01,,,,,,,,,message_7c19926f2682,client,Я хочу понимать сроки и что будет происходить дальше.
Message::message_7c1f0bf19af7,Message,system: Системное уведомление: настроение обращения определе...,C048,,,,,,,,,event_fb84c9525fb2,,2025-01-25,,,,,,,,,message_7c1f0bf19af7,system,Системное уведомление: настроение обращения определено как «positive».
Message::message_7c3afeffb562,Message,operator: Я вижу историю клиента и учитываю этап «решение проб...,C035,,,,,,,,,event_348be7346fb7,,2025-06-28,,,,,,,,,message_7c3afeffb562,operator,Я вижу историю клиента и учитываю этап «решение проблемы».
Message::message_7c3e8df36587,Message,operator: Отправлю вам подтверждение и краткое резюме по теме ...,C038,,,,,,,,,event_c49c7657cd4b,,2024-09-03,,,,,,,,,message_7c3e8df36587,operator,Отправлю вам подтверждение и краткое резюме по теме «консультация по тарифам».
Message::message_7c59deca6d6b,Message,"operator: По этому обращению указан статус «lost», оценка удов...",C049,,,,,,,,,event_3eaffd63f9b3,,2025-05-21,,,,,,,,,message_7c59deca6d6b,operator,"По этому обращению указан статус «lost», оценка удовлетворенности будет учтена."
Message::message_7c8200426782,Message,system: Системное уведомление: история взаимодействий клиент...,C009,,,,,,,,,event_bc755d97b28a,,2024-11-28,,,,,,,,,message_7c8200426782,system,Системное уведомление: история взаимодействий клиента обновлена.
Message::message_7cc1296a7904,Message,"client: Хочу оформить «Ипотека». Подскажите, что нужно сделать.",C046,,,,,,,,,event_99c5681b4262,,2025-01-01,,,,,,,,,message_7cc1296a7904,client,"Хочу оформить «Ипотека». Подскажите, что нужно сделать."
Message::message_7cc3c13c3c9f,Message,operator: Понимаю. Сейчас проверю обращение и предложу решение.,C001,,,,,,,,,event_9574cad4294c,,2025-05-15,,,,,,,,,message_7cc3c13c3c9f,operator,Понимаю. Сейчас проверю обращение и предложу решение.
Message::message_7cd3900f46f3,Message,system: Системное уведомление: настроение обращения определе...,C009,,,,,,,,,event_afcbbd08ccc2,,2025-01-10,,,,,,,,,message_7cd3900f46f3,system,Системное уведомление: настроение обращения определено как «neutral».
Message::message_7cee30bcc429,Message,client: Добрый день. Я впервые обращаюсь в банк и хочу узнат...,C014,,,,,,,,,event_1a2b9226c415,,2024-08-18,,,,,,,,,message_7cee30bcc429,client,Добрый день. Я впервые обращаюсь в банк и хочу узнать про «Инвестиционный счет».
Message::message_7d15de841237,Message,system: Системное уведомление: настроение обращения определе...,C017,,,,,,,,,event_5c5c58e9eb46,,2025-03-26,,,,,,,,,message_7d15de841237,system,Системное уведомление: настроение обращения определено как «neutral».
Message::message_7d21d903bb9a,Message,system: Системное уведомление: настроение обращения определе...,C012,,,,,,,,,event_731191183003,,2024-09-03,,,,,,,,,message_7d21d903bb9a,system,Системное уведомление: настроение обращения определено как «positive».
Message::message_7d25fe5c62e1,Message,operator: Я вижу историю клиента и учитываю этап «жалоба».,C002,,,,,,,,,event_33213a837f9a,,2024-11-25,,,,,,,,,message_7d25fe5c62e1,operator,Я вижу историю клиента и учитываю этап «жалоба».
Message::message_7d44b4f49fc0,Message,"operator: По этому обращению указан статус «completed», оценка...",C010,,,,,,,,,event_25b4a89b3bef,,2024-12-18,,,,,,,,,message_7d44b4f49fc0,operator,"По этому обращению указан статус «completed», оценка удовлетворенности будет учтена."
Message::message_7d862c8f515d,Message,operator: Отправлю вам подтверждение и краткое резюме по теме ...,C011,,,,,,,,,event_28f0d477a5e4,,2025-05-25,,,,,,,,,message_7d862c8f515d,operator,Отправлю вам подтверждение и краткое резюме по теме «повторная покупка».
Message::message_7d929c8d9590,Message,client: У меня есть вопрос по использованию продукта «Инвест...,C014,,,,,,,,,event_7cf7a4a696ab,,2025-01-03,,,,,,,,,message_7d929c8d9590,client,У меня есть вопрос по использованию продукта «Инвестиционный счет».
Message::message_7dbea065419e,Message,client: Меня зовут Леон Демидович Павлов. Прошу учесть мой п...,C039,,,,,,,,,event_1b62139f57e9,,2024-08-09,,,,,,,,,message_7dbea065419e,client,Меня зовут Леон Демидович Павлов. Прошу учесть мой прошлый опыт и текущий продукт.
Message::message_7dc0e47653c3,Message,"client: Помогите разобраться, подойдет ли мне «Инвестиционны...",C046,,,,,,,,,event_20d03315c9a3,,2024-12-14,,,,,,,,,message_7dc0e47653c3,client,"Помогите разобраться, подойдет ли мне «Инвестиционный счет»."
Message::message_7dffc94a1cc1,Message,system: Системное уведомление: настроение обращения определе...,C033,,,,,,,,,event_7ba092af714b,,2024-11-16,,,,,,,,,message_7dffc94a1cc1,system,Системное уведомление: настроение обращения определено как «negative».
Message::message_7e2d5451b3cd,Message,"operator: Если появятся дополнительные вопросы, можно продолжи...",C001,,,,,,,,,event_23cb234e9bed,,2025-01-18,,,,,,,,,message_7e2d5451b3cd,operator,"Если появятся дополнительные вопросы, можно продолжить диалог в этом же канале."
Message::message_7e7e2b16e9c7,Message,client: Я решил прекратить обслуживание. Прошу закрыть все в...,C007,,,,,,,,,event_7d25c29698b6,,2025-04-23,,,,,,,,,message_7e7e2b16e9c7,client,Я решил прекратить обслуживание. Прошу закрыть все вопросы по «Кредитная карта».
Message::message_7ea9f35c76a0,Message,operator: По вашему обращению есть результат. Проблема закрыта...,C048,,,,,,,,,event_67d6eb7a52e3,,2025-04-22,,,,,,,,,message_7ea9f35c76a0,operator,"По вашему обращению есть результат. Проблема закрыта, данные обновлены."
Message::message_7eb1fee9a7fc,Message,system: Системное уведомление: клиенту присвоен статус обращ...,C010,,,,,,,,,event_d71ea6919cd3,,2024-11-23,,,,,,,,,message_7eb1fee9a7fc,system,Системное уведомление: клиенту присвоен статус обращения «completed».
Message::message_7f15bc8a2df3,Message,client: Можно ли получить подтверждение после завершения опе...,C034,,,,,,,,,event_7467e1f53e11,,2024-09-18,,,,,,,,,message_7f15bc8a2df3,client,Можно ли получить подтверждение после завершения операции?
Message::message_7f5abdbc3292,Message,client: Рассматриваю «Инвестиционный счет» и хочу уточнить у...,C010,,,,,,,,,event_d768c0c7f4ab,,2024-10-24,,,,,,,,,message_7f5abdbc3292,client,Рассматриваю «Инвестиционный счет» и хочу уточнить условия перед оформлением.
Message::message_7f7296e29f6d,Message,"operator: По этому обращению указан статус «in_progress», оцен...",C009,,,,,,,,,event_bc755d97b28a,,2024-11-28,,,,,,,,,message_7f7296e29f6d,operator,"По этому обращению указан статус «in_progress», оценка удовлетворенности будет учтена."
Message::message_7f7958c6fd20,Message,"client: Готов подключить продукт «Потребительский кредит», х...",C038,,,,,,,,,event_7d5785e0bf41,,2024-09-21,,,,,,,,,message_7f7958c6fd20,client,"Готов подключить продукт «Потребительский кредит», хочу пройти оформление."
Message::message_7fb6ef37710a,Message,"operator: Проверила статус: решение уже применено, сейчас объя...",C010,,,,,,,,,event_4f871ce9f1bd,,2025-01-20,,,,,,,,,message_7fb6ef37710a,operator,"Проверила статус: решение уже применено, сейчас объясню детали."
Message::message_805a4d33aba9,Message,system: Системное уведомление: история взаимодействий клиент...,C048,,,,,,,,,event_e48895189837,,2025-03-14,,,,,,,,,message_805a4d33aba9,system,Системное уведомление: история взаимодействий клиента обновлена.
Message::message_807ef4519972,Message,system: Системное уведомление: обращение зарегистрировано и ...,C029,,,,,,,,,event_fe68a434f384,,2024-08-21,,,,,,,,,message_807ef4519972,system,Системное уведомление: обращение зарегистрировано и связано с продуктом «Кредитная карта».
Message::message_80b5e9a2eb5b,Message,client: Меня зовут Богдан Даниилович Князев. Прошу учесть мо...,C014,,,,,,,,,event_724d42d1789c,,2024-11-01,,,,,,,,,message_80b5e9a2eb5b,client,Меня зовут Богдан Даниилович Князев. Прошу учесть мой прошлый опыт и текущий продукт.
Message::message_80bb24ab3afd,Message,client: Мне удобнее продолжить общение через канал «email».,C035,,,,,,,,,event_a430da8b72be,,2025-03-29,,,,,,,,,message_80bb24ab3afd,client,Мне удобнее продолжить общение через канал «email».
Message::message_80de5e4aec93,Message,operator: Я вижу историю клиента и учитываю этап «использовани...,C027,,,,,,,,,event_1984bd2072f5,,2025-01-18,,,,,,,,,message_80de5e4aec93,operator,Я вижу историю клиента и учитываю этап «использование продукта».
Message::message_80efc183b8a8,Message,operator: Я вижу историю клиента и учитываю этап «удержание».,C032,,,,,,,,,event_57dd986b4882,,2025-05-02,,,,,,,,,message_80efc183b8a8,operator,Я вижу историю клиента и учитываю этап «удержание».
Message::message_810cc0f6ec49,Message,system: Системное уведомление: настроение обращения определе...,C042,,,,,,,,,event_2becb5ce4b6b,,2025-03-20,,,,,,,,,message_810cc0f6ec49,system,Системное уведомление: настроение обращения определено как «neutral».
Message::message_811ff15498cb,Message,operator: Отправлю вам подтверждение и краткое резюме по теме ...,C009,,,,,,,,,event_afcbbd08ccc2,,2025-01-10,,,,,,,,,message_811ff15498cb,operator,Отправлю вам подтверждение и краткое резюме по теме «возврат средств».
Message::message_819072f51d6c,Message,"operator: Мне жаль, что вы столкнулись с такой ситуацией. Я за...",C049,,,,,,,,,event_efdf237f32d4,,2025-03-11,,,,,,,,,message_819072f51d6c,operator,"Мне жаль, что вы столкнулись с такой ситуацией. Я зарегистрирую жалобу."
Message::message_8194282ef98f,Message,"operator: Отлично, я помогу оформить заявку и проверю необходи...",C045,,,,,,,,,event_bdbd248e7958,,2024-10-16,,,,,,,,,message_8194282ef98f,operator,"Отлично, я помогу оформить заявку и проверю необходимые данные."
Message::message_8195c2f2d0ab,Message,"client: Уточните, пожалуйста, это повлияет на мои текущие пр...",C030,,,,,,,,,event_63d733506b6a,,2025-08-21,,,,,,,,,message_8195c2f2d0ab,client,"Уточните, пожалуйста, это повлияет на мои текущие продукты?"
Message::message_819fdbb5c7fc,Message,client: Меня зовут Аскольд Власович Лукин. Прошу учесть мой ...,C017,,,,,,,,,event_1a168de29bae,,2024-11-21,,,,,,,,,message_819fdbb5c7fc,client,Меня зовут Аскольд Власович Лукин. Прошу учесть мой прошлый опыт и текущий продукт.
Message::message_8225a5de42c9,Message,system: Системное уведомление: обращение зарегистрировано и ...,C007,,,,,,,,,event_7d25c29698b6,,2025-04-23,,,,,,,,,message_8225a5de42c9,system,Системное уведомление: обращение зарегистрировано и связано с продуктом «Кредитная карта».
Message::message_822b68ddf5f0,Message,"operator: Вопрос решен. Я расскажу, что было сделано и как про...",C012,,,,,,,,,event_4ca74c4f8d6f,,2024-12-16,,,,,,,,,message_822b68ddf5f0,operator,"Вопрос решен. Я расскажу, что было сделано и как проверить результат."
Message::message_8260cb2fa08d,Message,client: Меня зовут Алевтина Игоревна Николаева. Прошу учесть...,C001,,,,,,,,,event_27771ad1ae68,,2024-12-11,,,,,,,,,message_8260cb2fa08d,client,Меня зовут Алевтина Игоревна Николаева. Прошу учесть мой прошлый опыт и текущий продукт.
Message::message_82d49b3cf2ba,Message,client: После последнего опыта я хочу уйти из банка.,C045,,,,,,,,,event_290849618577,,2024-12-20,,,,,,,,,message_82d49b3cf2ba,client,После последнего опыта я хочу уйти из банка.
Message::message_82f51029d828,Message,"client: Важно, чтобы решение было понятным и без скрытых усл...",C041,,,,,,,,,event_54961ad78c04,,2025-02-08,,,,,,,,,message_82f51029d828,client,"Важно, чтобы решение было понятным и без скрытых условий."
Message::message_8303f1d55031,Message,"client: Важно, чтобы решение было понятным и без скрытых усл...",C017,,,,,,,,,event_d4e1bac7722d,,2025-09-02,,,,,,,,,message_8303f1d55031,client,"Важно, чтобы решение было понятным и без скрытых условий."
Message::message_8315551b025b,Message,client: После последнего опыта я хочу уйти из банка.,C019,,,,,,,,,event_852b55ae8ff6,,2024-08-30,,,,,,,,,message_8315551b025b,client,После последнего опыта я хочу уйти из банка.
Message::message_83673f18778a,Message,"operator: По этому обращению указан статус «lost», оценка удов...",C039,,,,,,,,,event_68fa4b037b07,,2024-12-13,,,,,,,,,message_83673f18778a,operator,"По этому обращению указан статус «lost», оценка удовлетворенности будет учтена."
Message::message_839388d7cf37,Message,operator: Я вижу историю клиента и учитываю этап «покупка».,C005,,,,,,,,,event_793eb5cc3758,,2024-10-28,,,,,,,,,message_839388d7cf37,operator,Я вижу историю клиента и учитываю этап «покупка».
Message::message_83b1e7fb1071,Message,"operator: Я уточню параметры и объясню, какой вариант подойдет...",C046,,,,,,,,,event_20d03315c9a3,,2024-12-14,,,,,,,,,message_83b1e7fb1071,operator,"Я уточню параметры и объясню, какой вариант подойдет лучше."
Message::message_83c86399ab00,Message,system: Системное уведомление: клиенту присвоен статус обращ...,C045,,,,,,,,,event_290849618577,,2024-12-20,,,,,,,,,message_83c86399ab00,system,Системное уведомление: клиенту присвоен статус обращения «lost».
Message::message_83d25a3d15d1,Message,system: Системное уведомление: тема обращения классифицирова...,C012,,,,,,,,,event_2f01b3a1fc29,,2025-04-13,,,,,,,,,message_83d25a3d15d1,system,Системное уведомление: тема обращения классифицирована как «изменение персональных данных».
Message::message_83e109dcf517,Message,operator: Давайте оформим дополнительный продукт и учтем ваш т...,C014,,,,,,,,,event_aaa83bff47f9,,2024-12-16,,,,,,,,,message_83e109dcf517,operator,Давайте оформим дополнительный продукт и учтем ваш текущий профиль.
Message::message_841d92ad6226,Message,system: Системное уведомление: настроение обращения определе...,C048,,,,,,,,,event_e48895189837,,2025-03-14,,,,,,,,,message_841d92ad6226,system,Системное уведомление: настроение обращения определено как «neutral».
Message::message_8464cfdba227,Message,operator: Я вижу историю клиента и учитываю этап «жалоба».,C041,,,,,,,,,event_b3954eeca9e2,,2024-11-16,,,,,,,,,message_8464cfdba227,operator,Я вижу историю клиента и учитываю этап «жалоба».
Message::message_84722204b65d,Message,"operator: Давайте подробно опишем проблему, чтобы ее можно был...",C002,,,,,,,,,event_33213a837f9a,,2024-11-25,,,,,,,,,message_84722204b65d,operator,"Давайте подробно опишем проблему, чтобы ее можно было проверить."
Message::message_849616bda344,Message,system: Системное уведомление: настроение обращения определе...,C012,,,,,,,,,event_4ca74c4f8d6f,,2024-12-16,,,,,,,,,message_849616bda344,system,Системное уведомление: настроение обращения определено как «neutral».
Message::message_84e4465fa347,Message,client: Меня зовут Белов Мирон Изотович. Прошу учесть мой пр...,C009,,,,,,,,,event_bc755d97b28a,,2024-11-28,,,,,,,,,message_84e4465fa347,client,Меня зовут Белов Мирон Изотович. Прошу учесть мой прошлый опыт и текущий продукт.
Message::message_8508271831ed,Message,system: Системное уведомление: история взаимодействий клиент...,C037,,,,,,,,,event_9061bb01cff7,,2024-09-12,,,,,,,,,message_8508271831ed,system,Системное уведомление: история взаимодействий клиента обновлена.
Message::message_856f8384811b,Message,operator: Я вижу историю клиента и учитываю этап «использовани...,C002,,,,,,,,,event_0d8e4d9e5b33,,2024-11-11,,,,,,,,,message_856f8384811b,operator,Я вижу историю клиента и учитываю этап «использование продукта».
Message::message_861ff1523841,Message,client: Хочу оставить жалобу. По продукту «Ипотека» возникла...,C041,,,,,,,,,event_b3954eeca9e2,,2024-11-16,,,,,,,,,message_861ff1523841,client,Хочу оставить жалобу. По продукту «Ипотека» возникла неприятная ситуация.
Message::message_86296015166b,Message,"client: Уточните, пожалуйста, это повлияет на мои текущие пр...",C009,,,,,,,,,event_fe437fd3e3d4,,2024-11-20,,,,,,,,,message_86296015166b,client,"Уточните, пожалуйста, это повлияет на мои текущие продукты?"
Message::message_865074f84ee1,Message,"operator: По этому обращению указан статус «completed», оценка...",C017,,,,,,,,,event_6e0f45cec684,,2025-06-18,,,,,,,,,message_865074f84ee1,operator,"По этому обращению указан статус «completed», оценка удовлетворенности будет учтена."
Message::message_8652331cf8ff,Message,client: Я хочу понимать сроки и что будет происходить дальше.,C049,,,,,,,,,event_aad82a6c7be5,,2025-04-25,,,,,,,,,message_8652331cf8ff,client,Я хочу понимать сроки и что будет происходить дальше.
Message::message_866fa64cbe86,Message,operator: Давайте посмотрим детали операции и найдем ответ.,C001,,,,,,,,,event_27771ad1ae68,,2024-12-11,,,,,,,,,message_866fa64cbe86,operator,Давайте посмотрим детали операции и найдем ответ.
Message::message_86a233d6e0e4,Message,client: Я хочу понимать сроки и что будет происходить дальше.,C005,,,,,,,,,event_32f0087e4868,,2024-12-22,,,,,,,,,message_86a233d6e0e4,client,Я хочу понимать сроки и что будет происходить дальше.
Message::message_86c383edd78a,Message,client: Меня зовут Чернов Николай Фокич. Прошу учесть мой пр...,C023,,,,,,,,,event_5b7c198b3863,,2025-02-15,,,,,,,,,message_86c383edd78a,client,Меня зовут Чернов Николай Фокич. Прошу учесть мой прошлый опыт и текущий продукт.
Message::message_87e1d5d71b0f,Message,"operator: Понимаю. Зафиксирую причину ухода и проверю, что нуж...",C047,,,,,,,,,event_6e5bef8925ac,,2025-04-02,,,,,,,,,message_87e1d5d71b0f,operator,"Понимаю. Зафиксирую причину ухода и проверю, что нужно закрыть."
Message::message_8803263be6cd,Message,operator: Я помогу разобраться с использованием продукта.,C032,,,,,,,,,event_f1e9d659c730,,2025-01-07,,,,,,,,,message_8803263be6cd,operator,Я помогу разобраться с использованием продукта.
Message::message_880b74a30c4b,Message,client: Добрый день. Я впервые обращаюсь в банк и хочу узнат...,C018,,,,,,,,,event_e6cce9adca42,,2024-11-24,,,,,,,,,message_880b74a30c4b,client,Добрый день. Я впервые обращаюсь в банк и хочу узнать про «Дебетовая карта».
Message::message_882e91565904,Message,client: Меня зовут Родионов Амос Аксёнович. Прошу учесть мой...,C003,,,,,,,,,event_76c822a306f4,,2024-10-09,,,,,,,,,message_882e91565904,client,Меня зовут Родионов Амос Аксёнович. Прошу учесть мой прошлый опыт и текущий продукт.
Message::message_88442e89b0b7,Message,client: Меня зовут Ян Иосипович Игнатьев. Прошу учесть мой п...,C012,,,,,,,,,event_a20ffd583ad5,,2024-11-14,,,,,,,,,message_88442e89b0b7,client,Меня зовут Ян Иосипович Игнатьев. Прошу учесть мой прошлый опыт и текущий продукт.
Message::message_88c29bb982c4,Message,client: Я хочу понимать сроки и что будет происходить дальше.,C020,,,,,,,,,event_9a47a4a80e64,,2024-09-12,,,,,,,,,message_88c29bb982c4,client,Я хочу понимать сроки и что будет происходить дальше.
Message::message_88dfe07197cf,Message,"client: Важно, чтобы решение было понятным и без скрытых усл...",C046,,,,,,,,,event_7b20c3cf48ef,,2024-12-01,,,,,,,,,message_88dfe07197cf,client,"Важно, чтобы решение было понятным и без скрытых условий."
Message::message_88f57048c3f7,Message,"client: Уточните, пожалуйста, это повлияет на мои текущие пр...",C020,,,,,,,,,event_de84b1891874,,2025-01-17,,,,,,,,,message_88f57048c3f7,client,"Уточните, пожалуйста, это повлияет на мои текущие продукты?"
Message::message_89332fc1b11a,Message,operator: Понимаю ваше недовольство. Зафиксирую обращение и пе...,C019,,,,,,,,,event_673480c6a584,,2024-08-21,,,,,,,,,message_89332fc1b11a,operator,Понимаю ваше недовольство. Зафиксирую обращение и передам его в работу.
Message::message_893fdf56854c,Message,client: Меня зовут Прасковья Юльевна Лазарева. Прошу учесть ...,C035,,,,,,,,,event_ffc587b1db9e,,2025-02-17,,,,,,,,,message_893fdf56854c,client,Меня зовут Прасковья Юльевна Лазарева. Прошу учесть мой прошлый опыт и текущий продукт.
Message::message_8953eef70038,Message,client: Меня зовут Таисия Викторовна Белоусова. Прошу учесть...,C042,,,,,,,,,event_668716fa5460,,2025-02-08,,,,,,,,,message_8953eef70038,client,Меня зовут Таисия Викторовна Белоусова. Прошу учесть мой прошлый опыт и текущий продукт.
Message::message_899fdb4deebf,Message,client: Я хочу понимать сроки и что будет происходить дальше.,C042,,,,,,,,,event_fca8868fa5fe,,2025-04-10,,,,,,,,,message_899fdb4deebf,client,Я хочу понимать сроки и что будет происходить дальше.
Message::message_89d4857b7ce4,Message,"operator: Проверила статус: решение уже применено, сейчас объя...",C035,,,,,,,,,event_348be7346fb7,,2025-06-28,,,,,,,,,message_89d4857b7ce4,operator,"Проверила статус: решение уже применено, сейчас объясню детали."
Message::message_89d821ef92cd,Message,"client: Уточните, пожалуйста, это повлияет на мои текущие пр...",C002,,,,,,,,,event_7dce7853327a,,2025-01-26,,,,,,,,,message_89d821ef92cd,client,"Уточните, пожалуйста, это повлияет на мои текущие продукты?"
Message::message_89e646228ad1,Message,system: Системное уведомление: история взаимодействий клиент...,C046,,,,,,,,,event_7b20c3cf48ef,,2024-12-01,,,,,,,,,message_89e646228ad1,system,Системное уведомление: история взаимодействий клиента обновлена.
Message::message_89f80ffc1d3b,Message,client: Можно ли получить подтверждение после завершения опе...,C035,,,,,,,,,event_0603c7fc1130,,2025-01-06,,,,,,,,,message_89f80ffc1d3b,client,Можно ли получить подтверждение после завершения операции?
Message::message_8a0509bf8938,Message,client: Мне интересен продукт «Страхование». Можете рассказа...,C011,,,,,,,,,event_b4e5147fcef4,,2024-11-06,,,,,,,,,message_8a0509bf8938,client,Мне интересен продукт «Страхование». Можете рассказать подробнее про повышение лимита?
Message::message_8a07745be260,Message,client: Меня зовут Фадеева Галина Тимофеевна. Прошу учесть м...,C036,,,,,,,,,event_169ee995e6d1,,2025-04-08,,,,,,,,,message_8a07745be260,client,Меня зовут Фадеева Галина Тимофеевна. Прошу учесть мой прошлый опыт и текущий продукт.
Message::message_8a369e2c84a8,Message,system: Системное уведомление: обращение зарегистрировано и ...,C029,,,,,,,,,event_8c9b8b24a51c,,2024-09-28,,,,,,,,,message_8a369e2c84a8,system,Системное уведомление: обращение зарегистрировано и связано с продуктом «Инвестиционный счет».
Message::message_8a4052858732,Message,client: Меня зовут Анастасия Евгеньевна Бирюкова. Прошу учес...,C020,,,,,,,,,event_569ef04a1039,,2024-12-19,,,,,,,,,message_8a4052858732,client,Меня зовут Анастасия Евгеньевна Бирюкова. Прошу учесть мой прошлый опыт и текущий продукт.
Message::message_8a7d768b8187,Message,system: Системное уведомление: клиенту присвоен статус обращ...,C021,,,,,,,,,event_fac32dcf828f,,2024-09-04,,,,,,,,,message_8a7d768b8187,system,Системное уведомление: клиенту присвоен статус обращения «escalated».
Message::message_8a967acf4a60,Message,operator: Отправлю вам подтверждение и краткое резюме по теме ...,C045,,,,,,,,,event_290849618577,,2024-12-20,,,,,,,,,message_8a967acf4a60,operator,Отправлю вам подтверждение и краткое резюме по теме «жалоба на обслуживание».
Message::message_8aabcce11f7c,Message,"client: Важно, чтобы решение было понятным и без скрытых усл...",C010,,,,,,,,,event_25b4a89b3bef,,2024-12-18,,,,,,,,,message_8aabcce11f7c,client,"Важно, чтобы решение было понятным и без скрытых условий."
Message::message_8ab735602aef,Message,operator: Я вижу историю клиента и учитываю этап «интерес к пр...,C042,,,,,,,,,event_8b3d4b34b894,,2024-11-18,,,,,,,,,message_8ab735602aef,operator,Я вижу историю клиента и учитываю этап «интерес к продукту».
Message::message_8ae4c3504005,Message,client: Я хочу понимать сроки и что будет происходить дальше.,C012,,,,,,,,,event_731191183003,,2024-09-03,,,,,,,,,message_8ae4c3504005,client,Я хочу понимать сроки и что будет происходить дальше.
Message::message_8af7d8708abc,Message,client: Можно ли получить подтверждение после завершения опе...,C036,,,,,,,,,event_d86bbedebbde,,2024-08-04,,,,,,,,,message_8af7d8708abc,client,Можно ли получить подтверждение после завершения операции?
Message::message_8b038de37cbd,Message,operator: Я вижу историю клиента и учитываю этап «эскалация».,C028,,,,,,,,,event_047691e49e5e,,2024-12-25,,,,,,,,,message_8b038de37cbd,operator,Я вижу историю клиента и учитываю этап «эскалация».
Message::message_8b3c2efda199,Message,"client: Важно, чтобы решение было понятным и без скрытых усл...",C009,,,,,,,,,event_bc755d97b28a,,2024-11-28,,,,,,,,,message_8b3c2efda199,client,"Важно, чтобы решение было понятным и без скрытых условий."
Message::message_8b5ed791036e,Message,client: Мне удобнее продолжить общение через канал «телефон».,C049,,,,,,,,,event_efdf237f32d4,,2025-03-11,,,,,,,,,message_8b5ed791036e,client,Мне удобнее продолжить общение через канал «телефон».
Message::message_8b62cfc900bb,Message,"operator: Мне жаль, что вы приняли такое решение. Я помогу кор...",C006,,,,,,,,,event_cf43f0366792,,2024-12-08,,,,,,,,,message_8b62cfc900bb,operator,"Мне жаль, что вы приняли такое решение. Я помогу корректно завершить обслуживание."
Message::message_8bd4f6db0fa5,Message,operator: Сейчас проверю информацию по продукту и объясню поря...,C008,,,,,,,,,event_c69e5ebe6d36,,2025-03-13,,,,,,,,,message_8bd4f6db0fa5,operator,Сейчас проверю информацию по продукту и объясню порядок действий.
Message::message_8bdbf7dfe0c5,Message,client: Меня зовут Ермаков Богдан Архипович. Прошу учесть мо...,C040,,,,,,,,,event_14b04203f743,,2025-01-26,,,,,,,,,message_8bdbf7dfe0c5,client,Меня зовут Ермаков Богдан Архипович. Прошу учесть мой прошлый опыт и текущий продукт.
Message::message_8c15d25b8a6d,Message,operator: Я вижу историю клиента и учитываю этап «использовани...,C028,,,,,,,,,event_4a2a3516b6b0,,2024-11-10,,,,,,,,,message_8c15d25b8a6d,operator,Я вижу историю клиента и учитываю этап «использование продукта».
Message::message_8c17c4ad4a69,Message,operator: Я вижу историю клиента и учитываю этап «интерес к пр...,C010,,,,,,,,,event_d768c0c7f4ab,,2024-10-24,,,,,,,,,message_8c17c4ad4a69,operator,Я вижу историю клиента и учитываю этап «интерес к продукту».
Message::message_8c24c0cb5526,Message,client: Меня зовут Пахом Трифонович Денисов. Прошу учесть мо...,C025,,,,,,,,,event_8f387c590f91,,2024-08-09,,,,,,,,,message_8c24c0cb5526,client,Меня зовут Пахом Трифонович Денисов. Прошу учесть мой прошлый опыт и текущий продукт.
Message::message_8c68f50984b0,Message,"operator: Давайте уточним детали проблемы, чтобы быстрее помочь.",C026,,,,,,,,,event_ac67b3c3aba8,,2024-12-22,,,,,,,,,message_8c68f50984b0,operator,"Давайте уточним детали проблемы, чтобы быстрее помочь."
Message::message_8c7a7b97d511,Message,client: Мне удобнее продолжить общение через канал «чат».,C034,,,,,,,,,event_9123926b3608,,2024-09-28,,,,,,,,,message_8c7a7b97d511,client,Мне удобнее продолжить общение через канал «чат».
Message::message_8c81f9e44668,Message,"operator: Если появятся дополнительные вопросы, можно продолжи...",C036,,,,,,,,,event_cfb60056cc33,,2024-11-12,,,,,,,,,message_8c81f9e44668,operator,"Если появятся дополнительные вопросы, можно продолжить диалог в этом же канале."
Message::message_8c97e42e1eda,Message,client: Меня зовут Зиновьева Валентина Тимофеевна. Прошу уче...,C002,,,,,,,,,event_7dce7853327a,,2025-01-26,,,,,,,,,message_8c97e42e1eda,client,Меня зовут Зиновьева Валентина Тимофеевна. Прошу учесть мой прошлый опыт и текущий продукт.
Message::message_8cc09e9c5a64,Message,system: Системное уведомление: тема обращения классифицирова...,C046,,,,,,,,,event_4c0c79e2b2bb,,2024-11-19,,,,,,,,,message_8cc09e9c5a64,system,Системное уведомление: тема обращения классифицирована как «условия продукта».
Message::message_8cd3e1108960,Message,operator: Отправлю вам подтверждение и краткое резюме по теме ...,C037,,,,,,,,,event_9061bb01cff7,,2024-09-12,,,,,,,,,message_8cd3e1108960,operator,Отправлю вам подтверждение и краткое резюме по теме «условия продукта».
Message::message_8d1efc22c28c,Message,client: Мне удобнее продолжить общение через канал «чат».,C031,,,,,,,,,event_0cedd8d68f42,,2024-12-24,,,,,,,,,message_8d1efc22c28c,client,Мне удобнее продолжить общение через канал «чат».
Message::message_8d93b639affe,Message,operator: Я вижу историю клиента и учитываю этап «знакомство».,C037,,,,,,,,,event_9061bb01cff7,,2024-09-12,,,,,,,,,message_8d93b639affe,operator,Я вижу историю клиента и учитываю этап «знакомство».
Message::message_8dc45891d5b5,Message,client: Меня зовут Ширяев Адриан Давыдович. Прошу учесть мой...,C047,,,,,,,,,event_abe212840fef,,2024-12-28,,,,,,,,,message_8dc45891d5b5,client,Меня зовут Ширяев Адриан Давыдович. Прошу учесть мой прошлый опыт и текущий продукт.
Message::message_8e053dac363d,Message,client: Можно ли получить подтверждение после завершения опе...,C048,,,,,,,,,event_89f58a9c303d,,2025-03-01,,,,,,,,,message_8e053dac363d,client,Можно ли получить подтверждение после завершения операции?
Message::message_8e18ab9bc4c1,Message,system: Системное уведомление: клиенту присвоен статус обращ...,C002,,,,,,,,,event_0d8e4d9e5b33,,2024-11-11,,,,,,,,,message_8e18ab9bc4c1,system,Системное уведомление: клиенту присвоен статус обращения «completed».
Message::message_8e2769c071ff,Message,system: Системное уведомление: история взаимодействий клиент...,C007,,,,,,,,,event_a12be4513720,,2025-01-09,,,,,,,,,message_8e2769c071ff,system,Системное уведомление: история взаимодействий клиента обновлена.
Message::message_8e86a3dd752c,Message,system: Системное уведомление: настроение обращения определе...,C045,,,,,,,,,event_bdbd248e7958,,2024-10-16,,,,,,,,,message_8e86a3dd752c,system,Системное уведомление: настроение обращения определено как «negative».
Message::message_8ec8b6b5a78d,Message,operator: Я помогу разобраться с использованием продукта.,C028,,,,,,,,,event_4a2a3516b6b0,,2024-11-10,,,,,,,,,message_8ec8b6b5a78d,operator,Я помогу разобраться с использованием продукта.
Message::message_8edec94c6d53,Message,client: Я хочу понимать сроки и что будет происходить дальше.,C017,,,,,,,,,event_a3ab67050ec8,,2025-01-04,,,,,,,,,message_8edec94c6d53,client,Я хочу понимать сроки и что будет происходить дальше.
Message::message_8ef736353086,Message,"client: Здравствуйте, хочу понять, как у вас работает продук...",C004,,,,,,,,,event_1c0c1f40b7e7,,2024-11-21,,,,,,,,,message_8ef736353086,client,"Здравствуйте, хочу понять, как у вас работает продукт «Ипотека». Интересуют консультация по тарифам."
Message::message_8f340c7f4378,Message,"client: Здравствуйте, хочу понять, как у вас работает продук...",C039,,,,,,,,,event_1b62139f57e9,,2024-08-09,,,,,,,,,message_8f340c7f4378,client,"Здравствуйте, хочу понять, как у вас работает продукт «Ипотека». Интересуют оформление продукта."
Message::message_8f42acdb3886,Message,system: Системное уведомление: настроение обращения определе...,C037,,,,,,,,,event_9061bb01cff7,,2024-09-12,,,,,,,,,message_8f42acdb3886,system,Системное уведомление: настроение обращения определено как «neutral».
Message::message_8f6016b5d1f3,Message,system: Системное уведомление: тема обращения классифицирова...,C015,,,,,,,,,event_37a69ac0b0a6,,2025-05-30,,,,,,,,,message_8f6016b5d1f3,system,Системное уведомление: тема обращения классифицирована как «комиссия».
Message::message_8f85a1dc1b40,Message,"client: Здравствуйте, хочу понять, как у вас работает продук...",C043,,,,,,,,,event_9ec728605a34,,2025-01-16,,,,,,,,,message_8f85a1dc1b40,client,"Здравствуйте, хочу понять, как у вас работает продукт «Дебетовая карта». Интересуют оформление продукта."
Message::message_8f9a850d36de,Message,operator: Я зафиксировал обращение. Статус сейчас: escalated.,C016,,,,,,,,,event_794b9a0f37b6,,2025-05-12,,,,,,,,,message_8f9a850d36de,operator,Я зафиксировал обращение. Статус сейчас: escalated.
Message::message_8fb8a9011181,Message,operator: Сейчас проверю актуальные условия для выбранного про...,C014,,,,,,,,,event_880a377966a8,,2024-10-01,,,,,,,,,message_8fb8a9011181,operator,Сейчас проверю актуальные условия для выбранного продукта.
Message::message_8fdb412c5a79,Message,operator: Я вижу историю клиента и учитываю этап «уход клиента».,C019,,,,,,,,,event_852b55ae8ff6,,2024-08-30,,,,,,,,,message_8fdb412c5a79,operator,Я вижу историю клиента и учитываю этап «уход клиента».
Message::message_8fef1a5d897a,Message,operator: Я вижу историю клиента и учитываю этап «уход клиента».,C027,,,,,,,,,event_9c644e806eb3,,2025-03-31,,,,,,,,,message_8fef1a5d897a,operator,Я вижу историю клиента и учитываю этап «уход клиента».
Message::message_9048e06626a6,Message,"operator: Информация передана в работу, ориентировочный срок р...",C006,,,,,,,,,event_a90922b8c751,,2024-11-14,,,,,,,,,message_9048e06626a6,operator,"Информация передана в работу, ориентировочный срок решения зависит от проверки."
Message::message_90737c74c477,Message,client: Мне интересен продукт «Страхование». Можете рассказа...,C024,,,,,,,,,event_2f93c12b9343,,2025-02-04,,,,,,,,,message_90737c74c477,client,Мне интересен продукт «Страхование». Можете рассказать подробнее про консультация по тарифам?
Message::message_90b153f5606d,Message,"operator: Понимаю. Зафиксирую причину ухода и проверю, что нуж...",C003,,,,,,,,,event_76c822a306f4,,2024-10-09,,,,,,,,,message_90b153f5606d,operator,"Понимаю. Зафиксирую причину ухода и проверю, что нужно закрыть."
Message::message_90e8e3f3fa3d,Message,operator: Запускаю процесс оформления. Я буду сопровождать вас...,C036,,,,,,,,,event_f74ea6506987,,2024-09-29,,,,,,,,,message_90e8e3f3fa3d,operator,Запускаю процесс оформления. Я буду сопровождать вас на каждом шаге.
Message::message_9110515305fb,Message,"operator: Понимаю. Проверю, нет ли задолженности или незаверше...",C015,,,,,,,,,event_37a69ac0b0a6,,2025-05-30,,,,,,,,,message_9110515305fb,operator,"Понимаю. Проверю, нет ли задолженности или незавершенных операций."
Message::message_912f2e82d319,Message,client: Пользуюсь продуктом «Дебетовая карта» и хочу уточнит...,C017,,,,,,,,,event_bc2d0529cad7,,2025-03-05,,,,,,,,,message_912f2e82d319,client,Пользуюсь продуктом «Дебетовая карта» и хочу уточнить вопрос: условия продукта.
Message::message_913df41773ef,Message,"client: Помогите разобраться, подойдет ли мне «Страхование».",C042,,,,,,,,,event_668716fa5460,,2025-02-08,,,,,,,,,message_913df41773ef,client,"Помогите разобраться, подойдет ли мне «Страхование»."
Message::message_9174bae10b4d,Message,client: Мне удобнее продолжить общение через канал «email».,C008,,,,,,,,,event_004fc7ecd9a4,,2025-02-01,,,,,,,,,message_9174bae10b4d,client,Мне удобнее продолжить общение через канал «email».
Message::message_919ae4957a15,Message,system: Системное уведомление: тема обращения классифицирова...,C027,,,,,,,,,event_9c644e806eb3,,2025-03-31,,,,,,,,,message_919ae4957a15,system,Системное уведомление: тема обращения классифицирована как «комиссия».
Message::message_91bc5e27b3c3,Message,client: Мне интересен продукт «Потребительский кредит». Може...,C025,,,,,,,,,event_441438e60397,,2024-09-13,,,,,,,,,message_91bc5e27b3c3,client,Мне интересен продукт «Потребительский кредит». Можете рассказать подробнее про повышение лимита?
Message::message_92c3dcb33226,Message,operator: Я вижу историю клиента и учитываю этап «интерес к пр...,C017,,,,,,,,,event_1a168de29bae,,2024-11-21,,,,,,,,,message_92c3dcb33226,operator,Я вижу историю клиента и учитываю этап «интерес к продукту».
Message::message_92e560f36fb3,Message,operator: Давайте посмотрим детали операции и найдем ответ.,C011,,,,,,,,,event_bf8e68242dbf,,2024-12-02,,,,,,,,,message_92e560f36fb3,operator,Давайте посмотрим детали операции и найдем ответ.
Message::message_92f4890685b2,Message,client: Я хочу понимать сроки и что будет происходить дальше.,C001,,,,,,,,,event_27771ad1ae68,,2024-12-11,,,,,,,,,message_92f4890685b2,client,Я хочу понимать сроки и что будет происходить дальше.
Message::message_931ba8a96e09,Message,"operator: Мне жаль, что вы столкнулись с такой ситуацией. Я за...",C039,,,,,,,,,event_7122f74f5916,,2024-10-14,,,,,,,,,message_931ba8a96e09,operator,"Мне жаль, что вы столкнулись с такой ситуацией. Я зарегистрирую жалобу."
Message::message_933658ffab3c,Message,operator: Я зафиксировал обращение. Статус сейчас: resolved.,C032,,,,,,,,,event_b1f09822f639,,2025-03-30,,,,,,,,,message_933658ffab3c,operator,Я зафиксировал обращение. Статус сейчас: resolved.
Message::message_93444f1b26b6,Message,system: Системное уведомление: история взаимодействий клиент...,C046,,,,,,,,,event_e42e836c5490,,2025-01-30,,,,,,,,,message_93444f1b26b6,system,Системное уведомление: история взаимодействий клиента обновлена.
Message::message_9367cf272ed9,Message,"operator: Мы ценим, что вы готовы продолжить обслуживание. Пре...",C009,,,,,,,,,event_ec4b7dab592d,,2025-03-25,,,,,,,,,message_9367cf272ed9,operator,"Мы ценим, что вы готовы продолжить обслуживание. Предложу варианты удержания."
Message::message_9382e5342b40,Message,client: Можно ли получить подтверждение после завершения опе...,C006,,,,,,,,,event_a90922b8c751,,2024-11-14,,,,,,,,,message_9382e5342b40,client,Можно ли получить подтверждение после завершения операции?
Message::message_942442c06253,Message,"operator: Если появятся дополнительные вопросы, можно продолжи...",C022,,,,,,,,,event_4e7ae3596ec3,,2024-11-13,,,,,,,,,message_942442c06253,operator,"Если появятся дополнительные вопросы, можно продолжить диалог в этом же канале."
Message::message_9451908a411b,Message,"operator: Мне жаль, что вы приняли такое решение. Я помогу кор...",C021,,,,,,,,,event_93300e115221,,2024-09-22,,,,,,,,,message_9451908a411b,operator,"Мне жаль, что вы приняли такое решение. Я помогу корректно завершить обслуживание."
Message::message_9462904daf8d,Message,"operator: Рада, что вы вернулись. Проверю доступные условия дл...",C011,,,,,,,,,event_dee79f911a48,,2025-03-06,,,,,,,,,message_9462904daf8d,operator,"Рада, что вы вернулись. Проверю доступные условия для нового продукта."
Message::message_9476415b3a80,Message,system: Системное уведомление: настроение обращения определе...,C021,,,,,,,,,event_fac32dcf828f,,2024-09-04,,,,,,,,,message_9476415b3a80,system,Системное уведомление: настроение обращения определено как «neutral».
Message::message_947804d6f000,Message,client: Я хочу понимать сроки и что будет происходить дальше.,C007,,,,,,,,,event_a12be4513720,,2025-01-09,,,,,,,,,message_947804d6f000,client,Я хочу понимать сроки и что будет происходить дальше.
Message::message_950c78ed42dc,Message,client: Я недоволен ситуацией по продукту «Накопительный сче...,C015,,,,,,,,,event_7d4967c62c86,,2025-08-13,,,,,,,,,message_950c78ed42dc,client,Я недоволен ситуацией по продукту «Накопительный счет». Проблема: просрочка платежа.
Message::message_9524c54fbb8e,Message,"client: Здравствуйте. Подскажите, пожалуйста, что важно знат...",C023,,,,,,,,,event_005dbb194333,,2024-12-06,,,,,,,,,message_9524c54fbb8e,client,"Здравствуйте. Подскажите, пожалуйста, что важно знать про «Потребительский кредит»?"
Message::message_952c49311e46,Message,system: Системное уведомление: история взаимодействий клиент...,C045,,,,,,,,,event_05228b6dd178,,2024-11-23,,,,,,,,,message_952c49311e46,system,Системное уведомление: история взаимодействий клиента обновлена.
Message::message_9540dc6a275f,Message,operator: Я зафиксировал обращение. Статус сейчас: retained.,C012,,,,,,,,,event_92ec8a803166,,2025-01-30,,,,,,,,,message_9540dc6a275f,operator,Я зафиксировал обращение. Статус сейчас: retained.
Message::message_954c45050759,Message,operator: Я вижу историю клиента и учитываю этап «жалоба».,C016,,,,,,,,,event_56e64ba3dc9a,,2025-04-07,,,,,,,,,message_954c45050759,operator,Я вижу историю клиента и учитываю этап «жалоба».
Message::message_955c709a4acb,Message,"client: Не вижу смысла продолжать обслуживание, хочу заверши...",C022,,,,,,,,,event_4e7ae3596ec3,,2024-11-13,,,,,,,,,message_955c709a4acb,client,"Не вижу смысла продолжать обслуживание, хочу завершить отношения с банком."
Message::message_95612d17e25e,Message,operator: Я зафиксировал обращение. Статус сейчас: retained.,C032,,,,,,,,,event_57dd986b4882,,2025-05-02,,,,,,,,,message_95612d17e25e,operator,Я зафиксировал обращение. Статус сейчас: retained.
Message::message_956feead680e,Message,"operator: Проверила статус: решение уже применено, сейчас объя...",C002,,,,,,,,,event_240a45d6b2a1,,2025-01-19,,,,,,,,,message_956feead680e,operator,"Проверила статус: решение уже применено, сейчас объясню детали."
Message::message_95abb29ffc24,Message,system: Системное уведомление: настроение обращения определе...,C012,,,,,,,,,event_92ec8a803166,,2025-01-30,,,,,,,,,message_95abb29ffc24,system,Системное уведомление: настроение обращения определено как «neutral».
Message::message_95b84efc030b,Message,client: Мне удобнее продолжить общение через канал «телефон».,C026,,,,,,,,,event_16c059d72069,,2024-11-10,,,,,,,,,message_95b84efc030b,client,Мне удобнее продолжить общение через канал «телефон».
Message::message_95d82019d9e3,Message,client: Меня зовут Суханова Анжела Степановна. Прошу учесть ...,C050,,,,,,,,,event_24b00571fa17,,2024-10-18,,,,,,,,,message_95d82019d9e3,client,Меня зовут Суханова Анжела Степановна. Прошу учесть мой прошлый опыт и текущий продукт.
Message::message_95dd637f1fa0,Message,client: Проверяю статус проблемы по продукту «Дебетовая карт...,C038,,,,,,,,,event_c98eed443026,,2024-12-23,,,,,,,,,message_95dd637f1fa0,client,Проверяю статус проблемы по продукту «Дебетовая карта». Есть ли решение?
Message::message_96064b4ea54b,Message,"client: Уточните, пожалуйста, это повлияет на мои текущие пр...",C047,,,,,,,,,event_6e5bef8925ac,,2025-04-02,,,,,,,,,message_96064b4ea54b,client,"Уточните, пожалуйста, это повлияет на мои текущие продукты?"
Message::message_961726a3a95d,Message,system: Системное уведомление: настроение обращения определе...,C011,,,,,,,,,event_31297d57fdf6,,2024-10-07,,,,,,,,,message_961726a3a95d,system,Системное уведомление: настроение обращения определено как «neutral».
Message::message_9624ad4b87c7,Message,client: Меня не устраивает качество обслуживания. Тема обращ...,C015,,,,,,,,,event_e854a4fa7f5b,,2024-11-15,,,,,,,,,message_9624ad4b87c7,client,Меня не устраивает качество обслуживания. Тема обращения: просрочка платежа.
Message::message_9697a430a8c2,Message,operator: Я вижу историю клиента и учитываю этап «покупка».,C047,,,,,,,,,event_abe212840fef,,2024-12-28,,,,,,,,,message_9697a430a8c2,operator,Я вижу историю клиента и учитываю этап «покупка».
Message::message_96a2b6726470,Message,client: Мне удобнее продолжить общение через канал «сайт».,C049,,,,,,,,,event_3eaffd63f9b3,,2025-05-21,,,,,,,,,message_96a2b6726470,client,Мне удобнее продолжить общение через канал «сайт».
Message::message_96d32504c2e8,Message,operator: Я зафиксировал обращение. Статус сейчас: completed.,C046,,,,,,,,,event_0199e3955865,,2025-06-29,,,,,,,,,message_96d32504c2e8,operator,Я зафиксировал обращение. Статус сейчас: completed.
Message::message_96db576054d9,Message,"operator: По этому обращению указан статус «resolved», оценка ...",C009,,,,,,,,,event_681a0f4b121f,,2025-02-17,,,,,,,,,message_96db576054d9,operator,"По этому обращению указан статус «resolved», оценка удовлетворенности будет учтена."
Message::message_971750aad90a,Message,"operator: Давайте уточним детали проблемы, чтобы быстрее помочь.",C035,,,,,,,,,event_2eaeb68603d7,,2025-05-18,,,,,,,,,message_971750aad90a,operator,"Давайте уточним детали проблемы, чтобы быстрее помочь."
Message::message_97a402a2b665,Message,client: Я хочу понимать сроки и что будет происходить дальше.,C012,,,,,,,,,event_2f01b3a1fc29,,2025-04-13,,,,,,,,,message_97a402a2b665,client,Я хочу понимать сроки и что будет происходить дальше.
Message::message_97c8b7e417d3,Message,client: Меня зовут Стрелкова Марина Артемовна. Прошу учесть ...,C011,,,,,,,,,event_b5990ddd8e29,,2025-01-02,,,,,,,,,message_97c8b7e417d3,client,Меня зовут Стрелкова Марина Артемовна. Прошу учесть мой прошлый опыт и текущий продукт.
Message::message_9861e6e3df6a,Message,"operator: Если появятся дополнительные вопросы, можно продолжи...",C008,,,,,,,,,event_c69e5ebe6d36,,2025-03-13,,,,,,,,,message_9861e6e3df6a,operator,"Если появятся дополнительные вопросы, можно продолжить диалог в этом же канале."
Message::message_9866d1bfbbdb,Message,"operator: Конечно, давайте разберем условия и возможные ограни...",C017,,,,,,,,,event_a3ab67050ec8,,2025-01-04,,,,,,,,,message_9866d1bfbbdb,operator,"Конечно, давайте разберем условия и возможные ограничения."
Message::message_9871ae944b31,Message,operator: Понимаю. Давайте уточним ваши цели и подберем подход...,C024,,,,,,,,,event_2f93c12b9343,,2025-02-04,,,,,,,,,message_9871ae944b31,operator,Понимаю. Давайте уточним ваши цели и подберем подходящие условия.
Message::message_9896335540aa,Message,client: Меня зовут Ширяев Адриан Давыдович. Прошу учесть мой...,C047,,,,,,,,,event_0be825338bf1,,2025-02-10,,,,,,,,,message_9896335540aa,client,Меня зовут Ширяев Адриан Давыдович. Прошу учесть мой прошлый опыт и текущий продукт.
Message::message_989d0ac053d3,Message,client: Добрый день. Я впервые обращаюсь в банк и хочу узнат...,C005,,,,,,,,,event_7c2d07c505cf,,2024-09-28,,,,,,,,,message_989d0ac053d3,client,Добрый день. Я впервые обращаюсь в банк и хочу узнать про «Накопительный счет».
Message::message_98ae42704d4f,Message,"client: Хочу оформить «Кредитная карта». Подскажите, что нуж...",C007,,,,,,,,,event_0a092504170b,,2025-01-21,,,,,,,,,message_98ae42704d4f,client,"Хочу оформить «Кредитная карта». Подскажите, что нужно сделать."
Message::message_98b8221cb003,Message,"operator: Могу рассказать про тариф, лимиты, комиссии и порядо...",C023,,,,,,,,,event_a122f25f71aa,,2025-01-20,,,,,,,,,message_98b8221cb003,operator,"Могу рассказать про тариф, лимиты, комиссии и порядок оформления."
Message::message_98ba6306d3c6,Message,client: Проверяю статус проблемы по продукту «Потребительски...,C036,,,,,,,,,event_169ee995e6d1,,2025-04-08,,,,,,,,,message_98ba6306d3c6,client,Проверяю статус проблемы по продукту «Потребительский кредит». Есть ли решение?
Message::message_98c5b805cfe2,Message,operator: Отправлю вам подтверждение и краткое резюме по теме ...,C009,,,,,,,,,event_ec4b7dab592d,,2025-03-25,,,,,,,,,message_98c5b805cfe2,operator,Отправлю вам подтверждение и краткое резюме по теме «повышение лимита».
Message::message_98ea620d98ba,Message,"operator: Мне жаль, что вы столкнулись с такой ситуацией. Я за...",C047,,,,,,,,,event_817cdf84ce45,,2025-03-17,,,,,,,,,message_98ea620d98ba,operator,"Мне жаль, что вы столкнулись с такой ситуацией. Я зарегистрирую жалобу."
Message::message_98ee7021857d,Message,client: Я уже клиент банка и хочу оформить еще один продукт:...,C030,,,,,,,,,event_914bc2b32205,,2025-05-18,,,,,,,,,message_98ee7021857d,client,Я уже клиент банка и хочу оформить еще один продукт: «Накопительный счет».
Message::message_990c4e882b95,Message,operator: Отправлю вам подтверждение и краткое резюме по теме ...,C046,,,,,,,,,event_99c5681b4262,,2025-01-01,,,,,,,,,message_990c4e882b95,operator,Отправлю вам подтверждение и краткое резюме по теме «условия продукта».
Message::message_991bd9492006,Message,client: Мне удобнее продолжить общение через канал «мобильно...,C007,,,,,,,,,event_7d25c29698b6,,2025-04-23,,,,,,,,,message_991bd9492006,client,Мне удобнее продолжить общение через канал «мобильное приложение».
Message::message_995ab0281dff,Message,client: Я хочу понимать сроки и что будет происходить дальше.,C011,,,,,,,,,event_31297d57fdf6,,2024-10-07,,,,,,,,,message_995ab0281dff,client,Я хочу понимать сроки и что будет происходить дальше.
Message::message_9979d0840f41,Message,system: Системное уведомление: настроение обращения определе...,C015,,,,,,,,,event_315214396d17,,2025-03-03,,,,,,,,,message_9979d0840f41,system,Системное уведомление: настроение обращения определено как «positive».
Message::message_99862a05da56,Message,system: Системное уведомление: настроение обращения определе...,C048,,,,,,,,,event_67d6eb7a52e3,,2025-04-22,,,,,,,,,message_99862a05da56,system,Системное уведомление: настроение обращения определено как «neutral».
Message::message_998775e7cad7,Message,operator: Отправлю вам подтверждение и краткое резюме по теме ...,C031,,,,,,,,,event_0cedd8d68f42,,2024-12-24,,,,,,,,,message_998775e7cad7,operator,Отправлю вам подтверждение и краткое резюме по теме «оформление продукта».
Message::message_9988dcadfea0,Message,"client: Подскажите, пожалуйста, как правильно действовать по...",C027,,,,,,,,,event_1984bd2072f5,,2025-01-18,,,,,,,,,message_9988dcadfea0,client,"Подскажите, пожалуйста, как правильно действовать по теме «изменение персональных данных»."
Message::message_998f341a674f,Message,system: Системное уведомление: настроение обращения определе...,C047,,,,,,,,,event_abe212840fef,,2024-12-28,,,,,,,,,message_998f341a674f,system,Системное уведомление: настроение обращения определено как «neutral».
Message::message_9993f3b3dc61,Message,system: Системное уведомление: клиенту присвоен статус обращ...,C046,,,,,,,,,event_d1d2d046f009,,2025-04-17,,,,,,,,,message_9993f3b3dc61,system,Системное уведомление: клиенту присвоен статус обращения «resolved».
Message::message_99a70fd066be,Message,operator: Я вижу историю клиента и учитываю этап «эскалация».,C041,,,,,,,,,event_1315f43b9ad3,,2024-11-26,,,,,,,,,message_99a70fd066be,operator,Я вижу историю клиента и учитываю этап «эскалация».
Message::message_99e335e75647,Message,"client: Хочу оформить «Накопительный счет». Подскажите, что ...",C016,,,,,,,,,event_1eec34c9d6ac,,2025-02-06,,,,,,,,,message_99e335e75647,client,"Хочу оформить «Накопительный счет». Подскажите, что нужно сделать."
Message::message_9a17b2efe8d4,Message,system: Системное уведомление: настроение обращения определе...,C036,,,,,,,,,event_cfb60056cc33,,2024-11-12,,,,,,,,,message_9a17b2efe8d4,system,Системное уведомление: настроение обращения определено как «neutral».
Message::message_9a5e27a96cb6,Message,"operator: Если появятся дополнительные вопросы, можно продолжи...",C030,,,,,,,,,event_72d3ee9df974,,2025-03-30,,,,,,,,,message_9a5e27a96cb6,operator,"Если появятся дополнительные вопросы, можно продолжить диалог в этом же канале."
Message::message_9a968741522e,Message,client: Не получается разобраться с ситуацией по продукту «И...,C026,,,,,,,,,event_ac67b3c3aba8,,2024-12-22,,,,,,,,,message_9a968741522e,client,Не получается разобраться с ситуацией по продукту «Инвестиционный счет».
Message::message_9aa879683698,Message,client: Я хочу понимать сроки и что будет происходить дальше.,C041,,,,,,,,,event_1315f43b9ad3,,2024-11-26,,,,,,,,,message_9aa879683698,client,Я хочу понимать сроки и что будет происходить дальше.
Message::message_9ab5e0867948,Message,operator: Я вижу историю клиента и учитываю этап «знакомство».,C045,,,,,,,,,event_42fe7392948e,,2024-09-28,,,,,,,,,message_9ab5e0867948,operator,Я вижу историю клиента и учитываю этап «знакомство».
Message::message_9acc6e8bd0cb,Message,system: Системное уведомление: настроение обращения определе...,C025,,,,,,,,,event_8f387c590f91,,2024-08-09,,,,,,,,,message_9acc6e8bd0cb,system,Системное уведомление: настроение обращения определено как «positive».
Message::message_9b60882bfab3,Message,"client: Здравствуйте, хочу понять, как у вас работает продук...",C050,,,,,,,,,event_24b00571fa17,,2024-10-18,,,,,,,,,message_9b60882bfab3,client,"Здравствуйте, хочу понять, как у вас работает продукт «Ипотека». Интересуют оформление продукта."
Message::message_9bed43ae1626,Message,client: Хочу оставить жалобу. По продукту «Дебетовая карта» ...,C020,,,,,,,,,event_9a47a4a80e64,,2024-09-12,,,,,,,,,message_9bed43ae1626,client,Хочу оставить жалобу. По продукту «Дебетовая карта» возникла неприятная ситуация.
Message::message_9c00ca5934af,Message,system: Системное уведомление: клиенту присвоен статус обращ...,C030,,,,,,,,,event_914bc2b32205,,2025-05-18,,,,,,,,,message_9c00ca5934af,system,Системное уведомление: клиенту присвоен статус обращения «completed».
Message::message_9c0e1ef37684,Message,system: Системное уведомление: история взаимодействий клиент...,C024,,,,,,,,,event_4a37e700a4c3,,2025-01-05,,,,,,,,,message_9c0e1ef37684,system,Системное уведомление: история взаимодействий клиента обновлена.
Message::message_9c2a654035e8,Message,client: Можно ли получить подтверждение после завершения опе...,C001,,,,,,,,,event_083e4c73eb20,,2025-05-30,,,,,,,,,message_9c2a654035e8,client,Можно ли получить подтверждение после завершения операции?
Message::message_9c5dc4b52efe,Message,"client: Важно, чтобы решение было понятным и без скрытых усл...",C028,,,,,,,,,event_e346253f3775,,2025-03-04,,,,,,,,,message_9c5dc4b52efe,client,"Важно, чтобы решение было понятным и без скрытых условий."
Message::message_9c84b8f10eda,Message,"operator: По этому обращению указан статус «retained», оценка ...",C028,,,,,,,,,event_e346253f3775,,2025-03-04,,,,,,,,,message_9c84b8f10eda,operator,"По этому обращению указан статус «retained», оценка удовлетворенности будет учтена."
Message::message_9c8bed5040e7,Message,"operator: Информация передана в работу, ориентировочный срок р...",C042,,,,,,,,,event_dc8caaca728d,,2025-01-01,,,,,,,,,message_9c8bed5040e7,operator,"Информация передана в работу, ориентировочный срок решения зависит от проверки."
Message::message_9c9bf1e3f900,Message,"client: Я уже обращался, но проблема с продуктом «Ипотека» о...",C041,,,,,,,,,event_1315f43b9ad3,,2024-11-26,,,,,,,,,message_9c9bf1e3f900,client,"Я уже обращался, но проблема с продуктом «Ипотека» остается."
Message::message_9ccbf333591e,Message,"client: Помогите разобраться, подойдет ли мне «Кредитная кар...",C035,,,,,,,,,event_ffc587b1db9e,,2025-02-17,,,,,,,,,message_9ccbf333591e,client,"Помогите разобраться, подойдет ли мне «Кредитная карта»."
Message::message_9cf4d38285eb,Message,"operator: Информация передана в работу, ориентировочный срок р...",C048,,,,,,,,,event_dd28fbb40f25,,2024-12-28,,,,,,,,,message_9cf4d38285eb,operator,"Информация передана в работу, ориентировочный срок решения зависит от проверки."
Message::message_9cf76f3b0eb3,Message,client: Я хочу понимать сроки и что будет происходить дальше.,C035,,,,,,,,,event_348be7346fb7,,2025-06-28,,,,,,,,,message_9cf76f3b0eb3,client,Я хочу понимать сроки и что будет происходить дальше.
Message::message_9cf889ef94a7,Message,client: Меня зовут Веселов Олег Евстигнеевич. Прошу учесть м...,C021,,,,,,,,,event_93300e115221,,2024-09-22,,,,,,,,,message_9cf889ef94a7,client,Меня зовут Веселов Олег Евстигнеевич. Прошу учесть мой прошлый опыт и текущий продукт.
Message::message_9d1178b19ca5,Message,"operator: По этому обращению указан статус «completed», оценка...",C017,,,,,,,,,event_604dc9f58779,,2025-01-30,,,,,,,,,message_9d1178b19ca5,operator,"По этому обращению указан статус «completed», оценка удовлетворенности будет учтена."
Message::message_9d27ff78a5cf,Message,operator: Отправлю вам подтверждение и краткое резюме по теме ...,C030,,,,,,,,,event_709479fb7e8e,,2025-08-08,,,,,,,,,message_9d27ff78a5cf,operator,Отправлю вам подтверждение и краткое резюме по теме «техническая ошибка».
Message::message_9d2980819564,Message,system: Системное уведомление: тема обращения классифицирова...,C028,,,,,,,,,event_4c40be4187ce,,2025-03-21,,,,,,,,,message_9d2980819564,system,Системное уведомление: тема обращения классифицирована как «условия продукта».
Message::message_9d99b11fd234,Message,operator: Сейчас оформим завершение обслуживания и подтвердим ...,C022,,,,,,,,,event_4e7ae3596ec3,,2024-11-13,,,,,,,,,message_9d99b11fd234,operator,Сейчас оформим завершение обслуживания и подтвердим финальный статус.
Message::message_9de39e6ba4fe,Message,client: Меня зовут Алевтина Игоревна Николаева. Прошу учесть...,C001,,,,,,,,,event_65d9b172fbc2,,2025-04-01,,,,,,,,,message_9de39e6ba4fe,client,Меня зовут Алевтина Игоревна Николаева. Прошу учесть мой прошлый опыт и текущий продукт.
Message::message_9ded3edd6dd1,Message,client: Меня не устраивает качество обслуживания. Тема обращ...,C003,,,,,,,,,event_8d7423c933c5,,2024-09-04,,,,,,,,,message_9ded3edd6dd1,client,Меня не устраивает качество обслуживания. Тема обращения: комиссия.
Message::message_9df4bc30ad30,Message,system: Системное уведомление: клиенту присвоен статус обращ...,C003,,,,,,,,,event_76c822a306f4,,2024-10-09,,,,,,,,,message_9df4bc30ad30,system,Системное уведомление: клиенту присвоен статус обращения «lost».
Message::message_9e108c95ce2e,Message,operator: Понимаю ваше недовольство. Зафиксирую обращение и пе...,C007,,,,,,,,,event_438d7c6d946a,,2025-03-18,,,,,,,,,message_9e108c95ce2e,operator,Понимаю ваше недовольство. Зафиксирую обращение и передам его в работу.
Message::message_9e3fc392606e,Message,operator: Я зафиксировал вопрос и проверяю доступные действия.,C010,,,,,,,,,event_0f5db095f94f,,2025-01-04,,,,,,,,,message_9e3fc392606e,operator,Я зафиксировал вопрос и проверяю доступные действия.
Message::message_9e5b5a14a2f4,Message,system: Системное уведомление: настроение обращения определе...,C050,,,,,,,,,event_24b00571fa17,,2024-10-18,,,,,,,,,message_9e5b5a14a2f4,system,Системное уведомление: настроение обращения определено как «positive».
Message::message_9ec20f11d4c9,Message,client: Проверяю статус проблемы по продукту «Кредитная карт...,C009,,,,,,,,,event_681a0f4b121f,,2025-02-17,,,,,,,,,message_9ec20f11d4c9,client,Проверяю статус проблемы по продукту «Кредитная карта». Есть ли решение?
Message::message_9edf0c40dbb3,Message,operator: Здравствуйте. Я помогу сориентироваться по условиям ...,C008,,,,,,,,,event_9b9f167c9e7e,,2024-12-25,,,,,,,,,message_9edf0c40dbb3,operator,Здравствуйте. Я помогу сориентироваться по условиям и ограничениям.
Message::message_9ee0e343220a,Message,client: Я недоволен ситуацией по продукту «Страхование». Про...,C001,,,,,,,,,event_23cb234e9bed,,2025-01-18,,,,,,,,,message_9ee0e343220a,client,Я недоволен ситуацией по продукту «Страхование». Проблема: жалоба на обслуживание.
Message::message_9ef3f57049a1,Message,operator: Я вижу историю клиента и учитываю этап «решение проб...,C048,,,,,,,,,event_67d6eb7a52e3,,2025-04-22,,,,,,,,,message_9ef3f57049a1,operator,Я вижу историю клиента и учитываю этап «решение проблемы».
Message::message_9f090b89f9b2,Message,operator: Я вижу историю клиента и учитываю этап «решение проб...,C026,,,,,,,,,event_2ab5f4b56b35,,2025-01-06,,,,,,,,,message_9f090b89f9b2,operator,Я вижу историю клиента и учитываю этап «решение проблемы».
Message::message_9f2224019468,Message,operator: Отправлю вам подтверждение и краткое резюме по теме ...,C039,,,,,,,,,event_1b62139f57e9,,2024-08-09,,,,,,,,,message_9f2224019468,operator,Отправлю вам подтверждение и краткое резюме по теме «оформление продукта».
Message::message_9f5b05e6a5b1,Message,operator: Я вижу историю клиента и учитываю этап «использовани...,C042,,,,,,,,,event_fca8868fa5fe,,2025-04-10,,,,,,,,,message_9f5b05e6a5b1,operator,Я вижу историю клиента и учитываю этап «использование продукта».
Message::message_9fa04a67ff51,Message,client: Нужна помощь по продукту «Потребительский кредит»: в...,C010,,,,,,,,,event_0f5db095f94f,,2025-01-04,,,,,,,,,message_9fa04a67ff51,client,Нужна помощь по продукту «Потребительский кредит»: возник вопрос «техническая ошибка».
Message::message_a005a9b40ea8,Message,client: Хочу сравнить условия по продукту «Страхование» с те...,C048,,,,,,,,,event_dd28fbb40f25,,2024-12-28,,,,,,,,,message_a005a9b40ea8,client,Хочу сравнить условия по продукту «Страхование» с текущими вариантами.
Message::message_a01a4a96ced1,Message,operator: Я вижу историю клиента и учитываю этап «использовани...,C005,,,,,,,,,event_a05b43d094d4,,2024-11-25,,,,,,,,,message_a01a4a96ced1,operator,Я вижу историю клиента и учитываю этап «использование продукта».
Message::message_a01d95b167ea,Message,client: Я хочу понимать сроки и что будет происходить дальше.,C026,,,,,,,,,event_ac67b3c3aba8,,2024-12-22,,,,,,,,,message_a01d95b167ea,client,Я хочу понимать сроки и что будет происходить дальше.
Message::message_a04146919bd5,Message,"client: Важно, чтобы решение было понятным и без скрытых усл...",C015,,,,,,,,,event_315214396d17,,2025-03-03,,,,,,,,,message_a04146919bd5,client,"Важно, чтобы решение было понятным и без скрытых условий."
Message::message_a04eff790dfd,Message,"client: Не вижу смысла продолжать обслуживание, хочу заверши...",C049,,,,,,,,,event_3eaffd63f9b3,,2025-05-21,,,,,,,,,message_a04eff790dfd,client,"Не вижу смысла продолжать обслуживание, хочу завершить отношения с банком."
Message::message_a0557f2bcc7f,Message,client: Мне удобнее продолжить общение через канал «офис».,C034,,,,,,,,,event_e059a5856228,,2024-10-25,,,,,,,,,message_a0557f2bcc7f,client,Мне удобнее продолжить общение через канал «офис».
Message::message_a07237bcb922,Message,client: Я уже клиент банка и хочу оформить еще один продукт:...,C042,,,,,,,,,event_2becb5ce4b6b,,2025-03-20,,,,,,,,,message_a07237bcb922,client,Я уже клиент банка и хочу оформить еще один продукт: «Кредитная карта».
Message::message_a0782bbc372c,Message,operator: Я вижу историю клиента и учитываю этап «эскалация».,C049,,,,,,,,,event_aad82a6c7be5,,2025-04-25,,,,,,,,,message_a0782bbc372c,operator,Я вижу историю клиента и учитываю этап «эскалация».
Message::message_a0982be01e4c,Message,client: Мне интересен продукт «Дебетовая карта». Можете расс...,C038,,,,,,,,,event_83f1aaa4343d,,2024-08-23,,,,,,,,,message_a0982be01e4c,client,Мне интересен продукт «Дебетовая карта». Можете рассказать подробнее про консультация по тарифам?
Message::message_a09d87207b47,Message,"client: Уточните, пожалуйста, это повлияет на мои текущие пр...",C015,,,,,,,,,event_9ac0a2c77c0a,,2025-07-08,,,,,,,,,message_a09d87207b47,client,"Уточните, пожалуйста, это повлияет на мои текущие продукты?"
Message::message_a0bce00f4ba9,Message,"operator: Информация передана в работу, ориентировочный срок р...",C041,,,,,,,,,event_b3954eeca9e2,,2024-11-16,,,,,,,,,message_a0bce00f4ba9,operator,"Информация передана в работу, ориентировочный срок решения зависит от проверки."
Message::message_a0f0dab3c5b2,Message,client: Меня зовут Ян Иосипович Игнатьев. Прошу учесть мой п...,C012,,,,,,,,,event_92ec8a803166,,2025-01-30,,,,,,,,,message_a0f0dab3c5b2,client,Меня зовут Ян Иосипович Игнатьев. Прошу учесть мой прошлый опыт и текущий продукт.
Message::message_a1216a249989,Message,"operator: Информация передана в работу, ориентировочный срок р...",C033,,,,,,,,,event_1abb12a15b95,,2024-10-07,,,,,,,,,message_a1216a249989,operator,"Информация передана в работу, ориентировочный срок решения зависит от проверки."
Message::message_a148ad0ffe61,Message,client: Меня зовут Гордей Федосьевич Александров. Прошу учес...,C007,,,,,,,,,event_438d7c6d946a,,2025-03-18,,,,,,,,,message_a148ad0ffe61,client,Меня зовут Гордей Федосьевич Александров. Прошу учесть мой прошлый опыт и текущий продукт.
Message::message_a167988ddee5,Message,client: Меня не устраивает качество обслуживания. Тема обращ...,C021,,,,,,,,,event_fac32dcf828f,,2024-09-04,,,,,,,,,message_a167988ddee5,client,Меня не устраивает качество обслуживания. Тема обращения: просрочка платежа.
Message::message_a17c3d018f67,Message,"client: Уточните, пожалуйста, это повлияет на мои текущие пр...",C045,,,,,,,,,event_42fe7392948e,,2024-09-28,,,,,,,,,message_a17c3d018f67,client,"Уточните, пожалуйста, это повлияет на мои текущие продукты?"
Message::message_a1d3966f26a3,Message,client: Я хочу понимать сроки и что будет происходить дальше.,C002,,,,,,,,,event_0d8e4d9e5b33,,2024-11-11,,,,,,,,,message_a1d3966f26a3,client,Я хочу понимать сроки и что будет происходить дальше.
Message::message_a1ff60d8f16f,Message,operator: Отправлю вам подтверждение и краткое резюме по теме ...,C046,,,,,,,,,event_79f856de5d3a,,2025-06-01,,,,,,,,,message_a1ff60d8f16f,operator,Отправлю вам подтверждение и краткое резюме по теме «условия продукта».
Message::message_a20ffa60dc15,Message,operator: Здравствуйте. Расскажу основные условия и помогу выб...,C043,,,,,,,,,event_9ec728605a34,,2025-01-16,,,,,,,,,message_a20ffa60dc15,operator,Здравствуйте. Расскажу основные условия и помогу выбрать подходящий вариант.
Message::message_a213d3e63324,Message,client: Я хочу понимать сроки и что будет происходить дальше.,C046,,,,,,,,,event_d1d2d046f009,,2025-04-17,,,,,,,,,message_a213d3e63324,client,Я хочу понимать сроки и что будет происходить дальше.
Message::message_a214d1a0b859,Message,"client: Важно, чтобы решение было понятным и без скрытых усл...",C045,,,,,,,,,event_05228b6dd178,,2024-11-23,,,,,,,,,message_a214d1a0b859,client,"Важно, чтобы решение было понятным и без скрытых условий."
Message::message_a225a08b4f91,Message,client: Возвращаюсь по обращению «техническая ошибка». Хотел...,C015,,,,,,,,,event_9ac0a2c77c0a,,2025-07-08,,,,,,,,,message_a225a08b4f91,client,Возвращаюсь по обращению «техническая ошибка». Хотелось бы понять результат.
Message::message_a25ad1a79915,Message,client: Мне удобнее продолжить общение через канал «сайт».,C015,,,,,,,,,event_be602d892628,,2025-02-16,,,,,,,,,message_a25ad1a79915,client,Мне удобнее продолжить общение через канал «сайт».
Message::message_a2b6b4ba0f5c,Message,"operator: Отлично, я помогу оформить заявку и проверю необходи...",C011,,,,,,,,,event_2ec6a02eb4ee,,2024-11-17,,,,,,,,,message_a2b6b4ba0f5c,operator,"Отлично, я помогу оформить заявку и проверю необходимые данные."
Message::message_a2f74edcefa7,Message,"operator: По этому обращению указан статус «escalated», оценка...",C001,,,,,,,,,event_13fa3c53a9e9,,2025-04-20,,,,,,,,,message_a2f74edcefa7,operator,"По этому обращению указан статус «escalated», оценка удовлетворенности будет учтена."
Message::message_a2faa365e250,Message,"operator: Мне жаль, что вы приняли такое решение. Я помогу кор...",C007,,,,,,,,,event_7d25c29698b6,,2025-04-23,,,,,,,,,message_a2faa365e250,operator,"Мне жаль, что вы приняли такое решение. Я помогу корректно завершить обслуживание."
Message::message_a3aad4feaf6c,Message,client: Можно ли получить подтверждение после завершения опе...,C007,,,,,,,,,event_e45f9057a3b8,,2025-03-25,,,,,,,,,message_a3aad4feaf6c,client,Можно ли получить подтверждение после завершения операции?
Message::message_a3cf8673a35e,Message,"operator: Мы ценим, что вы готовы продолжить обслуживание. Пре...",C046,,,,,,,,,event_79f856de5d3a,,2025-06-01,,,,,,,,,message_a3cf8673a35e,operator,"Мы ценим, что вы готовы продолжить обслуживание. Предложу варианты удержания."
Message::message_a448095215da,Message,"client: Помогите разобраться, подойдет ли мне «Потребительск...",C017,,,,,,,,,event_a3ab67050ec8,,2025-01-04,,,,,,,,,message_a448095215da,client,"Помогите разобраться, подойдет ли мне «Потребительский кредит»."
Message::message_a45aadc03ff3,Message,client: Интересует дополнительный продукт «Кредитная карта»....,C020,,,,,,,,,event_de84b1891874,,2025-01-17,,,,,,,,,message_a45aadc03ff3,client,Интересует дополнительный продукт «Кредитная карта». Расскажите про оформление.
Message::message_a4b767e5962b,Message,"client: Уточните, пожалуйста, это повлияет на мои текущие пр...",C014,,,,,,,,,event_7cf7a4a696ab,,2025-01-03,,,,,,,,,message_a4b767e5962b,client,"Уточните, пожалуйста, это повлияет на мои текущие продукты?"
Message::message_a4c93eec4423,Message,"operator: Информация передана в работу, ориентировочный срок р...",C042,,,,,,,,,event_656353341612,,2024-10-12,,,,,,,,,message_a4c93eec4423,operator,"Информация передана в работу, ориентировочный срок решения зависит от проверки."
Message::message_a4d94ab24202,Message,operator: Я зафиксировал обращение. Статус сейчас: completed.,C017,,,,,,,,,event_d4e1bac7722d,,2025-09-02,,,,,,,,,message_a4d94ab24202,operator,Я зафиксировал обращение. Статус сейчас: completed.
Message::message_a4f6feeec1bc,Message,client: Мне удобнее продолжить общение через канал «мобильно...,C012,,,,,,,,,event_a20ffd583ad5,,2024-11-14,,,,,,,,,message_a4f6feeec1bc,client,Мне удобнее продолжить общение через канал «мобильное приложение».
Message::message_a4faad54a04b,Message,system: Системное уведомление: настроение обращения определе...,C009,,,,,,,,,event_681a0f4b121f,,2025-02-17,,,,,,,,,message_a4faad54a04b,system,Системное уведомление: настроение обращения определено как «positive».
Message::message_a504eb1c2faa,Message,"client: Важно, чтобы решение было понятным и без скрытых усл...",C024,,,,,,,,,event_2f93c12b9343,,2025-02-04,,,,,,,,,message_a504eb1c2faa,client,"Важно, чтобы решение было понятным и без скрытых условий."
Message::message_a55096e3bac0,Message,client: Меня зовут Панфил Арсенович Блинов. Прошу учесть мой...,C028,,,,,,,,,event_4a2a3516b6b0,,2024-11-10,,,,,,,,,message_a55096e3bac0,client,Меня зовут Панфил Арсенович Блинов. Прошу учесть мой прошлый опыт и текущий продукт.
Message::message_a5ef0f17a067,Message,"client: Мне сообщили, что вопрос почти решен. Подтвердите, п...",C046,,,,,,,,,event_d1d2d046f009,,2025-04-17,,,,,,,,,message_a5ef0f17a067,client,"Мне сообщили, что вопрос почти решен. Подтвердите, пожалуйста."
Message::message_a5effae6afa1,Message,client: Меня зовут Сысоева Валентина Кузьминична. Прошу учес...,C034,,,,,,,,,event_e059a5856228,,2024-10-25,,,,,,,,,message_a5effae6afa1,client,Меня зовут Сысоева Валентина Кузьминична. Прошу учесть мой прошлый опыт и текущий продукт.
Message::message_a62cda40f081,Message,client: Меня зовут Алина Робертовна Белякова. Прошу учесть м...,C010,,,,,,,,,event_d71ea6919cd3,,2024-11-23,,,,,,,,,message_a62cda40f081,client,Меня зовут Алина Робертовна Белякова. Прошу учесть мой прошлый опыт и текущий продукт.
Message::message_a639fd6e9f71,Message,"client: Важно, чтобы решение было понятным и без скрытых усл...",C007,,,,,,,,,event_438d7c6d946a,,2025-03-18,,,,,,,,,message_a639fd6e9f71,client,"Важно, чтобы решение было понятным и без скрытых условий."
Message::message_a646db41be18,Message,system: Системное уведомление: обращение зарегистрировано и ...,C040,,,,,,,,,event_14b04203f743,,2025-01-26,,,,,,,,,message_a646db41be18,system,Системное уведомление: обращение зарегистрировано и связано с продуктом «Дебетовая карта».
Message::message_a65c368c0e11,Message,client: Меня зовут Радислав Валерианович Крылов. Прошу учест...,C046,,,,,,,,,event_0199e3955865,,2025-06-29,,,,,,,,,message_a65c368c0e11,client,Меня зовут Радислав Валерианович Крылов. Прошу учесть мой прошлый опыт и текущий продукт.
Message::message_a6e5eda14047,Message,"client: Ситуация по теме «возврат средств» затянулась, нужна...",C039,,,,,,,,,event_ad86c3b9249f,,2024-11-09,,,,,,,,,message_a6e5eda14047,client,"Ситуация по теме «возврат средств» затянулась, нужна эскалация."
Message::message_a6ea864582ff,Message,operator: Я зафиксировал обращение. Статус сейчас: resolved.,C030,,,,,,,,,event_63d733506b6a,,2025-08-21,,,,,,,,,message_a6ea864582ff,operator,Я зафиксировал обращение. Статус сейчас: resolved.
Message::message_a6eab9e40305,Message,client: Меня зовут Гордей Федосьевич Александров. Прошу учес...,C007,,,,,,,,,event_ca232430e006,,2025-02-15,,,,,,,,,message_a6eab9e40305,client,Меня зовут Гордей Федосьевич Александров. Прошу учесть мой прошлый опыт и текущий продукт.
Message::message_a6ede29fe69a,Message,client: После последнего опыта я хочу уйти из банка.,C047,,,,,,,,,event_6e5bef8925ac,,2025-04-02,,,,,,,,,message_a6ede29fe69a,client,После последнего опыта я хочу уйти из банка.
Message::message_a726e4896c4f,Message,client: Мне интересен продукт «Дебетовая карта». Можете расс...,C036,,,,,,,,,event_f1d9a60c299d,,2024-09-07,,,,,,,,,message_a726e4896c4f,client,Мне интересен продукт «Дебетовая карта». Можете рассказать подробнее про повышение лимита?
Message::message_a728c720ab56,Message,client: Добрый день. Я впервые обращаюсь в банк и хочу узнат...,C045,,,,,,,,,event_42fe7392948e,,2024-09-28,,,,,,,,,message_a728c720ab56,client,Добрый день. Я впервые обращаюсь в банк и хочу узнать про «Дебетовая карта».
Message::message_a7793cca36fb,Message,"client: Мне сообщили, что вопрос почти решен. Подтвердите, п...",C002,,,,,,,,,event_240a45d6b2a1,,2025-01-19,,,,,,,,,message_a7793cca36fb,client,"Мне сообщили, что вопрос почти решен. Подтвердите, пожалуйста."
Message::message_a77daeb5f22e,Message,client: Меня зовут Анастасия Евгеньевна Бирюкова. Прошу учес...,C020,,,,,,,,,event_c9fd547bd8c3,,2024-11-18,,,,,,,,,message_a77daeb5f22e,client,Меня зовут Анастасия Евгеньевна Бирюкова. Прошу учесть мой прошлый опыт и текущий продукт.
Message::message_a7c595b179da,Message,"client: Помогите разобраться, подойдет ли мне «Ипотека».",C023,,,,,,,,,event_5b7c198b3863,,2025-02-15,,,,,,,,,message_a7c595b179da,client,"Помогите разобраться, подойдет ли мне «Ипотека»."
Message::message_a7d61c955e61,Message,"client: Мне сообщили, что вопрос почти решен. Подтвердите, п...",C035,,,,,,,,,event_348be7346fb7,,2025-06-28,,,,,,,,,message_a7d61c955e61,client,"Мне сообщили, что вопрос почти решен. Подтвердите, пожалуйста."
Message::message_a7f85bd99a36,Message,"client: Подскажите, пожалуйста, как правильно действовать по...",C035,,,,,,,,,event_4f215353ec22,,2025-09-06,,,,,,,,,message_a7f85bd99a36,client,"Подскажите, пожалуйста, как правильно действовать по теме «условия продукта»."
Message::message_a80fac27efa0,Message,system: Системное уведомление: настроение обращения определе...,C036,,,,,,,,,event_4ca460af6928,,2025-02-27,,,,,,,,,message_a80fac27efa0,system,Системное уведомление: настроение обращения определено как «neutral».
Message::message_a82d7e272673,Message,operator: Понимаю ваше недовольство. Зафиксирую обращение и пе...,C045,,,,,,,,,event_05228b6dd178,,2024-11-23,,,,,,,,,message_a82d7e272673,operator,Понимаю ваше недовольство. Зафиксирую обращение и передам его в работу.
Message::message_a84b9cfbc360,Message,client: Меня зовут Лазарева София Николаевна. Прошу учесть м...,C005,,,,,,,,,event_a05b43d094d4,,2024-11-25,,,,,,,,,message_a84b9cfbc360,client,Меня зовут Лазарева София Николаевна. Прошу учесть мой прошлый опыт и текущий продукт.
Message::message_a8656c0724f8,Message,system: Системное уведомление: настроение обращения определе...,C035,,,,,,,,,event_10c25891fbda,,2025-07-16,,,,,,,,,message_a8656c0724f8,system,Системное уведомление: настроение обращения определено как «neutral».
Message::message_a89012bc1c62,Message,system: Системное уведомление: обращение зарегистрировано и ...,C009,,,,,,,,,event_681a0f4b121f,,2025-02-17,,,,,,,,,message_a89012bc1c62,system,Системное уведомление: обращение зарегистрировано и связано с продуктом «Кредитная карта».
Message::message_a8b4948e2f39,Message,"client: Здравствуйте. Подскажите, пожалуйста, что важно знат...",C017,,,,,,,,,event_293fd9715cf6,,2024-11-08,,,,,,,,,message_a8b4948e2f39,client,"Здравствуйте. Подскажите, пожалуйста, что важно знать про «Дебетовая карта»?"
Message::message_a8cb9f3d9b3b,Message,system: Системное уведомление: тема обращения классифицирова...,C020,,,,,,,,,event_7cf6fe1f85ab,,2024-08-21,,,,,,,,,message_a8cb9f3d9b3b,system,Системное уведомление: тема обращения классифицирована как «комиссия».
Message::message_a8d31cec9bf2,Message,operator: Я вижу историю клиента и учитываю этап «консультация».,C038,,,,,,,,,event_c49c7657cd4b,,2024-09-03,,,,,,,,,message_a8d31cec9bf2,operator,Я вижу историю клиента и учитываю этап «консультация».
Message::message_a914440f8284,Message,system: Системное уведомление: настроение обращения определе...,C002,,,,,,,,,event_0d8e4d9e5b33,,2024-11-11,,,,,,,,,message_a914440f8284,system,Системное уведомление: настроение обращения определено как «positive».
Message::message_a963a1a5b221,Message,"operator: Давайте подробно опишем проблему, чтобы ее можно был...",C015,,,,,,,,,event_7d4967c62c86,,2025-08-13,,,,,,,,,message_a963a1a5b221,operator,"Давайте подробно опишем проблему, чтобы ее можно было проверить."
Message::message_a9e08d39de02,Message,operator: Я вижу историю клиента и учитываю этап «повторная по...,C011,,,,,,,,,event_a461a9c10bb9,,2025-05-01,,,,,,,,,message_a9e08d39de02,operator,Я вижу историю клиента и учитываю этап «повторная покупка».
Message::message_a9e4b4b8e56a,Message,client: Меня зовут Панфил Арсенович Блинов. Прошу учесть мой...,C028,,,,,,,,,event_e346253f3775,,2025-03-04,,,,,,,,,message_a9e4b4b8e56a,client,Меня зовут Панфил Арсенович Блинов. Прошу учесть мой прошлый опыт и текущий продукт.
Message::message_aabd9418c1f1,Message,operator: Я вижу историю клиента и учитываю этап «интерес к пр...,C036,,,,,,,,,event_f1d9a60c299d,,2024-09-07,,,,,,,,,message_aabd9418c1f1,operator,Я вижу историю клиента и учитываю этап «интерес к продукту».
Message::message_aae7c11c97ec,Message,client: Можно ли получить подтверждение после завершения опе...,C047,,,,,,,,,event_40ec4ea8ce5f,,2024-12-01,,,,,,,,,message_aae7c11c97ec,client,Можно ли получить подтверждение после завершения операции?
Message::message_aaef2f43aab2,Message,client: Интересует дополнительный продукт «Ипотека». Расскаж...,C014,,,,,,,,,event_aaa83bff47f9,,2024-12-16,,,,,,,,,message_aaef2f43aab2,client,Интересует дополнительный продукт «Ипотека». Расскажите про оформление.
Message::message_ab70b420a227,Message,system: Системное уведомление: история взаимодействий клиент...,C012,,,,,,,,,event_a20ffd583ad5,,2024-11-14,,,,,,,,,message_ab70b420a227,system,Системное уведомление: история взаимодействий клиента обновлена.
Message::message_ab946f71a85f,Message,"client: Подскажите, пожалуйста, как правильно действовать по...",C016,,,,,,,,,event_1cd9e5524c45,,2025-03-03,,,,,,,,,message_ab946f71a85f,client,"Подскажите, пожалуйста, как правильно действовать по теме «изменение персональных данных»."
Message::message_abc793e9e4df,Message,operator: Я вижу историю клиента и учитываю этап «использовани...,C043,,,,,,,,,event_5d87fb0d500f,,2025-04-04,,,,,,,,,message_abc793e9e4df,operator,Я вижу историю клиента и учитываю этап «использование продукта».
Message::message_abf5d33fa005,Message,client: Можно ли получить подтверждение после завершения опе...,C046,,,,,,,,,event_dbee8fc7655a,,2025-03-14,,,,,,,,,message_abf5d33fa005,client,Можно ли получить подтверждение после завершения операции?
Message::message_ac229013e067,Message,operator: Здравствуйте. Расскажу основные условия и помогу выб...,C034,,,,,,,,,event_7467e1f53e11,,2024-09-18,,,,,,,,,message_ac229013e067,operator,Здравствуйте. Расскажу основные условия и помогу выбрать подходящий вариант.
Message::message_ac28640aacf2,Message,"operator: Информация передана в работу, ориентировочный срок р...",C048,,,,,,,,,event_fb84c9525fb2,,2025-01-25,,,,,,,,,message_ac28640aacf2,operator,"Информация передана в работу, ориентировочный срок решения зависит от проверки."
Message::message_ac6e31a6db73,Message,operator: Давайте посмотрим детали операции и найдем ответ.,C010,,,,,,,,,event_25b4a89b3bef,,2024-12-18,,,,,,,,,message_ac6e31a6db73,operator,Давайте посмотрим детали операции и найдем ответ.
Message::message_ac7a711cb47d,Message,client: Мне удобнее продолжить общение через канал «телефон».,C036,,,,,,,,,event_f3417982ce56,,2025-01-17,,,,,,,,,message_ac7a711cb47d,client,Мне удобнее продолжить общение через канал «телефон».
Message::message_aca0629387ff,Message,system: Системное уведомление: настроение обращения определе...,C028,,,,,,,,,event_4a2a3516b6b0,,2024-11-10,,,,,,,,,message_aca0629387ff,system,Системное уведомление: настроение обращения определено как «neutral».
Message::message_aca38e5df9ef,Message,client: Меня зовут Прасковья Юльевна Лазарева. Прошу учесть ...,C035,,,,,,,,,event_a430da8b72be,,2025-03-29,,,,,,,,,message_aca38e5df9ef,client,Меня зовут Прасковья Юльевна Лазарева. Прошу учесть мой прошлый опыт и текущий продукт.
Message::message_ad14bbdf4e55,Message,"client: Уточните, пожалуйста, это повлияет на мои текущие пр...",C045,,,,,,,,,event_bdbd248e7958,,2024-10-16,,,,,,,,,message_ad14bbdf4e55,client,"Уточните, пожалуйста, это повлияет на мои текущие продукты?"
Message::message_ad381d6c274d,Message,client: Мне удобнее продолжить общение через канал «чат».,C038,,,,,,,,,event_3bd032dadf3a,,2024-10-03,,,,,,,,,message_ad381d6c274d,client,Мне удобнее продолжить общение через канал «чат».
Message::message_ad4b40ec4bdf,Message,operator: Для оформления понадобится подтвердить данные и выбр...,C046,,,,,,,,,event_99c5681b4262,,2025-01-01,,,,,,,,,message_ad4b40ec4bdf,operator,Для оформления понадобится подтвердить данные и выбрать параметры продукта.
Message::message_ad60a5d19886,Message,operator: Здравствуйте. Я помогу сориентироваться по условиям ...,C046,,,,,,,,,event_4c0c79e2b2bb,,2024-11-19,,,,,,,,,message_ad60a5d19886,operator,Здравствуйте. Я помогу сориентироваться по условиям и ограничениям.
Message::message_ad8b65d1c6ac,Message,system: Системное уведомление: клиенту присвоен статус обращ...,C024,,,,,,,,,event_2f93c12b9343,,2025-02-04,,,,,,,,,message_ad8b65d1c6ac,system,Системное уведомление: клиенту присвоен статус обращения «completed».
Message::message_adb3500fe8b6,Message,operator: Я зафиксировал обращение. Статус сейчас: completed.,C034,,,,,,,,,event_7467e1f53e11,,2024-09-18,,,,,,,,,message_adb3500fe8b6,operator,Я зафиксировал обращение. Статус сейчас: completed.
Message::message_adbb771c4438,Message,"operator: По этому обращению указан статус «in_progress», оцен...",C035,,,,,,,,,event_2eaeb68603d7,,2025-05-18,,,,,,,,,message_adbb771c4438,operator,"По этому обращению указан статус «in_progress», оценка удовлетворенности будет учтена."
Message::message_add25f15a758,Message,client: Меня зовут Элеонора Олеговна Силина. Прошу учесть мо...,C043,,,,,,,,,event_9ec728605a34,,2025-01-16,,,,,,,,,message_add25f15a758,client,Меня зовут Элеонора Олеговна Силина. Прошу учесть мой прошлый опыт и текущий продукт.
Message::message_addef6afef45,Message,client: Интересует дополнительный продукт «Ипотека». Расскаж...,C017,,,,,,,,,event_d4e1bac7722d,,2025-09-02,,,,,,,,,message_addef6afef45,client,Интересует дополнительный продукт «Ипотека». Расскажите про оформление.
Message::message_ae41ef553faf,Message,system: Системное уведомление: настроение обращения определе...,C001,,,,,,,,,event_27f9b4ebb9c8,,2025-06-27,,,,,,,,,message_ae41ef553faf,system,Системное уведомление: настроение обращения определено как «negative».
Message::message_ae49d615d431,Message,"operator: Проверила статус: решение уже применено, сейчас объя...",C015,,,,,,,,,event_9ac0a2c77c0a,,2025-07-08,,,,,,,,,message_ae49d615d431,operator,"Проверила статус: решение уже применено, сейчас объясню детали."
Message::message_ae5be8f6d0be,Message,client: Мне удобнее продолжить общение через канал «офис».,C010,,,,,,,,,event_d71ea6919cd3,,2024-11-23,,,,,,,,,message_ae5be8f6d0be,client,Мне удобнее продолжить общение через канал «офис».
Message::message_ae63cbd0ec78,Message,operator: Я помогу разобраться с использованием продукта.,C045,,,,,,,,,event_22c136c0ba19,,2024-11-11,,,,,,,,,message_ae63cbd0ec78,operator,Я помогу разобраться с использованием продукта.
Message::message_ae7a2aa9ccea,Message,client: Я уже клиент банка и хочу оформить еще один продукт:...,C011,,,,,,,,,event_9c0778bd1c34,,2025-02-04,,,,,,,,,message_ae7a2aa9ccea,client,Я уже клиент банка и хочу оформить еще один продукт: «Дебетовая карта».
Message::message_aeaec9a35681,Message,"operator: Давайте уточним детали проблемы, чтобы быстрее помочь.",C046,,,,,,,,,event_dbee8fc7655a,,2025-03-14,,,,,,,,,message_aeaec9a35681,operator,"Давайте уточним детали проблемы, чтобы быстрее помочь."
Message::message_af0742bd7fdd,Message,system: Системное уведомление: настроение обращения определе...,C036,,,,,,,,,event_d86bbedebbde,,2024-08-04,,,,,,,,,message_af0742bd7fdd,system,Системное уведомление: настроение обращения определено как «neutral».
Message::message_af66e29fabf5,Message,operator: Я вижу историю клиента и учитываю этап «решение проб...,C009,,,,,,,,,event_681a0f4b121f,,2025-02-17,,,,,,,,,message_af66e29fabf5,operator,Я вижу историю клиента и учитываю этап «решение проблемы».
Message::message_af8dd92d4fbb,Message,operator: Здравствуйте. Я помогу сориентироваться по условиям ...,C038,,,,,,,,,event_a5240b8f5ec4,,2024-08-15,,,,,,,,,message_af8dd92d4fbb,operator,Здравствуйте. Я помогу сориентироваться по условиям и ограничениям.
Message::message_afa321661aed,Message,client: Меня зовут Ян Иосипович Игнатьев. Прошу учесть мой п...,C012,,,,,,,,,event_3163dbb1dd58,,2024-10-06,,,,,,,,,message_afa321661aed,client,Меня зовут Ян Иосипович Игнатьев. Прошу учесть мой прошлый опыт и текущий продукт.
Message::message_afa502458718,Message,"client: Важно, чтобы решение было понятным и без скрытых усл...",C027,,,,,,,,,event_40abdee785ad,,2025-02-17,,,,,,,,,message_afa502458718,client,"Важно, чтобы решение было понятным и без скрытых условий."
Message::message_afcbb4cec738,Message,system: Системное уведомление: настроение обращения определе...,C044,,,,,,,,,event_912be879b778,,2025-01-27,,,,,,,,,message_afcbb4cec738,system,Системное уведомление: настроение обращения определено как «neutral».
Message::message_aff5e78e4db7,Message,client: Меня зовут Леон Демидович Павлов. Прошу учесть мой п...,C039,,,,,,,,,event_04b1ad977154,,2024-09-23,,,,,,,,,message_aff5e78e4db7,client,Меня зовут Леон Демидович Павлов. Прошу учесть мой прошлый опыт и текущий продукт.
Message::message_b007b1d8b066,Message,client: Можно ли получить подтверждение после завершения опе...,C005,,,,,,,,,event_a05b43d094d4,,2024-11-25,,,,,,,,,message_b007b1d8b066,client,Можно ли получить подтверждение после завершения операции?
Message::message_b03e127d3957,Message,client: Меня зовут Агата Анатольевна Рогова. Прошу учесть мо...,C048,,,,,,,,,event_67d6eb7a52e3,,2025-04-22,,,,,,,,,message_b03e127d3957,client,Меня зовут Агата Анатольевна Рогова. Прошу учесть мой прошлый опыт и текущий продукт.
Message::message_b0476c6c21ea,Message,"operator: Понимаю. Зафиксирую причину ухода и проверю, что нуж...",C029,,,,,,,,,event_8c9b8b24a51c,,2024-09-28,,,,,,,,,message_b0476c6c21ea,operator,"Понимаю. Зафиксирую причину ухода и проверю, что нужно закрыть."
Message::message_b078415d98fc,Message,operator: Сейчас проверю информацию по продукту и объясню поря...,C034,,,,,,,,,event_a19379081937,,2024-12-01,,,,,,,,,message_b078415d98fc,operator,Сейчас проверю информацию по продукту и объясню порядок действий.
Message::message_b0d198870599,Message,operator: Я вижу историю клиента и учитываю этап «повторная по...,C036,,,,,,,,,event_1e24bd1e959c,,2024-12-18,,,,,,,,,message_b0d198870599,operator,Я вижу историю клиента и учитываю этап «повторная покупка».
Message::message_b0e0d6967444,Message,"operator: Информация передана в работу, ориентировочный срок р...",C043,,,,,,,,,event_05d3dff4256f,,2025-02-26,,,,,,,,,message_b0e0d6967444,operator,"Информация передана в работу, ориентировочный срок решения зависит от проверки."
Message::message_b1308902fc33,Message,"client: Важно, чтобы решение было понятным и без скрытых усл...",C024,,,,,,,,,event_4a37e700a4c3,,2025-01-05,,,,,,,,,message_b1308902fc33,client,"Важно, чтобы решение было понятным и без скрытых условий."
Message::message_b15806075cb5,Message,system: Системное уведомление: настроение обращения определе...,C014,,,,,,,,,event_7cf7a4a696ab,,2025-01-03,,,,,,,,,message_b15806075cb5,system,Системное уведомление: настроение обращения определено как «positive».
Message::message_b162bd907434,Message,"client: Готов подключить продукт «Кредитная карта», хочу про...",C035,,,,,,,,,event_a430da8b72be,,2025-03-29,,,,,,,,,message_b162bd907434,client,"Готов подключить продукт «Кредитная карта», хочу пройти оформление."
Message::message_b163f4adaf45,Message,system: Системное уведомление: история взаимодействий клиент...,C048,,,,,,,,,event_c7b56b517d9e,,2025-04-11,,,,,,,,,message_b163f4adaf45,system,Системное уведомление: история взаимодействий клиента обновлена.
Message::message_b167d9ae7faa,Message,operator: Я зафиксировал обращение. Статус сейчас: resolved.,C048,,,,,,,,,event_c7b56b517d9e,,2025-04-11,,,,,,,,,message_b167d9ae7faa,operator,Я зафиксировал обращение. Статус сейчас: resolved.
Message::message_b17e66c50478,Message,client: Меня зовут Родионов Амос Аксёнович. Прошу учесть мой...,C003,,,,,,,,,event_b1f221297bf6,,2024-08-19,,,,,,,,,message_b17e66c50478,client,Меня зовут Родионов Амос Аксёнович. Прошу учесть мой прошлый опыт и текущий продукт.
Message::message_b1a0c8148f60,Message,operator: Сейчас проверю информацию по продукту и объясню поря...,C015,,,,,,,,,event_f01ad024543e,,2024-11-05,,,,,,,,,message_b1a0c8148f60,operator,Сейчас проверю информацию по продукту и объясню порядок действий.
Message::message_b1b288f1fc7a,Message,"operator: Вопрос решен. Я расскажу, что было сделано и как про...",C026,,,,,,,,,event_2ab5f4b56b35,,2025-01-06,,,,,,,,,message_b1b288f1fc7a,operator,"Вопрос решен. Я расскажу, что было сделано и как проверить результат."
Message::message_b1c2ca7627b0,Message,client: Пользуюсь продуктом «Инвестиционный счет» и хочу уто...,C005,,,,,,,,,event_a05b43d094d4,,2024-11-25,,,,,,,,,message_b1c2ca7627b0,client,Пользуюсь продуктом «Инвестиционный счет» и хочу уточнить вопрос: условия продукта.
Message::message_b1ff164d63b6,Message,operator: Я вижу историю клиента и учитываю этап «вопрос в под...,C036,,,,,,,,,event_4ca460af6928,,2025-02-27,,,,,,,,,message_b1ff164d63b6,operator,Я вижу историю клиента и учитываю этап «вопрос в поддержку».
Message::message_b203ffff5065,Message,"client: Важно, чтобы решение было понятным и без скрытых усл...",C042,,,,,,,,,event_2becb5ce4b6b,,2025-03-20,,,,,,,,,message_b203ffff5065,client,"Важно, чтобы решение было понятным и без скрытых условий."
Message::message_b20ceb478c85,Message,operator: Я зафиксировал обращение. Статус сейчас: completed.,C004,,,,,,,,,event_1c0c1f40b7e7,,2024-11-21,,,,,,,,,message_b20ceb478c85,operator,Я зафиксировал обращение. Статус сейчас: completed.
Message::message_b27c129a2cb1,Message,operator: Я вижу историю клиента и учитываю этап «эскалация».,C012,,,,,,,,,event_a20ffd583ad5,,2024-11-14,,,,,,,,,message_b27c129a2cb1,operator,Я вижу историю клиента и учитываю этап «эскалация».
Message::message_b29a69223d30,Message,operator: Запускаю процесс оформления. Я буду сопровождать вас...,C014,,,,,,,,,event_cb8713269890,,2024-10-11,,,,,,,,,message_b29a69223d30,operator,Запускаю процесс оформления. Я буду сопровождать вас на каждом шаге.
Message::message_b2c290db9b2d,Message,"client: Важно, чтобы решение было понятным и без скрытых усл...",C038,,,,,,,,,event_a5240b8f5ec4,,2024-08-15,,,,,,,,,message_b2c290db9b2d,client,"Важно, чтобы решение было понятным и без скрытых условий."
Message::message_b2c708131014,Message,operator: Я вижу историю клиента и учитываю этап «решение проб...,C030,,,,,,,,,event_63d733506b6a,,2025-08-21,,,,,,,,,message_b2c708131014,operator,Я вижу историю клиента и учитываю этап «решение проблемы».
Message::message_b2dfecfe1cdc,Message,client: Пользуюсь продуктом «Накопительный счет» и хочу уточ...,C015,,,,,,,,,event_f01ad024543e,,2024-11-05,,,,,,,,,message_b2dfecfe1cdc,client,Пользуюсь продуктом «Накопительный счет» и хочу уточнить вопрос: комиссия.
Message::message_b2f8b8c0b26d,Message,"operator: Если появятся дополнительные вопросы, можно продолжи...",C007,,,,,,,,,event_e45f9057a3b8,,2025-03-25,,,,,,,,,message_b2f8b8c0b26d,operator,"Если появятся дополнительные вопросы, можно продолжить диалог в этом же канале."
Message::message_b300161adf74,Message,system: Системное уведомление: история взаимодействий клиент...,C044,,,,,,,,,event_912be879b778,,2025-01-27,,,,,,,,,message_b300161adf74,system,Системное уведомление: история взаимодействий клиента обновлена.
Message::message_b31279991f19,Message,"client: Я готов остаться клиентом, если вопрос по «Страхован...",C017,,,,,,,,,event_3143fb525d29,,2025-05-28,,,,,,,,,message_b31279991f19,client,"Я готов остаться клиентом, если вопрос по «Страхование» действительно закрыт."
Message::message_b37f6497d021,Message,"client: Уточните, пожалуйста, это повлияет на мои текущие пр...",C015,,,,,,,,,event_7d4967c62c86,,2025-08-13,,,,,,,,,message_b37f6497d021,client,"Уточните, пожалуйста, это повлияет на мои текущие продукты?"
Message::message_b38f3dbe89b3,Message,client: Хочу уточнить детали по тарифам и условиям для «Кред...,C043,,,,,,,,,event_cbcaed27118b,,2025-03-11,,,,,,,,,message_b38f3dbe89b3,client,Хочу уточнить детали по тарифам и условиям для «Кредитная карта».
Message::message_b3aa845b244d,Message,operator: Сейчас проверю информацию по продукту и объясню поря...,C011,,,,,,,,,event_a172b5c9ad5c,,2025-02-24,,,,,,,,,message_b3aa845b244d,operator,Сейчас проверю информацию по продукту и объясню порядок действий.
Message::message_b42f48c24b6a,Message,operator: Я зафиксировал обращение. Статус сейчас: completed.,C005,,,,,,,,,event_e29857fe2fc9,,2024-10-16,,,,,,,,,message_b42f48c24b6a,operator,Я зафиксировал обращение. Статус сейчас: completed.
Message::message_b42fa5a02c31,Message,operator: Я зафиксировал обращение. Статус сейчас: escalated.,C002,,,,,,,,,event_1d9133db1e58,,2024-12-30,,,,,,,,,message_b42fa5a02c31,operator,Я зафиксировал обращение. Статус сейчас: escalated.
Message::message_b432d91de824,Message,client: Хочу оставить жалобу. По продукту «Накопительный сче...,C033,,,,,,,,,event_1abb12a15b95,,2024-10-07,,,,,,,,,message_b432d91de824,client,Хочу оставить жалобу. По продукту «Накопительный счет» возникла неприятная ситуация.
Message::message_b443656c7705,Message,operator: Я помогу разобраться с использованием продукта.,C030,,,,,,,,,event_d4148e149005,,2025-06-25,,,,,,,,,message_b443656c7705,operator,Я помогу разобраться с использованием продукта.
Message::message_b4c4f733b0a5,Message,"client: Важно, чтобы решение было понятным и без скрытых усл...",C012,,,,,,,,,event_3163dbb1dd58,,2024-10-06,,,,,,,,,message_b4c4f733b0a5,client,"Важно, чтобы решение было понятным и без скрытых условий."
Message::message_b4eaf5eeb278,Message,system: Системное уведомление: клиенту присвоен статус обращ...,C014,,,,,,,,,event_724d42d1789c,,2024-11-01,,,,,,,,,message_b4eaf5eeb278,system,Системное уведомление: клиенту присвоен статус обращения «completed».
Message::message_b50e780bc69d,Message,"client: Уточните, пожалуйста, это повлияет на мои текущие пр...",C008,,,,,,,,,event_9b9f167c9e7e,,2024-12-25,,,,,,,,,message_b50e780bc69d,client,"Уточните, пожалуйста, это повлияет на мои текущие продукты?"
Message::message_b51afaa15c04,Message,client: Я хочу понимать сроки и что будет происходить дальше.,C005,,,,,,,,,event_e29857fe2fc9,,2024-10-16,,,,,,,,,message_b51afaa15c04,client,Я хочу понимать сроки и что будет происходить дальше.
Message::message_b543b5512c7c,Message,"client: Уточните, пожалуйста, это повлияет на мои текущие пр...",C010,,,,,,,,,event_8b188eea9d21,,2024-11-14,,,,,,,,,message_b543b5512c7c,client,"Уточните, пожалуйста, это повлияет на мои текущие продукты?"
Message::message_b5618d640c3a,Message,system: Системное уведомление: настроение обращения определе...,C001,,,,,,,,,event_9574cad4294c,,2025-05-15,,,,,,,,,message_b5618d640c3a,system,Системное уведомление: настроение обращения определено как «positive».
Message::message_b58ec0ce6dbf,Message,operator: Отправлю вам подтверждение и краткое резюме по теме ...,C010,,,,,,,,,event_0f5db095f94f,,2025-01-04,,,,,,,,,message_b58ec0ce6dbf,operator,Отправлю вам подтверждение и краткое резюме по теме «техническая ошибка».
Message::message_b5a3f6c1570d,Message,"client: Уточните, пожалуйста, это повлияет на мои текущие пр...",C020,,,,,,,,,event_c9fd547bd8c3,,2024-11-18,,,,,,,,,message_b5a3f6c1570d,client,"Уточните, пожалуйста, это повлияет на мои текущие продукты?"
Message::message_b5c34c307ef7,Message,client: После последнего опыта я хочу уйти из банка.,C003,,,,,,,,,event_76c822a306f4,,2024-10-09,,,,,,,,,message_b5c34c307ef7,client,После последнего опыта я хочу уйти из банка.
Message::message_b622255797ef,Message,operator: Понимаю ваше недовольство. Зафиксирую обращение и пе...,C001,,,,,,,,,event_23cb234e9bed,,2025-01-18,,,,,,,,,message_b622255797ef,operator,Понимаю ваше недовольство. Зафиксирую обращение и передам его в работу.
Message::message_b654e9f5a128,Message,operator: Я вижу историю клиента и учитываю этап «знакомство».,C018,,,,,,,,,event_e6cce9adca42,,2024-11-24,,,,,,,,,message_b654e9f5a128,operator,Я вижу историю клиента и учитываю этап «знакомство».
Message::message_b6ccb382c409,Message,operator: Я передаю обращение на следующий уровень поддержки и...,C015,,,,,,,,,event_780c95fa24f1,,2024-12-18,,,,,,,,,message_b6ccb382c409,operator,Я передаю обращение на следующий уровень поддержки и отмечаю срочность.
Message::message_b70bc631bde5,Message,system: Системное уведомление: клиенту присвоен статус обращ...,C042,,,,,,,,,event_2becb5ce4b6b,,2025-03-20,,,,,,,,,message_b70bc631bde5,system,Системное уведомление: клиенту присвоен статус обращения «completed».
Message::message_b7a1975e077b,Message,"client: Важно, чтобы решение было понятным и без скрытых усл...",C042,,,,,,,,,event_668716fa5460,,2025-02-08,,,,,,,,,message_b7a1975e077b,client,"Важно, чтобы решение было понятным и без скрытых условий."
Message::message_b7bae8862a4b,Message,operator: Я вижу историю клиента и учитываю этап «эскалация».,C016,,,,,,,,,event_794b9a0f37b6,,2025-05-12,,,,,,,,,message_b7bae8862a4b,operator,Я вижу историю клиента и учитываю этап «эскалация».
Message::message_b7d9af6e773e,Message,system: Системное уведомление: обращение зарегистрировано и ...,C043,,,,,,,,,event_5d87fb0d500f,,2025-04-04,,,,,,,,,message_b7d9af6e773e,system,Системное уведомление: обращение зарегистрировано и связано с продуктом «Накопительный счет».
Message::message_b7fef0e04e5c,Message,client: Меня не устраивает качество обслуживания. Тема обращ...,C049,,,,,,,,,event_efdf237f32d4,,2025-03-11,,,,,,,,,message_b7fef0e04e5c,client,Меня не устраивает качество обслуживания. Тема обращения: комиссия.
Message::message_b80f2cc11d39,Message,system: Системное уведомление: настроение обращения определе...,C028,,,,,,,,,event_e346253f3775,,2025-03-04,,,,,,,,,message_b80f2cc11d39,system,Системное уведомление: настроение обращения определено как «positive».
Message::message_b8128fd367dc,Message,operator: Я зафиксировал обращение. Статус сейчас: retained.,C041,,,,,,,,,event_54961ad78c04,,2025-02-08,,,,,,,,,message_b8128fd367dc,operator,Я зафиксировал обращение. Статус сейчас: retained.
Message::message_b845f52c113f,Message,operator: Понимаю. Сейчас проверю обращение и предложу решение.,C012,,,,,,,,,event_2f01b3a1fc29,,2025-04-13,,,,,,,,,message_b845f52c113f,operator,Понимаю. Сейчас проверю обращение и предложу решение.
Message::message_b84f99cb2e68,Message,operator: Я вижу историю клиента и учитываю этап «жалоба».,C029,,,,,,,,,event_fe68a434f384,,2024-08-21,,,,,,,,,message_b84f99cb2e68,operator,Я вижу историю клиента и учитываю этап «жалоба».
Message::message_b865b563b91f,Message,"operator: Давайте уточним детали проблемы, чтобы быстрее помочь.",C038,,,,,,,,,event_0675734700e1,,2024-11-12,,,,,,,,,message_b865b563b91f,operator,"Давайте уточним детали проблемы, чтобы быстрее помочь."
Message::message_b88a228c7785,Message,client: Я недоволен ситуацией по продукту «Страхование». Про...,C027,,,,,,,,,event_40abdee785ad,,2025-02-17,,,,,,,,,message_b88a228c7785,client,Я недоволен ситуацией по продукту «Страхование». Проблема: комиссия.
Message::message_b88a790d8158,Message,"operator: Если появятся дополнительные вопросы, можно продолжи...",C015,,,,,,,,,event_9ac0a2c77c0a,,2025-07-08,,,,,,,,,message_b88a790d8158,operator,"Если появятся дополнительные вопросы, можно продолжить диалог в этом же канале."
Message::message_b8a3be10528e,Message,client: Добрый день. Я впервые обращаюсь в банк и хочу узнат...,C008,,,,,,,,,event_9b9f167c9e7e,,2024-12-25,,,,,,,,,message_b8a3be10528e,client,Добрый день. Я впервые обращаюсь в банк и хочу узнать про «Дебетовая карта».
Message::message_b8a951b872c8,Message,system: Системное уведомление: настроение обращения определе...,C034,,,,,,,,,event_a19379081937,,2024-12-01,,,,,,,,,message_b8a951b872c8,system,Системное уведомление: настроение обращения определено как «neutral».
Message::message_b8f2cdf13043,Message,client: Пользуюсь продуктом «Дебетовая карта» и хочу уточнит...,C038,,,,,,,,,event_3bd032dadf3a,,2024-10-03,,,,,,,,,message_b8f2cdf13043,client,Пользуюсь продуктом «Дебетовая карта» и хочу уточнить вопрос: изменение персональных данных.
Message::message_b90e71d9beee,Message,client: Мне удобнее продолжить общение через канал «чат».,C017,,,,,,,,,event_37ab80f3e370,,2025-07-24,,,,,,,,,message_b90e71d9beee,client,Мне удобнее продолжить общение через канал «чат».
Message::message_b91c9c52b963,Message,client: Я хочу понимать сроки и что будет происходить дальше.,C048,,,,,,,,,event_dd28fbb40f25,,2024-12-28,,,,,,,,,message_b91c9c52b963,client,Я хочу понимать сроки и что будет происходить дальше.
Message::message_b95a0c29ed42,Message,client: Можно ли получить подтверждение после завершения опе...,C017,,,,,,,,,event_c11e16d4ef6a,,2025-08-16,,,,,,,,,message_b95a0c29ed42,client,Можно ли получить подтверждение после завершения операции?
Message::message_b95d2ffdbb0f,Message,operator: Я зафиксировал обращение. Статус сейчас: completed.,C050,,,,,,,,,event_24b00571fa17,,2024-10-18,,,,,,,,,message_b95d2ffdbb0f,operator,Я зафиксировал обращение. Статус сейчас: completed.
Message::message_b96d2aa12139,Message,operator: Я вижу историю клиента и учитываю этап «знакомство».,C044,,,,,,,,,event_912be879b778,,2025-01-27,,,,,,,,,message_b96d2aa12139,operator,Я вижу историю клиента и учитываю этап «знакомство».
Message::message_b9d5855bd366,Message,client: После предыдущего опыта хочу рассмотреть повторную п...,C005,,,,,,,,,event_32f0087e4868,,2024-12-22,,,,,,,,,message_b9d5855bd366,client,После предыдущего опыта хочу рассмотреть повторную покупку продукта «Ипотека».
Message::message_b9fba591329d,Message,client: Меня зовут Зиновьева Валентина Тимофеевна. Прошу уче...,C002,,,,,,,,,event_33213a837f9a,,2024-11-25,,,,,,,,,message_b9fba591329d,client,Меня зовут Зиновьева Валентина Тимофеевна. Прошу учесть мой прошлый опыт и текущий продукт.
Message::message_ba2326ec926d,Message,client: Я принял решение оформить «Инвестиционный счет». Пом...,C005,,,,,,,,,event_793eb5cc3758,,2024-10-28,,,,,,,,,message_ba2326ec926d,client,Я принял решение оформить «Инвестиционный счет». Помогите завершить заявку.
Message::message_baba7569aa6b,Message,system: Системное уведомление: настроение обращения определе...,C046,,,,,,,,,event_7b20c3cf48ef,,2024-12-01,,,,,,,,,message_baba7569aa6b,system,Системное уведомление: настроение обращения определено как «neutral».
Message::message_bac0f058c148,Message,system: Системное уведомление: клиенту присвоен статус обращ...,C050,,,,,,,,,event_24b00571fa17,,2024-10-18,,,,,,,,,message_bac0f058c148,system,Системное уведомление: клиенту присвоен статус обращения «completed».
Message::message_bb0ab37aaae7,Message,system: Системное уведомление: настроение обращения определе...,C015,,,,,,,,,event_37a69ac0b0a6,,2025-05-30,,,,,,,,,message_bb0ab37aaae7,system,Системное уведомление: настроение обращения определено как «negative».
Message::message_bb28215c0d6c,Message,client: Мне удобнее продолжить общение через канал «мобильно...,C029,,,,,,,,,event_8c9b8b24a51c,,2024-09-28,,,,,,,,,message_bb28215c0d6c,client,Мне удобнее продолжить общение через канал «мобильное приложение».
Message::message_bb3479831f84,Message,"operator: Если появятся дополнительные вопросы, можно продолжи...",C002,,,,,,,,,event_0d8e4d9e5b33,,2024-11-11,,,,,,,,,message_bb3479831f84,operator,"Если появятся дополнительные вопросы, можно продолжить диалог в этом же канале."
Message::message_bb6a2b11faa8,Message,client: Я решил прекратить обслуживание. Прошу закрыть все в...,C015,,,,,,,,,event_52cf5a4db90a,,2025-06-16,,,,,,,,,message_bb6a2b11faa8,client,Я решил прекратить обслуживание. Прошу закрыть все вопросы по «Накопительный счет».
Message::message_bb8cc785fa17,Message,"client: После прошлой ситуации хочу понять, какие условия вы...",C002,,,,,,,,,event_7dce7853327a,,2025-01-26,,,,,,,,,message_bb8cc785fa17,client,"После прошлой ситуации хочу понять, какие условия вы можете предложить."
Message::message_bbaec851dac8,Message,system: Системное уведомление: обращение зарегистрировано и ...,C015,,,,,,,,,event_be602d892628,,2025-02-16,,,,,,,,,message_bbaec851dac8,system,Системное уведомление: обращение зарегистрировано и связано с продуктом «Накопительный счет».
Message::message_bbda3634a9c4,Message,client: Я уже клиент банка и хочу оформить еще один продукт:...,C011,,,,,,,,,event_dee79f911a48,,2025-03-06,,,,,,,,,message_bbda3634a9c4,client,Я уже клиент банка и хочу оформить еще один продукт: «Инвестиционный счет».
Message::message_bbe78abfb9ac,Message,operator: Отправлю вам подтверждение и краткое резюме по теме ...,C027,,,,,,,,,event_40abdee785ad,,2025-02-17,,,,,,,,,message_bbe78abfb9ac,operator,Отправлю вам подтверждение и краткое резюме по теме «комиссия».
Message::message_bbf4e9888427,Message,"operator: Информация передана в работу, ориентировочный срок р...",C017,,,,,,,,,event_bc2d0529cad7,,2025-03-05,,,,,,,,,message_bbf4e9888427,operator,"Информация передана в работу, ориентировочный срок решения зависит от проверки."
Message::message_bc73df6145de,Message,client: Интересует дополнительный продукт «Потребительский к...,C009,,,,,,,,,event_1b7ae55a4026,,2025-04-28,,,,,,,,,message_bc73df6145de,client,Интересует дополнительный продукт «Потребительский кредит». Расскажите про оформление.
Message::message_bc788293a0bf,Message,system: Системное уведомление: история взаимодействий клиент...,C007,,,,,,,,,event_e45f9057a3b8,,2025-03-25,,,,,,,,,message_bc788293a0bf,system,Системное уведомление: история взаимодействий клиента обновлена.
Message::message_bc866bbf23f2,Message,operator: Я вижу историю клиента и учитываю этап «покупка».,C042,,,,,,,,,event_fe07231b16b9,,2024-12-04,,,,,,,,,message_bc866bbf23f2,operator,Я вижу историю клиента и учитываю этап «покупка».
Message::message_bc9d15f5b885,Message,"operator: Рада, что вы вернулись. Проверю доступные условия дл...",C028,,,,,,,,,event_4c40be4187ce,,2025-03-21,,,,,,,,,message_bc9d15f5b885,operator,"Рада, что вы вернулись. Проверю доступные условия для нового продукта."
Message::message_bcae375d93c2,Message,client: Я недоволен ситуацией по продукту «Инвестиционный сч...,C016,,,,,,,,,event_56e64ba3dc9a,,2025-04-07,,,,,,,,,message_bcae375d93c2,client,Я недоволен ситуацией по продукту «Инвестиционный счет». Проблема: просрочка платежа.
Message::message_bce42055f944,Message,operator: Для оформления понадобится подтвердить данные и выбр...,C030,,,,,,,,,event_72d3ee9df974,,2025-03-30,,,,,,,,,message_bce42055f944,operator,Для оформления понадобится подтвердить данные и выбрать параметры продукта.
Message::message_bcf89cc4e181,Message,client: Меня зовут Сафонов Клавдий Абрамович. Прошу учесть м...,C006,,,,,,,,,event_a90922b8c751,,2024-11-14,,,,,,,,,message_bcf89cc4e181,client,Меня зовут Сафонов Клавдий Абрамович. Прошу учесть мой прошлый опыт и текущий продукт.
Message::message_bd1c0c4ed5ba,Message,client: Мне удобнее продолжить общение через канал «офис».,C048,,,,,,,,,event_e48895189837,,2025-03-14,,,,,,,,,message_bd1c0c4ed5ba,client,Мне удобнее продолжить общение через канал «офис».
Message::message_bd949b26ba0a,Message,client: У меня есть вопрос по использованию продукта «Инвест...,C048,,,,,,,,,event_e48895189837,,2025-03-14,,,,,,,,,message_bd949b26ba0a,client,У меня есть вопрос по использованию продукта «Инвестиционный счет».
Message::message_bdaa3fc8e175,Message,"operator: Добрый день. Сейчас поясню, как устроен продукт и ка...",C045,,,,,,,,,event_42fe7392948e,,2024-09-28,,,,,,,,,message_bdaa3fc8e175,operator,"Добрый день. Сейчас поясню, как устроен продукт и какие шаги нужны."
Message::message_bdc7c8a80ca4,Message,client: Меня зовут Соколова Валерия Михайловна. Прошу учесть...,C038,,,,,,,,,event_7d5785e0bf41,,2024-09-21,,,,,,,,,message_bdc7c8a80ca4,client,Меня зовут Соколова Валерия Михайловна. Прошу учесть мой прошлый опыт и текущий продукт.
Message::message_be1ca0f33e8d,Message,client: Можно ли получить подтверждение после завершения опе...,C044,,,,,,,,,event_912be879b778,,2025-01-27,,,,,,,,,message_be1ca0f33e8d,client,Можно ли получить подтверждение после завершения операции?
Message::message_be35476bb23f,Message,client: Я хочу понимать сроки и что будет происходить дальше.,C012,,,,,,,,,event_4e947e9a6033,,2025-03-02,,,,,,,,,message_be35476bb23f,client,Я хочу понимать сроки и что будет происходить дальше.
Message::message_be4b1dcd778b,Message,operator: Давайте посмотрим детали операции и найдем ответ.,C014,,,,,,,,,event_724d42d1789c,,2024-11-01,,,,,,,,,message_be4b1dcd778b,operator,Давайте посмотрим детали операции и найдем ответ.
Message::message_be5a1051f4b8,Message,client: Я хочу понимать сроки и что будет происходить дальше.,C014,,,,,,,,,event_aaa83bff47f9,,2024-12-16,,,,,,,,,message_be5a1051f4b8,client,Я хочу понимать сроки и что будет происходить дальше.
Message::message_be5a22246f83,Message,system: Системное уведомление: настроение обращения определе...,C005,,,,,,,,,event_a05b43d094d4,,2024-11-25,,,,,,,,,message_be5a22246f83,system,Системное уведомление: настроение обращения определено как «neutral».
Message::message_be8ae7c98b91,Message,system: Системное уведомление: клиенту присвоен статус обращ...,C032,,,,,,,,,event_57dd986b4882,,2025-05-02,,,,,,,,,message_be8ae7c98b91,system,Системное уведомление: клиенту присвоен статус обращения «retained».
Message::message_beecdfbb1822,Message,"operator: Информация передана в работу, ориентировочный срок р...",C007,,,,,,,,,event_0a092504170b,,2025-01-21,,,,,,,,,message_beecdfbb1822,operator,"Информация передана в работу, ориентировочный срок решения зависит от проверки."
Message::message_befe083ed9c5,Message,"client: Важно, чтобы решение было понятным и без скрытых усл...",C017,,,,,,,,,event_645b8f0d7ac7,,2025-04-23,,,,,,,,,message_befe083ed9c5,client,"Важно, чтобы решение было понятным и без скрытых условий."
Message::message_bf05f999db9d,Message,operator: Я помогу разобраться с использованием продукта.,C036,,,,,,,,,event_f3417982ce56,,2025-01-17,,,,,,,,,message_bf05f999db9d,operator,Я помогу разобраться с использованием продукта.
Message::message_bf1ea20b1709,Message,client: Я хочу понимать сроки и что будет происходить дальше.,C048,,,,,,,,,event_c7b56b517d9e,,2025-04-11,,,,,,,,,message_bf1ea20b1709,client,Я хочу понимать сроки и что будет происходить дальше.
Message::message_bf29fd27c9e3,Message,"client: Я уже обращался, но проблема с продуктом «Дебетовая ...",C020,,,,,,,,,event_bd0c35bb7dc6,,2024-10-27,,,,,,,,,message_bf29fd27c9e3,client,"Я уже обращался, но проблема с продуктом «Дебетовая карта» остается."
Message::message_bf459e843315,Message,system: Системное уведомление: настроение обращения определе...,C006,,,,,,,,,event_a90922b8c751,,2024-11-14,,,,,,,,,message_bf459e843315,system,Системное уведомление: настроение обращения определено как «negative».
Message::message_c07025783760,Message,"client: Мне сообщили, что вопрос почти решен. Подтвердите, п...",C012,,,,,,,,,event_4ca74c4f8d6f,,2024-12-16,,,,,,,,,message_c07025783760,client,"Мне сообщили, что вопрос почти решен. Подтвердите, пожалуйста."
Message::message_c07bfa905790,Message,operator: Я зафиксировал обращение. Статус сейчас: completed.,C048,,,,,,,,,event_01c86a80c366,,2024-12-15,,,,,,,,,message_c07bfa905790,operator,Я зафиксировал обращение. Статус сейчас: completed.
Message::message_c0d947fef1b7,Message,system: Системное уведомление: настроение обращения определе...,C017,,,,,,,,,event_1a168de29bae,,2024-11-21,,,,,,,,,message_c0d947fef1b7,system,Системное уведомление: настроение обращения определено как «positive».
Message::message_c0dfb4bb8bb3,Message,client: Можно ли получить подтверждение после завершения опе...,C023,,,,,,,,,event_005dbb194333,,2024-12-06,,,,,,,,,message_c0dfb4bb8bb3,client,Можно ли получить подтверждение после завершения операции?
Message::message_c14454f44422,Message,"operator: Давайте подробно опишем проблему, чтобы ее можно был...",C032,,,,,,,,,event_bd8bcd07b57e,,2025-01-23,,,,,,,,,message_c14454f44422,operator,"Давайте подробно опишем проблему, чтобы ее можно было проверить."
Message::message_c158dd3d3143,Message,operator: Я вижу историю клиента и учитываю этап «знакомство».,C014,,,,,,,,,event_1a2b9226c415,,2024-08-18,,,,,,,,,message_c158dd3d3143,operator,Я вижу историю клиента и учитываю этап «знакомство».
Message::message_c18218b97e89,Message,client: Проверяю статус проблемы по продукту «Ипотека». Есть...,C026,,,,,,,,,event_2ab5f4b56b35,,2025-01-06,,,,,,,,,message_c18218b97e89,client,Проверяю статус проблемы по продукту «Ипотека». Есть ли решение?
Message::message_c197eada97ef,Message,client: Меня зовут Панфил Арсенович Блинов. Прошу учесть мой...,C028,,,,,,,,,event_a8b7981d734a,,2025-01-21,,,,,,,,,message_c197eada97ef,client,Меня зовут Панфил Арсенович Блинов. Прошу учесть мой прошлый опыт и текущий продукт.
Message::message_c2243608f7ce,Message,client: Я хочу понимать сроки и что будет происходить дальше.,C010,,,,,,,,,event_0f5db095f94f,,2025-01-04,,,,,,,,,message_c2243608f7ce,client,Я хочу понимать сроки и что будет происходить дальше.
Message::message_c2282ef43c5b,Message,"client: Я уже обращался, но проблема с продуктом «Ипотека» о...",C009,,,,,,,,,event_afcbbd08ccc2,,2025-01-10,,,,,,,,,message_c2282ef43c5b,client,"Я уже обращался, но проблема с продуктом «Ипотека» остается."
Message::message_c246b76ee936,Message,client: Пользуюсь продуктом «Ипотека» и хочу уточнить вопрос...,C046,,,,,,,,,event_e42e836c5490,,2025-01-30,,,,,,,,,message_c246b76ee936,client,Пользуюсь продуктом «Ипотека» и хочу уточнить вопрос: условия продукта.
Message::message_c29919ec37f6,Message,"operator: Мне жаль, что вы столкнулись с такой ситуацией. Я за...",C001,,,,,,,,,event_13fa3c53a9e9,,2025-04-20,,,,,,,,,message_c29919ec37f6,operator,"Мне жаль, что вы столкнулись с такой ситуацией. Я зарегистрирую жалобу."
Message::message_c2b7f3b8a343,Message,client: Меня зовут Зиновьева Валентина Тимофеевна. Прошу уче...,C002,,,,,,,,,event_0d8e4d9e5b33,,2024-11-11,,,,,,,,,message_c2b7f3b8a343,client,Меня зовут Зиновьева Валентина Тимофеевна. Прошу учесть мой прошлый опыт и текущий продукт.
Message::message_c2dac7369c39,Message,system: Системное уведомление: клиенту присвоен статус обращ...,C012,,,,,,,,,event_731191183003,,2024-09-03,,,,,,,,,message_c2dac7369c39,system,Системное уведомление: клиенту присвоен статус обращения «completed».
Message::message_c2db0f714a25,Message,client: Прошу передать обращение старшему специалисту. Вопро...,C032,,,,,,,,,event_5abb571c5117,,2025-03-04,,,,,,,,,message_c2db0f714a25,client,Прошу передать обращение старшему специалисту. Вопрос по «Ипотека» не решен.
Message::message_c330b6e72d11,Message,system: Системное уведомление: тема обращения классифицирова...,C020,,,,,,,,,event_9a47a4a80e64,,2024-09-12,,,,,,,,,message_c330b6e72d11,system,Системное уведомление: тема обращения классифицирована как «комиссия».
Message::message_c349529ae18f,Message,"client: Уточните, пожалуйста, это повлияет на мои текущие пр...",C014,,,,,,,,,event_724d42d1789c,,2024-11-01,,,,,,,,,message_c349529ae18f,client,"Уточните, пожалуйста, это повлияет на мои текущие продукты?"
Message::message_c4197767835a,Message,"operator: Информация передана в работу, ориентировочный срок р...",C025,,,,,,,,,event_8f387c590f91,,2024-08-09,,,,,,,,,message_c4197767835a,operator,"Информация передана в работу, ориентировочный срок решения зависит от проверки."
Message::message_c43c31c14575,Message,"operator: Давайте подробно опишем проблему, чтобы ее можно был...",C021,,,,,,,,,event_fac32dcf828f,,2024-09-04,,,,,,,,,message_c43c31c14575,operator,"Давайте подробно опишем проблему, чтобы ее можно было проверить."
Message::message_c48b20d887a7,Message,"operator: Если появятся дополнительные вопросы, можно продолжи...",C038,,,,,,,,,event_a5240b8f5ec4,,2024-08-15,,,,,,,,,message_c48b20d887a7,operator,"Если появятся дополнительные вопросы, можно продолжить диалог в этом же канале."
Message::message_c4bad6d461bd,Message,"client: Здравствуйте. Подскажите, пожалуйста, что важно знат...",C042,,,,,,,,,event_656353341612,,2024-10-12,,,,,,,,,message_c4bad6d461bd,client,"Здравствуйте. Подскажите, пожалуйста, что важно знать про «Ипотека»?"
Message::message_c4dcc0448e78,Message,operator: Понимаю. Подключаю профильную команду для дополнител...,C015,,,,,,,,,event_c66fbad9f077,,2025-04-16,,,,,,,,,message_c4dcc0448e78,operator,Понимаю. Подключаю профильную команду для дополнительной проверки.
Message::message_c54bbd59d561,Message,"operator: Если появятся дополнительные вопросы, можно продолжи...",C041,,,,,,,,,event_62cf9e35e01b,,2024-10-16,,,,,,,,,message_c54bbd59d561,operator,"Если появятся дополнительные вопросы, можно продолжить диалог в этом же канале."
Message::message_c59331cbe098,Message,client: Мне удобнее продолжить общение через канал «мобильно...,C017,,,,,,,,,event_293fd9715cf6,,2024-11-08,,,,,,,,,message_c59331cbe098,client,Мне удобнее продолжить общение через канал «мобильное приложение».
Message::message_c5ba5ad287d9,Message,operator: Я вижу историю клиента и учитываю этап «вопрос в под...,C038,,,,,,,,,event_0675734700e1,,2024-11-12,,,,,,,,,message_c5ba5ad287d9,operator,Я вижу историю клиента и учитываю этап «вопрос в поддержку».
Message::message_c5caeac4c678,Message,client: Меня зовут Потапова Евпраксия Константиновна. Прошу ...,C044,,,,,,,,,event_912be879b778,,2025-01-27,,,,,,,,,message_c5caeac4c678,client,Меня зовут Потапова Евпраксия Константиновна. Прошу учесть мой прошлый опыт и текущий продукт.
Message::message_c5d68be65a83,Message,"operator: По этому обращению указан статус «resolved», оценка ...",C017,,,,,,,,,event_5c5c58e9eb46,,2025-03-26,,,,,,,,,message_c5d68be65a83,operator,"По этому обращению указан статус «resolved», оценка удовлетворенности будет учтена."
Message::message_c61554e01e91,Message,operator: Я вижу историю клиента и учитываю этап «использовани...,C047,,,,,,,,,event_0be825338bf1,,2025-02-10,,,,,,,,,message_c61554e01e91,operator,Я вижу историю клиента и учитываю этап «использование продукта».
Message::message_c62943e8ff60,Message,operator: Понимаю. Сейчас проверю обращение и предложу решение.,C015,,,,,,,,,event_315214396d17,,2025-03-03,,,,,,,,,message_c62943e8ff60,operator,Понимаю. Сейчас проверю обращение и предложу решение.
Message::message_c67113046acb,Message,operator: Понимаю. Давайте уточним ваши цели и подберем подход...,C046,,,,,,,,,event_7b20c3cf48ef,,2024-12-01,,,,,,,,,message_c67113046acb,operator,Понимаю. Давайте уточним ваши цели и подберем подходящие условия.
Message::message_c681dfa3c4ab,Message,operator: Сейчас оформим завершение обслуживания и подтвердим ...,C045,,,,,,,,,event_290849618577,,2024-12-20,,,,,,,,,message_c681dfa3c4ab,operator,Сейчас оформим завершение обслуживания и подтвердим финальный статус.
Message::message_c6916c94f9b2,Message,operator: Я вижу историю клиента и учитываю этап «покупка».,C036,,,,,,,,,event_f74ea6506987,,2024-09-29,,,,,,,,,message_c6916c94f9b2,operator,Я вижу историю клиента и учитываю этап «покупка».
Message::message_c6ca120edcc1,Message,"operator: Отлично, я помогу оформить заявку и проверю необходи...",C035,,,,,,,,,event_a430da8b72be,,2025-03-29,,,,,,,,,message_c6ca120edcc1,operator,"Отлично, я помогу оформить заявку и проверю необходимые данные."
Message::message_c6cf8b42bb87,Message,client: Можно ли получить подтверждение после завершения опе...,C004,,,,,,,,,event_1c0c1f40b7e7,,2024-11-21,,,,,,,,,message_c6cf8b42bb87,client,Можно ли получить подтверждение после завершения операции?
Message::message_c6d7afc37e1a,Message,"operator: Информация передана в работу, ориентировочный срок р...",C017,,,,,,,,,event_645b8f0d7ac7,,2025-04-23,,,,,,,,,message_c6d7afc37e1a,operator,"Информация передана в работу, ориентировочный срок решения зависит от проверки."
Message::message_c73727eb1975,Message,client: Я уже клиент банка и хочу оформить еще один продукт:...,C012,,,,,,,,,event_4e947e9a6033,,2025-03-02,,,,,,,,,message_c73727eb1975,client,Я уже клиент банка и хочу оформить еще один продукт: «Накопительный счет».
Message::message_c74c83586401,Message,system: Системное уведомление: настроение обращения определе...,C015,,,,,,,,,event_e854a4fa7f5b,,2024-11-15,,,,,,,,,message_c74c83586401,system,Системное уведомление: настроение обращения определено как «neutral».
Message::message_c7a23d89b324,Message,client: Меня зовут Васильев Венедикт Витальевич. Прошу учест...,C027,,,,,,,,,event_9c644e806eb3,,2025-03-31,,,,,,,,,message_c7a23d89b324,client,Меня зовут Васильев Венедикт Витальевич. Прошу учесть мой прошлый опыт и текущий продукт.
Message::message_c7a5609245b1,Message,operator: Сейчас подберу вариант с учетом уже подключенных про...,C009,,,,,,,,,event_1b7ae55a4026,,2025-04-28,,,,,,,,,message_c7a5609245b1,operator,Сейчас подберу вариант с учетом уже подключенных продуктов.
Message::message_c7ac5a7d3f3b,Message,"operator: Добрый день. Сейчас поясню, как устроен продукт и ка...",C030,,,,,,,,,event_f8b3d29dfbdd,,2025-01-23,,,,,,,,,message_c7ac5a7d3f3b,operator,"Добрый день. Сейчас поясню, как устроен продукт и какие шаги нужны."
Message::message_c7c76db87cf2,Message,system: Системное уведомление: настроение обращения определе...,C045,,,,,,,,,event_290849618577,,2024-12-20,,,,,,,,,message_c7c76db87cf2,system,Системное уведомление: настроение обращения определено как «negative».
Message::message_c7cdc8e12d3e,Message,system: Системное уведомление: настроение обращения определе...,C034,,,,,,,,,event_e059a5856228,,2024-10-25,,,,,,,,,message_c7cdc8e12d3e,system,Системное уведомление: настроение обращения определено как «neutral».
Message::message_c7db9c366d1b,Message,"client: Уточните, пожалуйста, это повлияет на мои текущие пр...",C003,,,,,,,,,event_76c822a306f4,,2024-10-09,,,,,,,,,message_c7db9c366d1b,client,"Уточните, пожалуйста, это повлияет на мои текущие продукты?"
Message::message_c7f969c3da98,Message,operator: Отправлю вам подтверждение и краткое резюме по теме ...,C048,,,,,,,,,event_67d6eb7a52e3,,2025-04-22,,,,,,,,,message_c7f969c3da98,operator,Отправлю вам подтверждение и краткое резюме по теме «возврат средств».
Message::message_c808b3d8f747,Message,"client: После прошлой ситуации хочу понять, какие условия вы...",C012,,,,,,,,,event_92ec8a803166,,2025-01-30,,,,,,,,,message_c808b3d8f747,client,"После прошлой ситуации хочу понять, какие условия вы можете предложить."
Message::message_c8661c47e887,Message,"client: Мне сообщили, что вопрос почти решен. Подтвердите, п...",C001,,,,,,,,,event_65d9b172fbc2,,2025-04-01,,,,,,,,,message_c8661c47e887,client,"Мне сообщили, что вопрос почти решен. Подтвердите, пожалуйста."
Message::message_c86e97f7f877,Message,operator: Я зафиксировал обращение. Статус сейчас: lost.,C007,,,,,,,,,event_7d25c29698b6,,2025-04-23,,,,,,,,,message_c86e97f7f877,operator,Я зафиксировал обращение. Статус сейчас: lost.
Message::message_c88a5ee96825,Message,"operator: Если появятся дополнительные вопросы, можно продолжи...",C034,,,,,,,,,event_a19379081937,,2024-12-01,,,,,,,,,message_c88a5ee96825,operator,"Если появятся дополнительные вопросы, можно продолжить диалог в этом же канале."
Message::message_c8d0b33792a6,Message,operator: Я зафиксировал обращение. Статус сейчас: completed.,C014,,,,,,,,,event_cb8713269890,,2024-10-11,,,,,,,,,message_c8d0b33792a6,operator,Я зафиксировал обращение. Статус сейчас: completed.
Message::message_c8f54ca931ea,Message,"operator: Если появятся дополнительные вопросы, можно продолжи...",C012,,,,,,,,,event_2f01b3a1fc29,,2025-04-13,,,,,,,,,message_c8f54ca931ea,operator,"Если появятся дополнительные вопросы, можно продолжить диалог в этом же канале."
Message::message_c904274d577d,Message,"operator: Если появятся дополнительные вопросы, можно продолжи...",C017,,,,,,,,,event_a3ab67050ec8,,2025-01-04,,,,,,,,,message_c904274d577d,operator,"Если появятся дополнительные вопросы, можно продолжить диалог в этом же канале."
Message::message_c955c95882a3,Message,operator: Сейчас проверю информацию по продукту и объясню поря...,C038,,,,,,,,,event_3bd032dadf3a,,2024-10-03,,,,,,,,,message_c955c95882a3,operator,Сейчас проверю информацию по продукту и объясню порядок действий.
Message::message_c9e89f40754c,Message,client: Меня зовут Элеонора Олеговна Силина. Прошу учесть мо...,C043,,,,,,,,,event_5d87fb0d500f,,2025-04-04,,,,,,,,,message_c9e89f40754c,client,Меня зовут Элеонора Олеговна Силина. Прошу учесть мой прошлый опыт и текущий продукт.
Message::message_c9f922e30a80,Message,client: Я уже клиент банка и хочу оформить еще один продукт:...,C011,,,,,,,,,event_a461a9c10bb9,,2025-05-01,,,,,,,,,message_c9f922e30a80,client,Я уже клиент банка и хочу оформить еще один продукт: «Потребительский кредит».
Message::message_ca41a4a690d1,Message,client: Меня зовут Белов Мирон Изотович. Прошу учесть мой пр...,C009,,,,,,,,,event_681a0f4b121f,,2025-02-17,,,,,,,,,message_ca41a4a690d1,client,Меня зовут Белов Мирон Изотович. Прошу учесть мой прошлый опыт и текущий продукт.
Message::message_ca44667fb050,Message,"client: Подскажите, пожалуйста, как правильно действовать по...",C002,,,,,,,,,event_0d8e4d9e5b33,,2024-11-11,,,,,,,,,message_ca44667fb050,client,"Подскажите, пожалуйста, как правильно действовать по теме «комиссия»."
Message::message_ca52b14c8ac4,Message,"operator: Если появятся дополнительные вопросы, можно продолжи...",C026,,,,,,,,,event_2ab5f4b56b35,,2025-01-06,,,,,,,,,message_ca52b14c8ac4,operator,"Если появятся дополнительные вопросы, можно продолжить диалог в этом же канале."
Message::message_ca62ac220957,Message,client: Мне удобнее продолжить общение через канал «офис».,C027,,,,,,,,,event_1984bd2072f5,,2025-01-18,,,,,,,,,message_ca62ac220957,client,Мне удобнее продолжить общение через канал «офис».
Message::message_ca685566b934,Message,system: Системное уведомление: обращение зарегистрировано и ...,C017,,,,,,,,,event_6e0f45cec684,,2025-06-18,,,,,,,,,message_ca685566b934,system,Системное уведомление: обращение зарегистрировано и связано с продуктом «Накопительный счет».
Message::message_cac0c6e20015,Message,"operator: Давайте подробно опишем проблему, чтобы ее можно был...",C033,,,,,,,,,event_1abb12a15b95,,2024-10-07,,,,,,,,,message_cac0c6e20015,operator,"Давайте подробно опишем проблему, чтобы ее можно было проверить."
Message::message_cb1f362399a9,Message,operator: Давайте посмотрим детали операции и найдем ответ.,C048,,,,,,,,,event_e48895189837,,2025-03-14,,,,,,,,,message_cb1f362399a9,operator,Давайте посмотрим детали операции и найдем ответ.
Message::message_cb5c4d0c4c77,Message,client: Меня не устраивает качество обслуживания. Тема обращ...,C008,,,,,,,,,event_993373bca03d,,2025-04-05,,,,,,,,,message_cb5c4d0c4c77,client,Меня не устраивает качество обслуживания. Тема обращения: возврат средств.
Message::message_cb6f0d6ba46f,Message,system: Системное уведомление: настроение обращения определе...,C017,,,,,,,,,event_37ab80f3e370,,2025-07-24,,,,,,,,,message_cb6f0d6ba46f,system,Системное уведомление: настроение обращения определено как «neutral».
Message::message_cba0203eeef2,Message,system: Системное уведомление: обращение зарегистрировано и ...,C035,,,,,,,,,event_60c6aec57ebd,,2025-08-13,,,,,,,,,message_cba0203eeef2,system,Системное уведомление: обращение зарегистрировано и связано с продуктом «Страхование».
Message::message_cbb11d9fda43,Message,"operator: Если появятся дополнительные вопросы, можно продолжи...",C001,,,,,,,,,event_8c29135abac0,,2025-02-24,,,,,,,,,message_cbb11d9fda43,operator,"Если появятся дополнительные вопросы, можно продолжить диалог в этом же канале."
Message::message_cbf8cdfb26fb,Message,operator: Давайте посмотрим детали операции и найдем ответ.,C035,,,,,,,,,event_c99facc16dd8,,2025-04-11,,,,,,,,,message_cbf8cdfb26fb,operator,Давайте посмотрим детали операции и найдем ответ.
Message::message_cc1b37aee94e,Message,client: Меня зовут Ширяев Адриан Давыдович. Прошу учесть мой...,C047,,,,,,,,,event_817cdf84ce45,,2025-03-17,,,,,,,,,message_cc1b37aee94e,client,Меня зовут Ширяев Адриан Давыдович. Прошу учесть мой прошлый опыт и текущий продукт.
Message::message_cc24d21606c5,Message,"client: Подскажите, пожалуйста, как правильно действовать по...",C045,,,,,,,,,event_22c136c0ba19,,2024-11-11,,,,,,,,,message_cc24d21606c5,client,"Подскажите, пожалуйста, как правильно действовать по теме «изменение персональных данных»."
Message::message_ccc26ca1015b,Message,"operator: Добрый день. Сейчас поясню, как устроен продукт и ка...",C040,,,,,,,,,event_14b04203f743,,2025-01-26,,,,,,,,,message_ccc26ca1015b,operator,"Добрый день. Сейчас поясню, как устроен продукт и какие шаги нужны."
Message::message_ccfe68fd1b0e,Message,operator: Давайте посмотрим детали операции и найдем ответ.,C002,,,,,,,,,event_0d8e4d9e5b33,,2024-11-11,,,,,,,,,message_ccfe68fd1b0e,operator,Давайте посмотрим детали операции и найдем ответ.
Message::message_cd26317009d3,Message,"client: Важно, чтобы решение было понятным и без скрытых усл...",C016,,,,,,,,,event_56e64ba3dc9a,,2025-04-07,,,,,,,,,message_cd26317009d3,client,"Важно, чтобы решение было понятным и без скрытых условий."
Message::message_cd4e85a3f2bc,Message,system: Системное уведомление: настроение обращения определе...,C001,,,,,,,,,event_65d9b172fbc2,,2025-04-01,,,,,,,,,message_cd4e85a3f2bc,system,Системное уведомление: настроение обращения определено как «positive».
Message::message_cd5b73915e08,Message,system: Системное уведомление: клиенту присвоен статус обращ...,C002,,,,,,,,,event_33213a837f9a,,2024-11-25,,,,,,,,,message_cd5b73915e08,system,Системное уведомление: клиенту присвоен статус обращения «in_progress».
Message::message_cd9a33b7d9d1,Message,operator: Я зафиксировал обращение. Статус сейчас: resolved.,C008,,,,,,,,,event_993373bca03d,,2025-04-05,,,,,,,,,message_cd9a33b7d9d1,operator,Я зафиксировал обращение. Статус сейчас: resolved.
Message::message_cda1375b7c3e,Message,"client: Уточните, пожалуйста, это повлияет на мои текущие пр...",C022,,,,,,,,,event_eaa1eb95ebd7,,2024-10-14,,,,,,,,,message_cda1375b7c3e,client,"Уточните, пожалуйста, это повлияет на мои текущие продукты?"
Message::message_ce23e0f61a09,Message,client: Меня зовут Фадеева Галина Тимофеевна. Прошу учесть м...,C036,,,,,,,,,event_f1d9a60c299d,,2024-09-07,,,,,,,,,message_ce23e0f61a09,client,Меня зовут Фадеева Галина Тимофеевна. Прошу учесть мой прошлый опыт и текущий продукт.
Message::message_ce349dfdea9f,Message,system: Системное уведомление: настроение обращения определе...,C021,,,,,,,,,event_93300e115221,,2024-09-22,,,,,,,,,message_ce349dfdea9f,system,Системное уведомление: настроение обращения определено как «negative».
Message::message_ce34feac5e31,Message,client: Мне удобнее продолжить общение через канал «чат».,C042,,,,,,,,,event_fe07231b16b9,,2024-12-04,,,,,,,,,message_ce34feac5e31,client,Мне удобнее продолжить общение через канал «чат».
Message::message_cecef0ca1891,Message,"client: Готов подключить продукт «Накопительный счет», хочу ...",C039,,,,,,,,,event_b081149bf60d,,2024-08-22,,,,,,,,,message_cecef0ca1891,client,"Готов подключить продукт «Накопительный счет», хочу пройти оформление."
Message::message_cf69c5687e45,Message,system: Системное уведомление: тема обращения классифицирова...,C021,,,,,,,,,event_93300e115221,,2024-09-22,,,,,,,,,message_cf69c5687e45,system,Системное уведомление: тема обращения классифицирована как «комиссия».
Message::message_cfaf014ce20e,Message,operator: Я зафиксировал обращение. Статус сейчас: escalated.,C001,,,,,,,,,event_27f9b4ebb9c8,,2025-06-27,,,,,,,,,message_cfaf014ce20e,operator,Я зафиксировал обращение. Статус сейчас: escalated.
Message::message_cfcc8a463f50,Message,client: Меня не устраивает качество обслуживания. Тема обращ...,C009,,,,,,,,,event_bc755d97b28a,,2024-11-28,,,,,,,,,message_cfcc8a463f50,client,Меня не устраивает качество обслуживания. Тема обращения: ошибка в приложении.
Message::message_d02c15225a83,Message,system: Системное уведомление: настроение обращения определе...,C019,,,,,,,,,event_673480c6a584,,2024-08-21,,,,,,,,,message_d02c15225a83,system,Системное уведомление: настроение обращения определено как «negative».
Message::message_d0326b9e0eb9,Message,"operator: Могу рассказать про тариф, лимиты, комиссии и порядо...",C048,,,,,,,,,event_dd28fbb40f25,,2024-12-28,,,,,,,,,message_d0326b9e0eb9,operator,"Могу рассказать про тариф, лимиты, комиссии и порядок оформления."
Message::message_d08e3803c7b9,Message,system: Системное уведомление: клиенту присвоен статус обращ...,C025,,,,,,,,,event_8f387c590f91,,2024-08-09,,,,,,,,,message_d08e3803c7b9,system,Системное уведомление: клиенту присвоен статус обращения «completed».
Message::message_d0cf6d5539d0,Message,operator: Здравствуйте. Я помогу сориентироваться по условиям ...,C013,,,,,,,,,event_f4e9f24b357b,,2024-11-15,,,,,,,,,message_d0cf6d5539d0,operator,Здравствуйте. Я помогу сориентироваться по условиям и ограничениям.
Message::message_d0f1b81e806c,Message,client: Я хочу понимать сроки и что будет происходить дальше.,C041,,,,,,,,,event_62cf9e35e01b,,2024-10-16,,,,,,,,,message_d0f1b81e806c,client,Я хочу понимать сроки и что будет происходить дальше.
Message::message_d0f8b330f98a,Message,operator: Здравствуйте. Я помогу сориентироваться по условиям ...,C004,,,,,,,,,event_1c0c1f40b7e7,,2024-11-21,,,,,,,,,message_d0f8b330f98a,operator,Здравствуйте. Я помогу сориентироваться по условиям и ограничениям.
Message::message_d178b9dc97d0,Message,system: Системное уведомление: настроение обращения определе...,C041,,,,,,,,,event_54961ad78c04,,2025-02-08,,,,,,,,,message_d178b9dc97d0,system,Системное уведомление: настроение обращения определено как «neutral».
Message::message_d1978dea4ef6,Message,"client: Подскажите, пожалуйста, как правильно действовать по...",C007,,,,,,,,,event_ca232430e006,,2025-02-15,,,,,,,,,message_d1978dea4ef6,client,"Подскажите, пожалуйста, как правильно действовать по теме «условия продукта»."
Message::message_d1ab4f43746b,Message,system: Системное уведомление: тема обращения классифицирова...,C034,,,,,,,,,event_a19379081937,,2024-12-01,,,,,,,,,message_d1ab4f43746b,system,Системное уведомление: тема обращения классифицирована как «условия продукта».
Message::message_d1d33ee7f01c,Message,"operator: По этому обращению указан статус «completed», оценка...",C015,,,,,,,,,event_f01ad024543e,,2024-11-05,,,,,,,,,message_d1d33ee7f01c,operator,"По этому обращению указан статус «completed», оценка удовлетворенности будет учтена."
Message::message_d1d5b75d5e1c,Message,client: Мне удобнее продолжить общение через канал «телефон».,C046,,,,,,,,,event_4c0c79e2b2bb,,2024-11-19,,,,,,,,,message_d1d5b75d5e1c,client,Мне удобнее продолжить общение через канал «телефон».
Message::message_d2329610d927,Message,system: Системное уведомление: настроение обращения определе...,C034,,,,,,,,,event_7467e1f53e11,,2024-09-18,,,,,,,,,message_d2329610d927,system,Системное уведомление: настроение обращения определено как «positive».
Message::message_d23e4a02677a,Message,operator: Эскалация оформлена. Специалист проверит историю обр...,C039,,,,,,,,,event_ad86c3b9249f,,2024-11-09,,,,,,,,,message_d23e4a02677a,operator,Эскалация оформлена. Специалист проверит историю обращений.
Message::message_d262dcdb033e,Message,"client: Важно, чтобы решение было понятным и без скрытых усл...",C030,,,,,,,,,event_732177d7e241,,2025-02-28,,,,,,,,,message_d262dcdb033e,client,"Важно, чтобы решение было понятным и без скрытых условий."
Message::message_d2b41c1de741,Message,client: Рассматриваю «Инвестиционный счет» и хочу уточнить у...,C030,,,,,,,,,event_732177d7e241,,2025-02-28,,,,,,,,,message_d2b41c1de741,client,Рассматриваю «Инвестиционный счет» и хочу уточнить условия перед оформлением.
Message::message_d2c31a38cf60,Message,client: У меня есть вопрос по использованию продукта «Страхо...,C011,,,,,,,,,event_bf8e68242dbf,,2024-12-02,,,,,,,,,message_d2c31a38cf60,client,У меня есть вопрос по использованию продукта «Страхование».
Message::message_d2ccb685a631,Message,"client: Важно, чтобы решение было понятным и без скрытых усл...",C025,,,,,,,,,event_8f387c590f91,,2024-08-09,,,,,,,,,message_d2ccb685a631,client,"Важно, чтобы решение было понятным и без скрытых условий."
Message::message_d2ddd023e112,Message,"client: Подскажите, пожалуйста, как правильно действовать по...",C003,,,,,,,,,event_b1f221297bf6,,2024-08-19,,,,,,,,,message_d2ddd023e112,client,"Подскажите, пожалуйста, как правильно действовать по теме «изменение персональных данных»."
Message::message_d30f9da9aad8,Message,client: Можно ли получить подтверждение после завершения опе...,C037,,,,,,,,,event_9061bb01cff7,,2024-09-12,,,,,,,,,message_d30f9da9aad8,client,Можно ли получить подтверждение после завершения операции?
Message::message_d31ef103d9a5,Message,"operator: По этому обращению указан статус «lost», оценка удов...",C006,,,,,,,,,event_cf43f0366792,,2024-12-08,,,,,,,,,message_d31ef103d9a5,operator,"По этому обращению указан статус «lost», оценка удовлетворенности будет учтена."
Message::message_d342daba57cc,Message,"operator: Если появятся дополнительные вопросы, можно продолжи...",C043,,,,,,,,,event_9ec728605a34,,2025-01-16,,,,,,,,,message_d342daba57cc,operator,"Если появятся дополнительные вопросы, можно продолжить диалог в этом же канале."
Message::message_d3776b18cefc,Message,client: Я хочу понимать сроки и что будет происходить дальше.,C048,,,,,,,,,event_67d6eb7a52e3,,2025-04-22,,,,,,,,,message_d3776b18cefc,client,Я хочу понимать сроки и что будет происходить дальше.
Message::message_d3829a822a0d,Message,operator: Я вижу историю клиента и учитываю этап «удержание».,C017,,,,,,,,,event_3143fb525d29,,2025-05-28,,,,,,,,,message_d3829a822a0d,operator,Я вижу историю клиента и учитываю этап «удержание».
Message::message_d43bd9cd58b0,Message,"operator: Если появятся дополнительные вопросы, можно продолжи...",C045,,,,,,,,,event_22c136c0ba19,,2024-11-11,,,,,,,,,message_d43bd9cd58b0,operator,"Если появятся дополнительные вопросы, можно продолжить диалог в этом же канале."
Message::message_d444626d3bd3,Message,operator: Для оформления понадобится подтвердить данные и выбр...,C016,,,,,,,,,event_1eec34c9d6ac,,2025-02-06,,,,,,,,,message_d444626d3bd3,operator,Для оформления понадобится подтвердить данные и выбрать параметры продукта.
Message::message_d484e1480d21,Message,"operator: Информация передана в работу, ориентировочный срок р...",C035,,,,,,,,,event_348be7346fb7,,2025-06-28,,,,,,,,,message_d484e1480d21,operator,"Информация передана в работу, ориентировочный срок решения зависит от проверки."
Message::message_d4cbb6d578d7,Message,client: Ситуация по теме «жалоба на обслуживание» затянулась...,C016,,,,,,,,,event_794b9a0f37b6,,2025-05-12,,,,,,,,,message_d4cbb6d578d7,client,"Ситуация по теме «жалоба на обслуживание» затянулась, нужна эскалация."
Message::message_d4d6fdf25d9d,Message,operator: Я вижу историю клиента и учитываю этап «интерес к пр...,C034,,,,,,,,,event_9123926b3608,,2024-09-28,,,,,,,,,message_d4d6fdf25d9d,operator,Я вижу историю клиента и учитываю этап «интерес к продукту».
Message::message_d5b24eda4e15,Message,client: Я хочу понимать сроки и что будет происходить дальше.,C015,,,,,,,,,event_e854a4fa7f5b,,2024-11-15,,,,,,,,,message_d5b24eda4e15,client,Я хочу понимать сроки и что будет происходить дальше.
Message::message_d5c3c39789fa,Message,operator: Я вижу историю клиента и учитываю этап «уход клиента».,C039,,,,,,,,,event_68fa4b037b07,,2024-12-13,,,,,,,,,message_d5c3c39789fa,operator,Я вижу историю клиента и учитываю этап «уход клиента».
Message::message_d6742fd5338b,Message,"client: Помогите разобраться, подойдет ли мне «Дебетовая кар...",C038,,,,,,,,,event_c49c7657cd4b,,2024-09-03,,,,,,,,,message_d6742fd5338b,client,"Помогите разобраться, подойдет ли мне «Дебетовая карта»."
Message::message_d6a877ed2c10,Message,"client: Не вижу смысла продолжать обслуживание, хочу заверши...",C008,,,,,,,,,event_a8f7a0d3ddb7,,2025-05-13,,,,,,,,,message_d6a877ed2c10,client,"Не вижу смысла продолжать обслуживание, хочу завершить отношения с банком."
Message::message_d6c128128854,Message,client: Я хочу понимать сроки и что будет происходить дальше.,C048,,,,,,,,,event_fb84c9525fb2,,2025-01-25,,,,,,,,,message_d6c128128854,client,Я хочу понимать сроки и что будет происходить дальше.
Message::message_d6d0a3e06696,Message,client: Можно ли получить подтверждение после завершения опе...,C049,,,,,,,,,event_3cf2d02c98b0,,2024-12-11,,,,,,,,,message_d6d0a3e06696,client,Можно ли получить подтверждение после завершения операции?
Message::message_d6dc7514be67,Message,system: Системное уведомление: клиенту присвоен статус обращ...,C001,,,,,,,,,event_083e4c73eb20,,2025-05-30,,,,,,,,,message_d6dc7514be67,system,Системное уведомление: клиенту присвоен статус обращения «in_progress».
Message::message_d6dddf5d83ac,Message,operator: Здравствуйте. Расскажу основные условия и помогу выб...,C039,,,,,,,,,event_1b62139f57e9,,2024-08-09,,,,,,,,,message_d6dddf5d83ac,operator,Здравствуйте. Расскажу основные условия и помогу выбрать подходящий вариант.
Message::message_d6e2bcb4da22,Message,system: Системное уведомление: история взаимодействий клиент...,C016,,,,,,,,,event_56e64ba3dc9a,,2025-04-07,,,,,,,,,message_d6e2bcb4da22,system,Системное уведомление: история взаимодействий клиента обновлена.
Message::message_d6fd35316338,Message,system: Системное уведомление: обращение зарегистрировано и ...,C034,,,,,,,,,event_7467e1f53e11,,2024-09-18,,,,,,,,,message_d6fd35316338,system,Системное уведомление: обращение зарегистрировано и связано с продуктом «Дебетовая карта».
Message::message_d735f574cba0,Message,"operator: Рада, что вы вернулись. Проверю доступные условия дл...",C005,,,,,,,,,event_32f0087e4868,,2024-12-22,,,,,,,,,message_d735f574cba0,operator,"Рада, что вы вернулись. Проверю доступные условия для нового продукта."
Message::message_d73f2846de38,Message,"operator: Информация передана в работу, ориентировочный срок р...",C014,,,,,,,,,event_7cf7a4a696ab,,2025-01-03,,,,,,,,,message_d73f2846de38,operator,"Информация передана в работу, ориентировочный срок решения зависит от проверки."
Message::message_d74eaa406909,Message,client: Меня зовут Лазарева София Николаевна. Прошу учесть м...,C005,,,,,,,,,event_793eb5cc3758,,2024-10-28,,,,,,,,,message_d74eaa406909,client,Меня зовут Лазарева София Николаевна. Прошу учесть мой прошлый опыт и текущий продукт.
Message::message_d7515fd7c526,Message,system: Системное уведомление: обращение зарегистрировано и ...,C036,,,,,,,,,event_4ca460af6928,,2025-02-27,,,,,,,,,message_d7515fd7c526,system,Системное уведомление: обращение зарегистрировано и связано с продуктом «Накопительный счет».
Message::message_d7c15d06b3b4,Message,"client: Уточните, пожалуйста, это повлияет на мои текущие пр...",C048,,,,,,,,,event_01c86a80c366,,2024-12-15,,,,,,,,,message_d7c15d06b3b4,client,"Уточните, пожалуйста, это повлияет на мои текущие продукты?"
Message::message_d7d4b7dcf9c4,Message,"client: Важно, чтобы решение было понятным и без скрытых усл...",C029,,,,,,,,,event_fe68a434f384,,2024-08-21,,,,,,,,,message_d7d4b7dcf9c4,client,"Важно, чтобы решение было понятным и без скрытых условий."
Message::message_d80efeedd526,Message,"client: Важно, чтобы решение было понятным и без скрытых усл...",C028,,,,,,,,,event_a8b7981d734a,,2025-01-21,,,,,,,,,message_d80efeedd526,client,"Важно, чтобы решение было понятным и без скрытых условий."
Message::message_d8212f20060d,Message,"operator: По этому обращению указан статус «completed», оценка...",C034,,,,,,,,,event_992265af59e7,,2025-01-08,,,,,,,,,message_d8212f20060d,operator,"По этому обращению указан статус «completed», оценка удовлетворенности будет учтена."
Message::message_d83aacd462c0,Message,operator: Я зафиксировал обращение. Статус сейчас: lost.,C016,,,,,,,,,event_8cdb82c9630e,,2025-06-16,,,,,,,,,message_d83aacd462c0,operator,Я зафиксировал обращение. Статус сейчас: lost.
Message::message_d85cf7fcd613,Message,operator: Отправлю вам подтверждение и краткое резюме по теме ...,C042,,,,,,,,,event_668716fa5460,,2025-02-08,,,,,,,,,message_d85cf7fcd613,operator,Отправлю вам подтверждение и краткое резюме по теме «условия продукта».
Message::message_d8dafbd59031,Message,"operator: Мне жаль, что вы столкнулись с такой ситуацией. Я за...",C006,,,,,,,,,event_a90922b8c751,,2024-11-14,,,,,,,,,message_d8dafbd59031,operator,"Мне жаль, что вы столкнулись с такой ситуацией. Я зарегистрирую жалобу."
Message::message_d9011d29bf73,Message,client: Я хочу понимать сроки и что будет происходить дальше.,C036,,,,,,,,,event_f1d9a60c299d,,2024-09-07,,,,,,,,,message_d9011d29bf73,client,Я хочу понимать сроки и что будет происходить дальше.
Message::message_d98d37623209,Message,"client: Хочу оформить «Накопительный счет». Подскажите, что ...",C011,,,,,,,,,event_2ec6a02eb4ee,,2024-11-17,,,,,,,,,message_d98d37623209,client,"Хочу оформить «Накопительный счет». Подскажите, что нужно сделать."
Message::message_da0fb6592bcf,Message,client: Не получается разобраться с ситуацией по продукту «Д...,C015,,,,,,,,,event_315214396d17,,2025-03-03,,,,,,,,,message_da0fb6592bcf,client,Не получается разобраться с ситуацией по продукту «Дебетовая карта».
Message::message_da4dbfcb3869,Message,"operator: Понимаю ваши сомнения. Давайте подберем условия, кот...",C032,,,,,,,,,event_57dd986b4882,,2025-05-02,,,,,,,,,message_da4dbfcb3869,operator,"Понимаю ваши сомнения. Давайте подберем условия, которые исправят опыт."
Message::message_da4def3f1daf,Message,operator: Для оформления понадобится подтвердить данные и выбр...,C049,,,,,,,,,event_942d32ad8213,,2024-12-29,,,,,,,,,message_da4def3f1daf,operator,Для оформления понадобится подтвердить данные и выбрать параметры продукта.
Message::message_da6301052721,Message,"client: Важно, чтобы решение было понятным и без скрытых усл...",C009,,,,,,,,,event_ec4b7dab592d,,2025-03-25,,,,,,,,,message_da6301052721,client,"Важно, чтобы решение было понятным и без скрытых условий."
Message::message_da7dfc59cf26,Message,"operator: По этому обращению указан статус «completed», оценка...",C003,,,,,,,,,event_b1f221297bf6,,2024-08-19,,,,,,,,,message_da7dfc59cf26,operator,"По этому обращению указан статус «completed», оценка удовлетворенности будет учтена."
Message::message_dad3bf072a77,Message,"client: Хочу оформить «Инвестиционный счет». Подскажите, что...",C047,,,,,,,,,event_abe212840fef,,2024-12-28,,,,,,,,,message_dad3bf072a77,client,"Хочу оформить «Инвестиционный счет». Подскажите, что нужно сделать."
Message::message_db0413bd44b9,Message,operator: Я зафиксировал обращение. Статус сейчас: retained.,C020,,,,,,,,,event_569ef04a1039,,2024-12-19,,,,,,,,,message_db0413bd44b9,operator,Я зафиксировал обращение. Статус сейчас: retained.
Message::message_db2079cac47e,Message,client: У меня есть вопрос по использованию продукта «Кредит...,C041,,,,,,,,,event_62cf9e35e01b,,2024-10-16,,,,,,,,,message_db2079cac47e,client,У меня есть вопрос по использованию продукта «Кредитная карта».
Message::message_db4ee1c115f7,Message,system: Системное уведомление: обращение зарегистрировано и ...,C017,,,,,,,,,event_3143fb525d29,,2025-05-28,,,,,,,,,message_db4ee1c115f7,system,Системное уведомление: обращение зарегистрировано и связано с продуктом «Страхование».
Message::message_db9109ef1bc9,Message,"operator: Если появятся дополнительные вопросы, можно продолжи...",C009,,,,,,,,,event_fe437fd3e3d4,,2024-11-20,,,,,,,,,message_db9109ef1bc9,operator,"Если появятся дополнительные вопросы, можно продолжить диалог в этом же канале."
Message::message_dba7b190fdf1,Message,"operator: Если появятся дополнительные вопросы, можно продолжи...",C027,,,,,,,,,event_1984bd2072f5,,2025-01-18,,,,,,,,,message_dba7b190fdf1,operator,"Если появятся дополнительные вопросы, можно продолжить диалог в этом же канале."
Message::message_dcb489f40af7,Message,"operator: Вопрос решен. Я расскажу, что было сделано и как про...",C032,,,,,,,,,event_b1f09822f639,,2025-03-30,,,,,,,,,message_dcb489f40af7,operator,"Вопрос решен. Я расскажу, что было сделано и как проверить результат."
Message::message_dcb87efdf279,Message,client: Я хочу понимать сроки и что будет происходить дальше.,C005,,,,,,,,,event_7c2d07c505cf,,2024-09-28,,,,,,,,,message_dcb87efdf279,client,Я хочу понимать сроки и что будет происходить дальше.
Message::message_dcf15e43eb72,Message,client: Я принял решение оформить «Страхование». Помогите за...,C017,,,,,,,,,event_604dc9f58779,,2025-01-30,,,,,,,,,message_dcf15e43eb72,client,Я принял решение оформить «Страхование». Помогите завершить заявку.
Message::message_dd08be6c5b85,Message,client: Я хочу понимать сроки и что будет происходить дальше.,C028,,,,,,,,,event_4c40be4187ce,,2025-03-21,,,,,,,,,message_dd08be6c5b85,client,Я хочу понимать сроки и что будет происходить дальше.
Message::message_dd54c52e7c2b,Message,client: Меня зовут Архип Валерьянович Гусев. Прошу учесть мо...,C041,,,,,,,,,event_54961ad78c04,,2025-02-08,,,,,,,,,message_dd54c52e7c2b,client,Меня зовут Архип Валерьянович Гусев. Прошу учесть мой прошлый опыт и текущий продукт.
Message::message_dd7b482aa04f,Message,"operator: Информация передана в работу, ориентировочный срок р...",C014,,,,,,,,,event_880a377966a8,,2024-10-01,,,,,,,,,message_dd7b482aa04f,operator,"Информация передана в работу, ориентировочный срок решения зависит от проверки."
Message::message_dd83fef295d1,Message,system: Системное уведомление: обращение зарегистрировано и ...,C022,,,,,,,,,event_1e79f3245984,,2024-09-21,,,,,,,,,message_dd83fef295d1,system,Системное уведомление: обращение зарегистрировано и связано с продуктом «Инвестиционный счет».
Message::message_dd84f88468b0,Message,"client: Важно, чтобы решение было понятным и без скрытых усл...",C036,,,,,,,,,event_169ee995e6d1,,2025-04-08,,,,,,,,,message_dd84f88468b0,client,"Важно, чтобы решение было понятным и без скрытых условий."
Message::message_dd888c134c28,Message,"client: Важно, чтобы решение было понятным и без скрытых усл...",C019,,,,,,,,,event_673480c6a584,,2024-08-21,,,,,,,,,message_dd888c134c28,client,"Важно, чтобы решение было понятным и без скрытых условий."
Message::message_ddc812dc23e9,Message,client: У меня есть вопрос по использованию продукта «Инвест...,C030,,,,,,,,,event_154df8b52a04,,2025-04-21,,,,,,,,,message_ddc812dc23e9,client,У меня есть вопрос по использованию продукта «Инвестиционный счет».
Message::message_de00a022d626,Message,client: Меня зовут Фадеева Галина Тимофеевна. Прошу учесть м...,C036,,,,,,,,,event_f74ea6506987,,2024-09-29,,,,,,,,,message_de00a022d626,client,Меня зовут Фадеева Галина Тимофеевна. Прошу учесть мой прошлый опыт и текущий продукт.
Message::message_de0340f57c83,Message,"operator: Информация передана в работу, ориентировочный срок р...",C035,,,,,,,,,event_ffc587b1db9e,,2025-02-17,,,,,,,,,message_de0340f57c83,operator,"Информация передана в работу, ориентировочный срок решения зависит от проверки."
Message::message_de0a5e0c44f1,Message,"operator: Если появятся дополнительные вопросы, можно продолжи...",C046,,,,,,,,,event_d1d2d046f009,,2025-04-17,,,,,,,,,message_de0a5e0c44f1,operator,"Если появятся дополнительные вопросы, можно продолжить диалог в этом же канале."
Message::message_de26dfe2a6fc,Message,system: Системное уведомление: настроение обращения определе...,C014,,,,,,,,,event_724d42d1789c,,2024-11-01,,,,,,,,,message_de26dfe2a6fc,system,Системное уведомление: настроение обращения определено как «positive».
Message::message_de50afd9860f,Message,operator: Я вижу историю клиента и учитываю этап «использовани...,C015,,,,,,,,,event_f01ad024543e,,2024-11-05,,,,,,,,,message_de50afd9860f,operator,Я вижу историю клиента и учитываю этап «использование продукта».
Message::message_de6498ac1ae3,Message,client: У меня есть вопрос по использованию продукта «Страхо...,C028,,,,,,,,,event_4a2a3516b6b0,,2024-11-10,,,,,,,,,message_de6498ac1ae3,client,У меня есть вопрос по использованию продукта «Страхование».
Message::message_dee3aea94bdb,Message,operator: Сейчас проверю актуальные условия для выбранного про...,C034,,,,,,,,,event_9123926b3608,,2024-09-28,,,,,,,,,message_dee3aea94bdb,operator,Сейчас проверю актуальные условия для выбранного продукта.
Message::message_dee4271b63da,Message,operator: Сейчас проверю информацию по продукту и объясню поря...,C017,,,,,,,,,event_37ab80f3e370,,2025-07-24,,,,,,,,,message_dee4271b63da,operator,Сейчас проверю информацию по продукту и объясню порядок действий.
Message::message_deff0cca4208,Message,client: Можно ли получить подтверждение после завершения опе...,C034,,,,,,,,,event_a19379081937,,2024-12-01,,,,,,,,,message_deff0cca4208,client,Можно ли получить подтверждение после завершения операции?
Message::message_df18172021c7,Message,operator: Здравствуйте. Расскажу основные условия и помогу выб...,C017,,,,,,,,,event_293fd9715cf6,,2024-11-08,,,,,,,,,message_df18172021c7,operator,Здравствуйте. Расскажу основные условия и помогу выбрать подходящий вариант.
Message::message_df29be8dd613,Message,operator: Сейчас проверю актуальные условия для выбранного про...,C030,,,,,,,,,event_732177d7e241,,2025-02-28,,,,,,,,,message_df29be8dd613,operator,Сейчас проверю актуальные условия для выбранного продукта.
Message::message_df320d1e866e,Message,operator: Я вижу историю клиента и учитываю этап «решение проб...,C038,,,,,,,,,event_c98eed443026,,2024-12-23,,,,,,,,,message_df320d1e866e,operator,Я вижу историю клиента и учитываю этап «решение проблемы».
Message::message_df4bd7728c38,Message,operator: Я вижу историю клиента и учитываю этап «решение проб...,C001,,,,,,,,,event_65d9b172fbc2,,2025-04-01,,,,,,,,,message_df4bd7728c38,operator,Я вижу историю клиента и учитываю этап «решение проблемы».
Message::message_df55a8c42bdc,Message,client: Интересует дополнительный продукт «Накопительный сче...,C017,,,,,,,,,event_6e0f45cec684,,2025-06-18,,,,,,,,,message_df55a8c42bdc,client,Интересует дополнительный продукт «Накопительный счет». Расскажите про оформление.
Message::message_df7168c2392b,Message,system: Системное уведомление: клиенту присвоен статус обращ...,C041,,,,,,,,,event_b3954eeca9e2,,2024-11-16,,,,,,,,,message_df7168c2392b,system,Системное уведомление: клиенту присвоен статус обращения «escalated».
Message::message_df775e8ffa76,Message,client: Можно ли получить подтверждение после завершения опе...,C019,,,,,,,,,event_852b55ae8ff6,,2024-08-30,,,,,,,,,message_df775e8ffa76,client,Можно ли получить подтверждение после завершения операции?
Message::message_df80c4c8d5ab,Message,"client: Здравствуйте, хочу понять, как у вас работает продук...",C011,,,,,,,,,event_31297d57fdf6,,2024-10-07,,,,,,,,,message_df80c4c8d5ab,client,"Здравствуйте, хочу понять, как у вас работает продукт «Ипотека». Интересуют консультация по тарифам."
Message::message_df958b29988d,Message,operator: Сейчас оформим завершение обслуживания и подтвердим ...,C039,,,,,,,,,event_68fa4b037b07,,2024-12-13,,,,,,,,,message_df958b29988d,operator,Сейчас оформим завершение обслуживания и подтвердим финальный статус.
Message::message_dfc63dd35ccb,Message,system: Системное уведомление: настроение обращения определе...,C014,,,,,,,,,event_aaa83bff47f9,,2024-12-16,,,,,,,,,message_dfc63dd35ccb,system,Системное уведомление: настроение обращения определено как «positive».
Message::message_e06b37a1debc,Message,"client: Важно, чтобы решение было понятным и без скрытых усл...",C032,,,,,,,,,event_57dd986b4882,,2025-05-02,,,,,,,,,message_e06b37a1debc,client,"Важно, чтобы решение было понятным и без скрытых условий."
Message::message_e1033bf83ed8,Message,operator: Давайте посмотрим детали операции и найдем ответ.,C027,,,,,,,,,event_1984bd2072f5,,2025-01-18,,,,,,,,,message_e1033bf83ed8,operator,Давайте посмотрим детали операции и найдем ответ.
Message::message_e1157375f8ab,Message,system: Системное уведомление: настроение обращения определе...,C001,,,,,,,,,event_083e4c73eb20,,2025-05-30,,,,,,,,,message_e1157375f8ab,system,Системное уведомление: настроение обращения определено как «negative».
Message::message_e11b2f3d6687,Message,client: Мне удобнее продолжить общение через канал «email».,C043,,,,,,,,,event_5d87fb0d500f,,2025-04-04,,,,,,,,,message_e11b2f3d6687,client,Мне удобнее продолжить общение через канал «email».
Message::message_e21f5fbce7e4,Message,operator: Отправлю вам подтверждение и краткое резюме по теме ...,C049,,,,,,,,,event_aad82a6c7be5,,2025-04-25,,,,,,,,,message_e21f5fbce7e4,operator,Отправлю вам подтверждение и краткое резюме по теме «жалоба на обслуживание».
Message::message_e278bad34a66,Message,"operator: По этому обращению указан статус «completed», оценка...",C025,,,,,,,,,event_441438e60397,,2024-09-13,,,,,,,,,message_e278bad34a66,operator,"По этому обращению указан статус «completed», оценка удовлетворенности будет учтена."
Message::message_e2b737a1c916,Message,"operator: Информация передана в работу, ориентировочный срок р...",C046,,,,,,,,,event_7b20c3cf48ef,,2024-12-01,,,,,,,,,message_e2b737a1c916,operator,"Информация передана в работу, ориентировочный срок решения зависит от проверки."
Message::message_e2bd381f232c,Message,system: Системное уведомление: настроение обращения определе...,C042,,,,,,,,,event_8b3d4b34b894,,2024-11-18,,,,,,,,,message_e2bd381f232c,system,Системное уведомление: настроение обращения определено как «positive».
Message::message_e2c299817796,Message,"client: Не вижу смысла продолжать обслуживание, хочу заверши...",C006,,,,,,,,,event_cf43f0366792,,2024-12-08,,,,,,,,,message_e2c299817796,client,"Не вижу смысла продолжать обслуживание, хочу завершить отношения с банком."
Message::message_e2ea1d07c388,Message,"operator: По этому обращению указан статус «completed», оценка...",C022,,,,,,,,,event_1e79f3245984,,2024-09-21,,,,,,,,,message_e2ea1d07c388,operator,"По этому обращению указан статус «completed», оценка удовлетворенности будет учтена."
Message::message_e31bc5934689,Message,operator: Сейчас проверю актуальные условия для выбранного про...,C038,,,,,,,,,event_83f1aaa4343d,,2024-08-23,,,,,,,,,message_e31bc5934689,operator,Сейчас проверю актуальные условия для выбранного продукта.
Message::message_e37d3be870c7,Message,client: Можно ли получить подтверждение после завершения опе...,C036,,,,,,,,,event_1e24bd1e959c,,2024-12-18,,,,,,,,,message_e37d3be870c7,client,Можно ли получить подтверждение после завершения операции?
Message::message_e3be1b253ea1,Message,client: Меня зовут Аскольд Власович Лукин. Прошу учесть мой ...,C017,,,,,,,,,event_645b8f0d7ac7,,2025-04-23,,,,,,,,,message_e3be1b253ea1,client,Меня зовут Аскольд Власович Лукин. Прошу учесть мой прошлый опыт и текущий продукт.
Message::message_e3c153ecf2f7,Message,"operator: Если появятся дополнительные вопросы, можно продолжи...",C026,,,,,,,,,event_16c059d72069,,2024-11-10,,,,,,,,,message_e3c153ecf2f7,operator,"Если появятся дополнительные вопросы, можно продолжить диалог в этом же канале."
Message::message_e3c718c27434,Message,operator: Я вижу историю клиента и учитываю этап «использовани...,C022,,,,,,,,,event_1e79f3245984,,2024-09-21,,,,,,,,,message_e3c718c27434,operator,Я вижу историю клиента и учитываю этап «использование продукта».
Message::message_e3d3b2f0dfbf,Message,"operator: Информация передана в работу, ориентировочный срок р...",C035,,,,,,,,,event_0603c7fc1130,,2025-01-06,,,,,,,,,message_e3d3b2f0dfbf,operator,"Информация передана в работу, ориентировочный срок решения зависит от проверки."
Message::message_e3f2dddcf15a,Message,"operator: Если появятся дополнительные вопросы, можно продолжи...",C008,,,,,,,,,event_004fc7ecd9a4,,2025-02-01,,,,,,,,,message_e3f2dddcf15a,operator,"Если появятся дополнительные вопросы, можно продолжить диалог в этом же канале."
Message::message_e421379435c6,Message,"client: Здравствуйте. Подскажите, пожалуйста, что важно знат...",C040,,,,,,,,,event_14b04203f743,,2025-01-26,,,,,,,,,message_e421379435c6,client,"Здравствуйте. Подскажите, пожалуйста, что важно знать про «Дебетовая карта»?"
Message::message_e42e469fa49a,Message,"client: Здравствуйте, хочу понять, как у вас работает продук...",C007,,,,,,,,,event_a12be4513720,,2025-01-09,,,,,,,,,message_e42e469fa49a,client,"Здравствуйте, хочу понять, как у вас работает продукт «Кредитная карта». Интересуют оформление продукта."
Message::message_e442a74d816e,Message,client: Меня зовут Ян Иосипович Игнатьев. Прошу учесть мой п...,C012,,,,,,,,,event_2f01b3a1fc29,,2025-04-13,,,,,,,,,message_e442a74d816e,client,Меня зовут Ян Иосипович Игнатьев. Прошу учесть мой прошлый опыт и текущий продукт.
Message::message_e45c1bfc9508,Message,client: Добрый день. Я впервые обращаюсь в банк и хочу узнат...,C038,,,,,,,,,event_a5240b8f5ec4,,2024-08-15,,,,,,,,,message_e45c1bfc9508,client,Добрый день. Я впервые обращаюсь в банк и хочу узнать про «Инвестиционный счет».
Message::message_e4be9a83d1da,Message,client: Я хочу понимать сроки и что будет происходить дальше.,C011,,,,,,,,,event_9c0778bd1c34,,2025-02-04,,,,,,,,,message_e4be9a83d1da,client,Я хочу понимать сроки и что будет происходить дальше.
Message::message_e4db4ad1ecd6,Message,"operator: Информация передана в работу, ориентировочный срок р...",C028,,,,,,,,,event_047691e49e5e,,2024-12-25,,,,,,,,,message_e4db4ad1ecd6,operator,"Информация передана в работу, ориентировочный срок решения зависит от проверки."
Message::message_e50cd96ae856,Message,client: Пользуюсь продуктом «Потребительский кредит» и хочу ...,C014,,,,,,,,,event_724d42d1789c,,2024-11-01,,,,,,,,,message_e50cd96ae856,client,Пользуюсь продуктом «Потребительский кредит» и хочу уточнить вопрос: изменение персональных данных.
Message::message_e514f68aa134,Message,operator: Здравствуйте. Расскажу основные условия и помогу выб...,C049,,,,,,,,,event_3cf2d02c98b0,,2024-12-11,,,,,,,,,message_e514f68aa134,operator,Здравствуйте. Расскажу основные условия и помогу выбрать подходящий вариант.
Message::message_e52fdad589ff,Message,"operator: Отлично, я помогу оформить заявку и проверю необходи...",C010,,,,,,,,,event_d71ea6919cd3,,2024-11-23,,,,,,,,,message_e52fdad589ff,operator,"Отлично, я помогу оформить заявку и проверю необходимые данные."
Message::message_e532dbd7e115,Message,client: Возвращаюсь по обращению «возврат средств». Хотелось...,C048,,,,,,,,,event_67d6eb7a52e3,,2025-04-22,,,,,,,,,message_e532dbd7e115,client,Возвращаюсь по обращению «возврат средств». Хотелось бы понять результат.
Message::message_e598188f0a31,Message,client: Пользуюсь продуктом «Дебетовая карта» и хочу уточнит...,C034,,,,,,,,,event_a19379081937,,2024-12-01,,,,,,,,,message_e598188f0a31,client,Пользуюсь продуктом «Дебетовая карта» и хочу уточнить вопрос: условия продукта.
Message::message_e61842013b26,Message,client: Пользуюсь продуктом «Потребительский кредит» и хочу ...,C036,,,,,,,,,event_cfb60056cc33,,2024-11-12,,,,,,,,,message_e61842013b26,client,Пользуюсь продуктом «Потребительский кредит» и хочу уточнить вопрос: условия продукта.
Message::message_e638e3f6fbf0,Message,operator: Отправлю вам подтверждение и краткое резюме по теме ...,C011,,,,,,,,,event_b4e5147fcef4,,2024-11-06,,,,,,,,,message_e638e3f6fbf0,operator,Отправлю вам подтверждение и краткое резюме по теме «повышение лимита».
Message::message_e64822db3d2b,Message,"operator: Информация передана в работу, ориентировочный срок р...",C039,,,,,,,,,event_b081149bf60d,,2024-08-22,,,,,,,,,message_e64822db3d2b,operator,"Информация передана в работу, ориентировочный срок решения зависит от проверки."
Message::message_e695f43a4c00,Message,"client: Важно, чтобы решение было понятным и без скрытых усл...",C041,,,,,,,,,event_b3954eeca9e2,,2024-11-16,,,,,,,,,message_e695f43a4c00,client,"Важно, чтобы решение было понятным и без скрытых условий."
Message::message_e6d481a73c1c,Message,operator: Я вижу историю клиента и учитываю этап «уход клиента».,C021,,,,,,,,,event_93300e115221,,2024-09-22,,,,,,,,,message_e6d481a73c1c,operator,Я вижу историю клиента и учитываю этап «уход клиента».
Message::message_e6ddb10cc018,Message,client: Мне удобнее продолжить общение через канал «телефон».,C046,,,,,,,,,event_99c5681b4262,,2025-01-01,,,,,,,,,message_e6ddb10cc018,client,Мне удобнее продолжить общение через канал «телефон».
Message::message_e75bf7021a2a,Message,client: Можно ли получить подтверждение после завершения опе...,C017,,,,,,,,,event_5c5c58e9eb46,,2025-03-26,,,,,,,,,message_e75bf7021a2a,client,Можно ли получить подтверждение после завершения операции?
Message::message_e76001874b8f,Message,client: Прошу передать обращение старшему специалисту. Вопро...,C049,,,,,,,,,event_aad82a6c7be5,,2025-04-25,,,,,,,,,message_e76001874b8f,client,Прошу передать обращение старшему специалисту. Вопрос по «Накопительный счет» не решен.
Message::message_e7945ed9103a,Message,operator: Эскалация оформлена. Специалист проверит историю обр...,C001,,,,,,,,,event_8c29135abac0,,2025-02-24,,,,,,,,,message_e7945ed9103a,operator,Эскалация оформлена. Специалист проверит историю обращений.
Message::message_e7eccea830ba,Message,"operator: Информация передана в работу, ориентировочный срок р...",C049,,,,,,,,,event_efdf237f32d4,,2025-03-11,,,,,,,,,message_e7eccea830ba,operator,"Информация передана в работу, ориентировочный срок решения зависит от проверки."
Message::message_e84193f29391,Message,operator: Я вижу историю клиента и учитываю этап «решение проб...,C046,,,,,,,,,event_d1d2d046f009,,2025-04-17,,,,,,,,,message_e84193f29391,operator,Я вижу историю клиента и учитываю этап «решение проблемы».
Message::message_e8881fd1a23a,Message,client: Мне удобнее продолжить общение через канал «сайт».,C015,,,,,,,,,event_f01ad024543e,,2024-11-05,,,,,,,,,message_e8881fd1a23a,client,Мне удобнее продолжить общение через канал «сайт».
Message::message_e8981e121ca3,Message,system: Системное уведомление: тема обращения классифицирова...,C026,,,,,,,,,event_16c059d72069,,2024-11-10,,,,,,,,,message_e8981e121ca3,system,Системное уведомление: тема обращения классифицирована как «условия продукта».
Message::message_e8a3fe43a8d7,Message,"operator: Если появятся дополнительные вопросы, можно продолжи...",C047,,,,,,,,,event_6e5bef8925ac,,2025-04-02,,,,,,,,,message_e8a3fe43a8d7,operator,"Если появятся дополнительные вопросы, можно продолжить диалог в этом же канале."
Message::message_e8c9d08dc095,Message,operator: Давайте посмотрим детали операции и найдем ответ.,C030,,,,,,,,,event_154df8b52a04,,2025-04-21,,,,,,,,,message_e8c9d08dc095,operator,Давайте посмотрим детали операции и найдем ответ.
Message::message_e8d27a079297,Message,"operator: Понимаю. Зафиксирую причину ухода и проверю, что нуж...",C015,,,,,,,,,event_52cf5a4db90a,,2025-06-16,,,,,,,,,message_e8d27a079297,operator,"Понимаю. Зафиксирую причину ухода и проверю, что нужно закрыть."
Message::message_e926fd199d49,Message,client: Можно ли получить подтверждение после завершения опе...,C035,,,,,,,,,event_ee4f49a3b398,,2024-12-25,,,,,,,,,message_e926fd199d49,client,Можно ли получить подтверждение после завершения операции?
Message::message_e929f31aee30,Message,"client: Важно, чтобы решение было понятным и без скрытых усл...",C038,,,,,,,,,event_83f1aaa4343d,,2024-08-23,,,,,,,,,message_e929f31aee30,client,"Важно, чтобы решение было понятным и без скрытых условий."
Message::message_e9393fcf7b62,Message,"operator: Добрый день. Сейчас поясню, как устроен продукт и ка...",C031,,,,,,,,,event_0cedd8d68f42,,2024-12-24,,,,,,,,,message_e9393fcf7b62,operator,"Добрый день. Сейчас поясню, как устроен продукт и какие шаги нужны."
Message::message_e96b22f5f117,Message,system: Системное уведомление: настроение обращения определе...,C017,,,,,,,,,event_6e0f45cec684,,2025-06-18,,,,,,,,,message_e96b22f5f117,system,Системное уведомление: настроение обращения определено как «positive».
Message::message_e994bb4d2c6b,Message,"client: Здравствуйте, хочу понять, как у вас работает продук...",C024,,,,,,,,,event_4a37e700a4c3,,2025-01-05,,,,,,,,,message_e994bb4d2c6b,client,"Здравствуйте, хочу понять, как у вас работает продукт «Потребительский кредит». Интересуют оформление продукта."
Message::message_e9c79beba4f9,Message,"operator: По этому обращению указан статус «completed», оценка...",C020,,,,,,,,,event_7cf6fe1f85ab,,2024-08-21,,,,,,,,,message_e9c79beba4f9,operator,"По этому обращению указан статус «completed», оценка удовлетворенности будет учтена."
Message::message_e9f8ba430656,Message,client: Мне удобнее продолжить общение через канал «сайт».,C001,,,,,,,,,event_13fa3c53a9e9,,2025-04-20,,,,,,,,,message_e9f8ba430656,client,Мне удобнее продолжить общение через канал «сайт».
Message::message_ea0df8f18817,Message,"client: Мне сообщили, что вопрос почти решен. Подтвердите, п...",C015,,,,,,,,,event_d4d88008ca4d,,2025-01-27,,,,,,,,,message_ea0df8f18817,client,"Мне сообщили, что вопрос почти решен. Подтвердите, пожалуйста."
Message::message_ea19c3c9f940,Message,system: Системное уведомление: настроение обращения определе...,C011,,,,,,,,,event_bf8e68242dbf,,2024-12-02,,,,,,,,,message_ea19c3c9f940,system,Системное уведомление: настроение обращения определено как «negative».
Message::message_ea8ce8f0bc93,Message,"operator: Информация передана в работу, ориентировочный срок р...",C019,,,,,,,,,event_673480c6a584,,2024-08-21,,,,,,,,,message_ea8ce8f0bc93,operator,"Информация передана в работу, ориентировочный срок решения зависит от проверки."
Message::message_eacbc8e2ddcf,Message,system: Системное уведомление: настроение обращения определе...,C049,,,,,,,,,event_3eaffd63f9b3,,2025-05-21,,,,,,,,,message_eacbc8e2ddcf,system,Системное уведомление: настроение обращения определено как «negative».
Message::message_eaced0ec35d2,Message,"client: Здравствуйте, хочу понять, как у вас работает продук...",C025,,,,,,,,,event_8f387c590f91,,2024-08-09,,,,,,,,,message_eaced0ec35d2,client,"Здравствуйте, хочу понять, как у вас работает продукт «Дебетовая карта». Интересуют оформление продукта."
Message::message_eae102e00589,Message,client: Проверяю статус проблемы по продукту «Ипотека». Есть...,C032,,,,,,,,,event_b1f09822f639,,2025-03-30,,,,,,,,,message_eae102e00589,client,Проверяю статус проблемы по продукту «Ипотека». Есть ли решение?
Message::message_eb43e69aae3b,Message,"client: Уточните, пожалуйста, это повлияет на мои текущие пр...",C012,,,,,,,,,event_92ec8a803166,,2025-01-30,,,,,,,,,message_eb43e69aae3b,client,"Уточните, пожалуйста, это повлияет на мои текущие продукты?"
Message::message_eb92c3f4492c,Message,"operator: Если появятся дополнительные вопросы, можно продолжи...",C048,,,,,,,,,event_89f58a9c303d,,2025-03-01,,,,,,,,,message_eb92c3f4492c,operator,"Если появятся дополнительные вопросы, можно продолжить диалог в этом же канале."
Message::message_ebeeee7d5d97,Message,client: Можно ли получить подтверждение после завершения опе...,C049,,,,,,,,,event_30f7917b9982,,2025-01-29,,,,,,,,,message_ebeeee7d5d97,client,Можно ли получить подтверждение после завершения операции?
Message::message_ec172ecd1f80,Message,operator: Давайте оформим дополнительный продукт и учтем ваш т...,C036,,,,,,,,,event_1e24bd1e959c,,2024-12-18,,,,,,,,,message_ec172ecd1f80,operator,Давайте оформим дополнительный продукт и учтем ваш текущий профиль.
Message::message_ec250526ae04,Message,"client: После прошлой ситуации хочу понять, какие условия вы...",C020,,,,,,,,,event_569ef04a1039,,2024-12-19,,,,,,,,,message_ec250526ae04,client,"После прошлой ситуации хочу понять, какие условия вы можете предложить."
Message::message_ec2f783651e9,Message,client: Можно ли получить подтверждение после завершения опе...,C015,,,,,,,,,event_c5ee7537bdf4,,2025-03-30,,,,,,,,,message_ec2f783651e9,client,Можно ли получить подтверждение после завершения операции?
Message::message_ec46ae095c95,Message,client: У меня есть вопрос по использованию продукта «Инвест...,C049,,,,,,,,,event_30f7917b9982,,2025-01-29,,,,,,,,,message_ec46ae095c95,client,У меня есть вопрос по использованию продукта «Инвестиционный счет».
Message::message_ec63964f9e65,Message,client: Мне удобнее продолжить общение через канал «чат».,C039,,,,,,,,,event_04b1ad977154,,2024-09-23,,,,,,,,,message_ec63964f9e65,client,Мне удобнее продолжить общение через канал «чат».
Message::message_ec7e9b168aa1,Message,"operator: Информация передана в работу, ориентировочный срок р...",C043,,,,,,,,,event_cbcaed27118b,,2025-03-11,,,,,,,,,message_ec7e9b168aa1,operator,"Информация передана в работу, ориентировочный срок решения зависит от проверки."
Message::message_ec9eb605937a,Message,operator: Здравствуйте. Я помогу сориентироваться по условиям ...,C048,,,,,,,,,event_01c86a80c366,,2024-12-15,,,,,,,,,message_ec9eb605937a,operator,Здравствуйте. Я помогу сориентироваться по условиям и ограничениям.
Message::message_ecd8c18ac312,Message,"operator: Информация передана в работу, ориентировочный срок р...",C028,,,,,,,,,event_1b8c0b245bc3,,2024-11-21,,,,,,,,,message_ecd8c18ac312,operator,"Информация передана в работу, ориентировочный срок решения зависит от проверки."
Message::message_ecd99945d6c7,Message,client: Мне удобнее продолжить общение через канал «чат».,C030,,,,,,,,,event_914bc2b32205,,2025-05-18,,,,,,,,,message_ecd99945d6c7,client,Мне удобнее продолжить общение через канал «чат».
Message::message_ecefd8eee554,Message,client: Я решил прекратить обслуживание. Прошу закрыть все в...,C016,,,,,,,,,event_8cdb82c9630e,,2025-06-16,,,,,,,,,message_ecefd8eee554,client,Я решил прекратить обслуживание. Прошу закрыть все вопросы по «Инвестиционный счет».
Message::message_ed0d46e970a9,Message,client: Я хочу понимать сроки и что будет происходить дальше.,C020,,,,,,,,,event_569ef04a1039,,2024-12-19,,,,,,,,,message_ed0d46e970a9,client,Я хочу понимать сроки и что будет происходить дальше.
Message::message_ed5e9bd3e722,Message,"client: Важно, чтобы решение было понятным и без скрытых усл...",C007,,,,,,,,,event_0a092504170b,,2025-01-21,,,,,,,,,message_ed5e9bd3e722,client,"Важно, чтобы решение было понятным и без скрытых условий."
Message::message_ee0e9960cd40,Message,"client: Уточните, пожалуйста, это повлияет на мои текущие пр...",C039,,,,,,,,,event_ad86c3b9249f,,2024-11-09,,,,,,,,,message_ee0e9960cd40,client,"Уточните, пожалуйста, это повлияет на мои текущие продукты?"
Message::message_ee1d063f1348,Message,system: Системное уведомление: настроение обращения определе...,C040,,,,,,,,,event_14b04203f743,,2025-01-26,,,,,,,,,message_ee1d063f1348,system,Системное уведомление: настроение обращения определено как «positive».
Message::message_ee562cc7fb21,Message,operator: Я зафиксировал обращение. Статус сейчас: in_progress.,C029,,,,,,,,,event_fe68a434f384,,2024-08-21,,,,,,,,,message_ee562cc7fb21,operator,Я зафиксировал обращение. Статус сейчас: in_progress.
Message::message_eeaa56ad7c53,Message,operator: По вашему обращению есть результат. Проблема закрыта...,C017,,,,,,,,,event_645b8f0d7ac7,,2025-04-23,,,,,,,,,message_eeaa56ad7c53,operator,"По вашему обращению есть результат. Проблема закрыта, данные обновлены."
Message::message_ef0cf260d371,Message,"client: Подскажите, пожалуйста, как правильно действовать по...",C030,,,,,,,,,event_d4148e149005,,2025-06-25,,,,,,,,,message_ef0cf260d371,client,"Подскажите, пожалуйста, как правильно действовать по теме «комиссия»."
Message::message_efa71fe3e342,Message,"operator: По этому обращению указан статус «completed», оценка...",C030,,,,,,,,,event_f8b3d29dfbdd,,2025-01-23,,,,,,,,,message_efa71fe3e342,operator,"По этому обращению указан статус «completed», оценка удовлетворенности будет учтена."
Message::message_efb8cc22edd3,Message,system: Системное уведомление: настроение обращения определе...,C015,,,,,,,,,event_f01ad024543e,,2024-11-05,,,,,,,,,message_efb8cc22edd3,system,Системное уведомление: настроение обращения определено как «positive».
Message::message_efbd89de7900,Message,client: Мне удобнее продолжить общение через канал «мобильно...,C007,,,,,,,,,event_ca232430e006,,2025-02-15,,,,,,,,,message_efbd89de7900,client,Мне удобнее продолжить общение через канал «мобильное приложение».
Message::message_efe3f4ee9d9e,Message,"client: Здравствуйте. Подскажите, пожалуйста, что важно знат...",C049,,,,,,,,,event_3cf2d02c98b0,,2024-12-11,,,,,,,,,message_efe3f4ee9d9e,client,"Здравствуйте. Подскажите, пожалуйста, что важно знать про «Инвестиционный счет»?"
Message::message_efe6a2c40001,Message,client: Я хочу понимать сроки и что будет происходить дальше.,C035,,,,,,,,,event_2eaeb68603d7,,2025-05-18,,,,,,,,,message_efe6a2c40001,client,Я хочу понимать сроки и что будет происходить дальше.
Message::message_f04f965eda3e,Message,"operator: Конечно, давайте разберем условия и возможные ограни...",C017,,,,,,,,,event_c11e16d4ef6a,,2025-08-16,,,,,,,,,message_f04f965eda3e,operator,"Конечно, давайте разберем условия и возможные ограничения."
Message::message_f0df02efcee3,Message,client: Проверяю статус проблемы по продукту «Кредитная карт...,C028,,,,,,,,,event_a8b7981d734a,,2025-01-21,,,,,,,,,message_f0df02efcee3,client,Проверяю статус проблемы по продукту «Кредитная карта». Есть ли решение?
Message::message_f19eacfee06f,Message,"client: Подскажите, пожалуйста, как правильно действовать по...",C047,,,,,,,,,event_0be825338bf1,,2025-02-10,,,,,,,,,message_f19eacfee06f,client,"Подскажите, пожалуйста, как правильно действовать по теме «изменение персональных данных»."
Message::message_f1c8c5f58317,Message,"client: Важно, чтобы решение было понятным и без скрытых усл...",C026,,,,,,,,,event_2ab5f4b56b35,,2025-01-06,,,,,,,,,message_f1c8c5f58317,client,"Важно, чтобы решение было понятным и без скрытых условий."
Message::message_f1d14669c53a,Message,client: Меня зовут Радислав Валерианович Крылов. Прошу учест...,C046,,,,,,,,,event_d1d2d046f009,,2025-04-17,,,,,,,,,message_f1d14669c53a,client,Меня зовут Радислав Валерианович Крылов. Прошу учесть мой прошлый опыт и текущий продукт.
Message::message_f1ef2dce4f6e,Message,operator: Запускаю процесс оформления. Я буду сопровождать вас...,C048,,,,,,,,,event_89f58a9c303d,,2025-03-01,,,,,,,,,message_f1ef2dce4f6e,operator,Запускаю процесс оформления. Я буду сопровождать вас на каждом шаге.
Message::message_f1f5a2c5ed40,Message,"operator: По этому обращению указан статус «completed», оценка...",C038,,,,,,,,,event_83f1aaa4343d,,2024-08-23,,,,,,,,,message_f1f5a2c5ed40,operator,"По этому обращению указан статус «completed», оценка удовлетворенности будет учтена."
Message::message_f211df76d5f2,Message,"client: Уточните, пожалуйста, это повлияет на мои текущие пр...",C035,,,,,,,,,event_60c6aec57ebd,,2025-08-13,,,,,,,,,message_f211df76d5f2,client,"Уточните, пожалуйста, это повлияет на мои текущие продукты?"
Message::message_f22f241c9945,Message,"client: Я готов остаться клиентом, если вопрос по «Страхован...",C041,,,,,,,,,event_54961ad78c04,,2025-02-08,,,,,,,,,message_f22f241c9945,client,"Я готов остаться клиентом, если вопрос по «Страхование» действительно закрыт."
Message::message_f231b7f5a849,Message,client: Меня зовут Кудрявцева Раиса Святославовна. Прошу уче...,C026,,,,,,,,,event_16c059d72069,,2024-11-10,,,,,,,,,message_f231b7f5a849,client,Меня зовут Кудрявцева Раиса Святославовна. Прошу учесть мой прошлый опыт и текущий продукт.
Message::message_f2636efa80fe,Message,client: Я недоволен ситуацией по продукту «Ипотека». Проблем...,C019,,,,,,,,,event_673480c6a584,,2024-08-21,,,,,,,,,message_f2636efa80fe,client,Я недоволен ситуацией по продукту «Ипотека». Проблема: ошибка в приложении.
Message::message_f32ae13bddf3,Message,operator: Я зафиксировал обращение. Статус сейчас: completed.,C014,,,,,,,,,event_1a2b9226c415,,2024-08-18,,,,,,,,,message_f32ae13bddf3,operator,Я зафиксировал обращение. Статус сейчас: completed.
Message::message_f33fada852f4,Message,operator: Я вижу историю клиента и учитываю этап «консультация».,C043,,,,,,,,,event_cbcaed27118b,,2025-03-11,,,,,,,,,message_f33fada852f4,operator,Я вижу историю клиента и учитываю этап «консультация».
Message::message_f364c4da2f6b,Message,"operator: Могу рассказать про тариф, лимиты, комиссии и порядо...",C010,,,,,,,,,event_d768c0c7f4ab,,2024-10-24,,,,,,,,,message_f364c4da2f6b,operator,"Могу рассказать про тариф, лимиты, комиссии и порядок оформления."
Message::message_f3680088e706,Message,"operator: По этому обращению указан статус «completed», оценка...",C016,,,,,,,,,event_1eec34c9d6ac,,2025-02-06,,,,,,,,,message_f3680088e706,operator,"По этому обращению указан статус «completed», оценка удовлетворенности будет учтена."
Message::message_f36de2615c00,Message,system: Системное уведомление: настроение обращения определе...,C020,,,,,,,,,event_c9fd547bd8c3,,2024-11-18,,,,,,,,,message_f36de2615c00,system,Системное уведомление: настроение обращения определено как «positive».
Message::message_f376da6e9bab,Message,"client: Не вижу смысла продолжать обслуживание, хочу заверши...",C033,,,,,,,,,event_7ba092af714b,,2024-11-16,,,,,,,,,message_f376da6e9bab,client,"Не вижу смысла продолжать обслуживание, хочу завершить отношения с банком."
Message::message_f381ddef8567,Message,client: Я хочу понимать сроки и что будет происходить дальше.,C021,,,,,,,,,event_fac32dcf828f,,2024-09-04,,,,,,,,,message_f381ddef8567,client,Я хочу понимать сроки и что будет происходить дальше.
Message::message_f384001c5e6c,Message,operator: Сейчас подберу вариант с учетом уже подключенных про...,C011,,,,,,,,,event_01e204b94ee1,,2025-04-20,,,,,,,,,message_f384001c5e6c,operator,Сейчас подберу вариант с учетом уже подключенных продуктов.
Message::message_f3d318109c97,Message,client: Меня зовут Сафонов Клавдий Абрамович. Прошу учесть м...,C006,,,,,,,,,event_cf43f0366792,,2024-12-08,,,,,,,,,message_f3d318109c97,client,Меня зовут Сафонов Клавдий Абрамович. Прошу учесть мой прошлый опыт и текущий продукт.
Message::message_f4233609e301,Message,system: Системное уведомление: настроение обращения определе...,C010,,,,,,,,,event_d768c0c7f4ab,,2024-10-24,,,,,,,,,message_f4233609e301,system,Системное уведомление: настроение обращения определено как «neutral».
Message::message_f43f76516185,Message,client: Я хочу понимать сроки и что будет происходить дальше.,C015,,,,,,,,,event_c66fbad9f077,,2025-04-16,,,,,,,,,message_f43f76516185,client,Я хочу понимать сроки и что будет происходить дальше.
Message::message_f48995b24e8e,Message,operator: Здравствуйте. Я помогу сориентироваться по условиям ...,C018,,,,,,,,,event_e6cce9adca42,,2024-11-24,,,,,,,,,message_f48995b24e8e,operator,Здравствуйте. Я помогу сориентироваться по условиям и ограничениям.
Message::message_f51d39230090,Message,operator: Сейчас подберу вариант с учетом уже подключенных про...,C046,,,,,,,,,event_0199e3955865,,2025-06-29,,,,,,,,,message_f51d39230090,operator,Сейчас подберу вариант с учетом уже подключенных продуктов.
Message::message_f53dfbcfc974,Message,system: Системное уведомление: настроение обращения определе...,C028,,,,,,,,,event_4c40be4187ce,,2025-03-21,,,,,,,,,message_f53dfbcfc974,system,Системное уведомление: настроение обращения определено как «neutral».
Message::message_f558d2989c30,Message,system: Системное уведомление: клиенту присвоен статус обращ...,C019,,,,,,,,,event_673480c6a584,,2024-08-21,,,,,,,,,message_f558d2989c30,system,Системное уведомление: клиенту присвоен статус обращения «escalated».
Message::message_f560869a08cd,Message,system: Системное уведомление: настроение обращения определе...,C016,,,,,,,,,event_56e64ba3dc9a,,2025-04-07,,,,,,,,,message_f560869a08cd,system,Системное уведомление: настроение обращения определено как «neutral».
Message::message_f5c16f14c1f7,Message,client: Нужна консультация по продукту «Потребительский кред...,C034,,,,,,,,,event_992265af59e7,,2025-01-08,,,,,,,,,message_f5c16f14c1f7,client,"Нужна консультация по продукту «Потребительский кредит», особенно по теме «изменение персональных данных»."
Message::message_f5d4d71106e7,Message,operator: Давайте посмотрим детали операции и найдем ответ.,C036,,,,,,,,,event_cfb60056cc33,,2024-11-12,,,,,,,,,message_f5d4d71106e7,operator,Давайте посмотрим детали операции и найдем ответ.
Message::message_f5d7c99b38ae,Message,"client: Уточните, пожалуйста, это повлияет на мои текущие пр...",C041,,,,,,,,,event_018ef199ad16,,2025-01-02,,,,,,,,,message_f5d7c99b38ae,client,"Уточните, пожалуйста, это повлияет на мои текущие продукты?"
Message::message_f5e29a11718f,Message,client: Добрый день. Я впервые обращаюсь в банк и хочу узнат...,C048,,,,,,,,,event_01c86a80c366,,2024-12-15,,,,,,,,,message_f5e29a11718f,client,Добрый день. Я впервые обращаюсь в банк и хочу узнать про «Накопительный счет».
Message::message_f6013b5ba982,Message,"client: Уточните, пожалуйста, это повлияет на мои текущие пр...",C036,,,,,,,,,event_cfb60056cc33,,2024-11-12,,,,,,,,,message_f6013b5ba982,client,"Уточните, пожалуйста, это повлияет на мои текущие продукты?"
Message::message_f6120e8c4178,Message,system: Системное уведомление: настроение обращения определе...,C011,,,,,,,,,event_b5990ddd8e29,,2025-01-02,,,,,,,,,message_f6120e8c4178,system,Системное уведомление: настроение обращения определено как «neutral».
Message::message_f622cd3a2383,Message,"operator: Вопрос решен. Я расскажу, что было сделано и как про...",C046,,,,,,,,,event_d1d2d046f009,,2025-04-17,,,,,,,,,message_f622cd3a2383,operator,"Вопрос решен. Я расскажу, что было сделано и как проверить результат."
Message::message_f6dedf8bdda7,Message,client: Нужна помощь по продукту «Дебетовая карта»: возник в...,C038,,,,,,,,,event_0675734700e1,,2024-11-12,,,,,,,,,message_f6dedf8bdda7,client,Нужна помощь по продукту «Дебетовая карта»: возник вопрос «ошибка в приложении».
Message::message_f76a4882b3c2,Message,operator: Я вижу историю клиента и учитываю этап «использовани...,C041,,,,,,,,,event_62cf9e35e01b,,2024-10-16,,,,,,,,,message_f76a4882b3c2,operator,Я вижу историю клиента и учитываю этап «использование продукта».
Message::message_f78fcf52ca58,Message,client: Меня зовут Агафонов Мстислав Феоктистович. Прошу уче...,C045,,,,,,,,,event_290849618577,,2024-12-20,,,,,,,,,message_f78fcf52ca58,client,Меня зовут Агафонов Мстислав Феоктистович. Прошу учесть мой прошлый опыт и текущий продукт.
Message::message_f7c213372092,Message,system: Системное уведомление: тема обращения классифицирова...,C036,,,,,,,,,event_1e24bd1e959c,,2024-12-18,,,,,,,,,message_f7c213372092,system,Системное уведомление: тема обращения классифицирована как «повторная покупка».
Message::message_f7dc1de66219,Message,operator: Я зафиксировал обращение. Статус сейчас: completed.,C011,,,,,,,,,event_a461a9c10bb9,,2025-05-01,,,,,,,,,message_f7dc1de66219,operator,Я зафиксировал обращение. Статус сейчас: completed.
Message::message_f7fd6314253c,Message,client: Меня зовут Кудрявцев Иосиф Евсеевич. Прошу учесть мо...,C024,,,,,,,,,event_2f93c12b9343,,2025-02-04,,,,,,,,,message_f7fd6314253c,client,Меня зовут Кудрявцев Иосиф Евсеевич. Прошу учесть мой прошлый опыт и текущий продукт.
Message::message_f818b27ab590,Message,client: Хочу оставить жалобу. По продукту «Дебетовая карта» ...,C045,,,,,,,,,event_05228b6dd178,,2024-11-23,,,,,,,,,message_f818b27ab590,client,Хочу оставить жалобу. По продукту «Дебетовая карта» возникла неприятная ситуация.
Message::message_f82ee72ec334,Message,"operator: Если появятся дополнительные вопросы, можно продолжи...",C046,,,,,,,,,event_20d03315c9a3,,2024-12-14,,,,,,,,,message_f82ee72ec334,operator,"Если появятся дополнительные вопросы, можно продолжить диалог в этом же канале."
Message::message_f899832b7db1,Message,client: После последнего опыта я хочу уйти из банка.,C029,,,,,,,,,event_8c9b8b24a51c,,2024-09-28,,,,,,,,,message_f899832b7db1,client,После последнего опыта я хочу уйти из банка.
Message::message_f8b7d8b64006,Message,"operator: Мне жаль, что вы столкнулись с такой ситуацией. Я за...",C029,,,,,,,,,event_fe68a434f384,,2024-08-21,,,,,,,,,message_f8b7d8b64006,operator,"Мне жаль, что вы столкнулись с такой ситуацией. Я зарегистрирую жалобу."
Message::message_f8bfd042cc32,Message,system: Системное уведомление: обращение зарегистрировано и ...,C010,,,,,,,,,event_25b4a89b3bef,,2024-12-18,,,,,,,,,message_f8bfd042cc32,system,Системное уведомление: обращение зарегистрировано и связано с продуктом «Потребительский кредит».
Message::message_f8c2367d1227,Message,client: Я хочу понимать сроки и что будет происходить дальше.,C014,,,,,,,,,event_cb8713269890,,2024-10-11,,,,,,,,,message_f8c2367d1227,client,Я хочу понимать сроки и что будет происходить дальше.
Message::message_f8cf73881388,Message,"client: Ситуация по теме «техническая ошибка» затянулась, ну...",C001,,,,,,,,,event_27f9b4ebb9c8,,2025-06-27,,,,,,,,,message_f8cf73881388,client,"Ситуация по теме «техническая ошибка» затянулась, нужна эскалация."
Message::message_f93429df9f71,Message,operator: Я вижу историю клиента и учитываю этап «удержание».,C002,,,,,,,,,event_7dce7853327a,,2025-01-26,,,,,,,,,message_f93429df9f71,operator,Я вижу историю клиента и учитываю этап «удержание».
Message::message_f93d543c6467,Message,client: Нужна помощь по продукту «Дебетовая карта»: возник в...,C012,,,,,,,,,event_2f01b3a1fc29,,2025-04-13,,,,,,,,,message_f93d543c6467,client,Нужна помощь по продукту «Дебетовая карта»: возник вопрос «изменение персональных данных».
Message::message_f9b60aebb6c3,Message,operator: Я передаю обращение на следующий уровень поддержки и...,C016,,,,,,,,,event_794b9a0f37b6,,2025-05-12,,,,,,,,,message_f9b60aebb6c3,operator,Я передаю обращение на следующий уровень поддержки и отмечаю срочность.
Message::message_f9e22ae80804,Message,system: Системное уведомление: настроение обращения определе...,C015,,,,,,,,,event_7d4967c62c86,,2025-08-13,,,,,,,,,message_f9e22ae80804,system,Системное уведомление: настроение обращения определено как «negative».
Message::message_f9e54f73842a,Message,operator: Здравствуйте. Я помогу сориентироваться по условиям ...,C026,,,,,,,,,event_16c059d72069,,2024-11-10,,,,,,,,,message_f9e54f73842a,operator,Здравствуйте. Я помогу сориентироваться по условиям и ограничениям.
Message::message_f9ef3a53e9e5,Message,system: Системное уведомление: тема обращения классифицирова...,C046,,,,,,,,,event_0199e3955865,,2025-06-29,,,,,,,,,message_f9ef3a53e9e5,system,Системное уведомление: тема обращения классифицирована как «оформление продукта».
Message::message_f9f4c3a8499c,Message,operator: Здравствуйте. Расскажу основные условия и помогу выб...,C044,,,,,,,,,event_912be879b778,,2025-01-27,,,,,,,,,message_f9f4c3a8499c,operator,Здравствуйте. Расскажу основные условия и помогу выбрать подходящий вариант.
Message::message_fa761c922a4c,Message,client: Хочу оставить жалобу. По продукту «Накопительный сче...,C015,,,,,,,,,event_be602d892628,,2025-02-16,,,,,,,,,message_fa761c922a4c,client,Хочу оставить жалобу. По продукту «Накопительный счет» возникла неприятная ситуация.
Message::message_fb0dd15d0546,Message,client: Проверяю статус проблемы по продукту «Дебетовая карт...,C020,,,,,,,,,event_c9fd547bd8c3,,2024-11-18,,,,,,,,,message_fb0dd15d0546,client,Проверяю статус проблемы по продукту «Дебетовая карта». Есть ли решение?
Message::message_fb1629f836a4,Message,"operator: По этому обращению указан статус «completed», оценка...",C035,,,,,,,,,event_c99facc16dd8,,2025-04-11,,,,,,,,,message_fb1629f836a4,operator,"По этому обращению указан статус «completed», оценка удовлетворенности будет учтена."
Message::message_fb5cdfa804c0,Message,client: Мне интересен продукт «Потребительский кредит». Може...,C042,,,,,,,,,event_8b3d4b34b894,,2024-11-18,,,,,,,,,message_fb5cdfa804c0,client,Мне интересен продукт «Потребительский кредит». Можете рассказать подробнее про условия продукта?
Message::message_fb7e8e5e854d,Message,operator: Я зафиксировал обращение. Статус сейчас: completed.,C036,,,,,,,,,event_1e24bd1e959c,,2024-12-18,,,,,,,,,message_fb7e8e5e854d,operator,Я зафиксировал обращение. Статус сейчас: completed.
Message::message_fb95669f688c,Message,operator: Я вижу историю клиента и учитываю этап «покупка».,C035,,,,,,,,,event_a430da8b72be,,2025-03-29,,,,,,,,,message_fb95669f688c,operator,Я вижу историю клиента и учитываю этап «покупка».
Message::message_fb9f05378cf1,Message,operator: Отправлю вам подтверждение и краткое резюме по теме ...,C001,,,,,,,,,event_27771ad1ae68,,2024-12-11,,,,,,,,,message_fb9f05378cf1,operator,Отправлю вам подтверждение и краткое резюме по теме «комиссия».
Message::message_fbc210c53fcc,Message,operator: Запускаю процесс оформления. Я буду сопровождать вас...,C008,,,,,,,,,event_004fc7ecd9a4,,2025-02-01,,,,,,,,,message_fbc210c53fcc,operator,Запускаю процесс оформления. Я буду сопровождать вас на каждом шаге.
Message::message_fbc6fbd83816,Message,operator: Я зафиксировал обращение. Статус сейчас: escalated.,C003,,,,,,,,,event_8d7423c933c5,,2024-09-04,,,,,,,,,message_fbc6fbd83816,operator,Я зафиксировал обращение. Статус сейчас: escalated.
Message::message_fbe824e0dbcb,Message,client: Хочу оставить жалобу. По продукту «Страхование» возн...,C007,,,,,,,,,event_438d7c6d946a,,2025-03-18,,,,,,,,,message_fbe824e0dbcb,client,Хочу оставить жалобу. По продукту «Страхование» возникла неприятная ситуация.
Message::message_fc683c41e5c0,Message,client: Я хочу понимать сроки и что будет происходить дальше.,C039,,,,,,,,,event_7122f74f5916,,2024-10-14,,,,,,,,,message_fc683c41e5c0,client,Я хочу понимать сроки и что будет происходить дальше.
Message::message_fcad62b7b998,Message,client: У меня есть вопрос по использованию продукта «Страхо...,C017,,,,,,,,,event_37ab80f3e370,,2025-07-24,,,,,,,,,message_fcad62b7b998,client,У меня есть вопрос по использованию продукта «Страхование».
Message::message_fcc13972d92b,Message,operator: Я вижу историю клиента и учитываю этап «покупка».,C038,,,,,,,,,event_7d5785e0bf41,,2024-09-21,,,,,,,,,message_fcc13972d92b,operator,Я вижу историю клиента и учитываю этап «покупка».
Message::message_fce7fadda4c8,Message,operator: Я вижу историю клиента и учитываю этап «знакомство».,C042,,,,,,,,,event_656353341612,,2024-10-12,,,,,,,,,message_fce7fadda4c8,operator,Я вижу историю клиента и учитываю этап «знакомство».
Message::message_fd0e735c1126,Message,operator: Здравствуйте. Я помогу сориентироваться по условиям ...,C050,,,,,,,,,event_24b00571fa17,,2024-10-18,,,,,,,,,message_fd0e735c1126,operator,Здравствуйте. Я помогу сориентироваться по условиям и ограничениям.
Message::message_fd394d564c17,Message,"operator: Мне жаль, что вы столкнулись с такой ситуацией. Я за...",C028,,,,,,,,,event_1b8c0b245bc3,,2024-11-21,,,,,,,,,message_fd394d564c17,operator,"Мне жаль, что вы столкнулись с такой ситуацией. Я зарегистрирую жалобу."
Message::message_fd41cd6e9416,Message,operator: Давайте посмотрим детали операции и найдем ответ.,C035,,,,,,,,,event_4f215353ec22,,2025-09-06,,,,,,,,,message_fd41cd6e9416,operator,Давайте посмотрим детали операции и найдем ответ.
Message::message_fd6f48c60817,Message,system: Системное уведомление: настроение обращения определе...,C042,,,,,,,,,event_dc8caaca728d,,2025-01-01,,,,,,,,,message_fd6f48c60817,system,Системное уведомление: настроение обращения определено как «neutral».
Message::message_fd70ab4d8d0b,Message,operator: Я зафиксировал обращение. Статус сейчас: completed.,C028,,,,,,,,,event_4c40be4187ce,,2025-03-21,,,,,,,,,message_fd70ab4d8d0b,operator,Я зафиксировал обращение. Статус сейчас: completed.
Message::message_fd874b2c6a62,Message,system: Системное уведомление: история взаимодействий клиент...,C005,,,,,,,,,event_e29857fe2fc9,,2024-10-16,,,,,,,,,message_fd874b2c6a62,system,Системное уведомление: история взаимодействий клиента обновлена.
Message::message_fdaf601d4d3c,Message,"client: Уточните, пожалуйста, это повлияет на мои текущие пр...",C034,,,,,,,,,event_992265af59e7,,2025-01-08,,,,,,,,,message_fdaf601d4d3c,client,"Уточните, пожалуйста, это повлияет на мои текущие продукты?"
Message::message_fdb6eb558861,Message,client: Я хочу понимать сроки и что будет происходить дальше.,C030,,,,,,,,,event_72d3ee9df974,,2025-03-30,,,,,,,,,message_fdb6eb558861,client,Я хочу понимать сроки и что будет происходить дальше.
Message::message_fdbe443d90f2,Message,operator: Я вижу историю клиента и учитываю этап «решение проб...,C012,,,,,,,,,event_4ca74c4f8d6f,,2024-12-16,,,,,,,,,message_fdbe443d90f2,operator,Я вижу историю клиента и учитываю этап «решение проблемы».
Message::message_fdc0b9415f0c,Message,system: Системное уведомление: тема обращения классифицирова...,C036,,,,,,,,,event_d86bbedebbde,,2024-08-04,,,,,,,,,message_fdc0b9415f0c,system,Системное уведомление: тема обращения классифицирована как «консультация по тарифам».
Message::message_fe11c4ed460e,Message,"client: Ситуация по теме «техническая ошибка» затянулась, ну...",C015,,,,,,,,,event_c66fbad9f077,,2025-04-16,,,,,,,,,message_fe11c4ed460e,client,"Ситуация по теме «техническая ошибка» затянулась, нужна эскалация."
Message::message_fe15927b6a14,Message,operator: По вашему обращению есть результат. Проблема закрыта...,C009,,,,,,,,,event_681a0f4b121f,,2025-02-17,,,,,,,,,message_fe15927b6a14,operator,"По вашему обращению есть результат. Проблема закрыта, данные обновлены."
Message::message_fe226e234610,Message,operator: Я вижу историю клиента и учитываю этап «использовани...,C048,,,,,,,,,event_e48895189837,,2025-03-14,,,,,,,,,message_fe226e234610,operator,Я вижу историю клиента и учитываю этап «использование продукта».
Message::message_ff16b8c28d64,Message,operator: Могу предложить индивидуальные условия и контроль сл...,C002,,,,,,,,,event_7dce7853327a,,2025-01-26,,,,,,,,,message_ff16b8c28d64,operator,Могу предложить индивидуальные условия и контроль следующего обращения.
Message::message_ff5831721213,Message,"client: Подскажите, пожалуйста, как правильно действовать по...",C008,,,,,,,,,event_c69e5ebe6d36,,2025-03-13,,,,,,,,,message_ff5831721213,client,"Подскажите, пожалуйста, как правильно действовать по теме «изменение персональных данных»."
Message::message_ff698d3d545b,Message,"operator: По этому обращению указан статус «escalated», оценка...",C021,,,,,,,,,event_fac32dcf828f,,2024-09-04,,,,,,,,,message_ff698d3d545b,operator,"По этому обращению указан статус «escalated», оценка удовлетворенности будет учтена."
Message::message_ff739225a62a,Message,client: Мне интересен продукт «Инвестиционный счет». Можете ...,C014,,,,,,,,,event_880a377966a8,,2024-10-01,,,,,,,,,message_ff739225a62a,client,Мне интересен продукт «Инвестиционный счет». Можете рассказать подробнее про повышение лимита?
Message::message_ff7c51c31800,Message,operator: Я помогу разобраться с использованием продукта.,C046,,,,,,,,,event_e42e836c5490,,2025-01-30,,,,,,,,,message_ff7c51c31800,operator,Я помогу разобраться с использованием продукта.
Message::message_ffd01f8bf392,Message,operator: Сейчас отвечу по тарифам и помогу выбрать следующий ...,C043,,,,,,,,,event_cbcaed27118b,,2025-03-11,,,,,,,,,message_ffd01f8bf392,operator,Сейчас отвечу по тарифам и помогу выбрать следующий шаг.
Message::message_fff601cbf5db,Message,client: Я хочу понимать сроки и что будет происходить дальше.,C030,,,,,,,,,event_d4148e149005,,2025-06-25,,,,,,,,,message_fff601cbf5db,client,Я хочу понимать сроки и что будет происходить дальше.
Product::Дебетовая карта,Product,Дебетовая карта,,,,,,,,,,,,,,,Дебетовая карта,,,,,,,,
Product::Инвестиционный счет,Product,Инвестиционный счет,,,,,,,,,,,,,,,Инвестиционный счет,,,,,,,,
Product::Ипотека,Product,Ипотека,,,,,,,,,,,,,,,Ипотека,,,,,,,,
Product::Кредитная карта,Product,Кредитная карта,,,,,,,,,,,,,,,Кредитная карта,,,,,,,,
Product::Накопительный счет,Product,Накопительный счет,,,,,,,,,,,,,,,Накопительный счет,,,,,,,,
Product::Потребительский кредит,Product,Потребительский кредит,,,,,,,,,,,,,,,Потребительский кредит,,,,,,,,
Product::Страхование,Product,Страхование,,,,,,,,,,,,,,,Страхование,,,,,,,,
Scenario::complaint_and_leave,Scenario,complaint_and_leave,,,,,,,,complaint_and_leave,"жалоба, эскалация и уход после негативного опыта",,,,,,,,,,,,,,
Scenario::complaint_resolved_return,Scenario,complaint_resolved_return,,,,,,,,complaint_resolved_return,"жалоба решена, клиент удержан и вернулся",,,,,,,,,,,,,,
Scenario::happy_purchase,Scenario,happy_purchase,,,,,,,,happy_purchase,"знакомство, консультация, покупка и поддержка",,,,,,,,,,,,,,
Scenario::long_lifecycle,Scenario,long_lifecycle,,,,,,,,long_lifecycle,длинный путь на несколько месяцев,,,,,,,,,,,,,,
Scenario::loyal_multi_product,Scenario,loyal_multi_product,,,,,,,,loyal_multi_product,лояльный клиент покупает несколько продуктов,,,,,,,,,,,,,,
Scenario::one_touch,Scenario,one_touch,,,,,,,,one_touch,клиент обратился один раз и больше не вернулся,,,,,,,,,,,,,,
Scenario::problematic_many_complaints,Scenario,problematic_many_complaints,,,,,,,,problematic_many_complaints,частые жалобы и высокий риск ухода,,,,,,,,,,,,,,
Scenario::repeat_purchase,Scenario,repeat_purchase,,,,,,,,repeat_purchase,повторные покупки после первого продукта,,,,,,,,,,,,,,
Scenario::short_support,Scenario,short_support,,,,,,,,short_support,короткий путь с вопросом в поддержку,,,,,,,,,,,,,,
Segment::loyal,Segment,loyal,,,,loyal,,,,,,,,,,,,,,,,,,,
Segment::new,Segment,new,,,,new,,,,,,,,,,,,,,,,,,,
Segment::premium,Segment,premium,,,,premium,,,,,,,,,,,,,,,,,,,
Segment::problematic,Segment,problematic,,,,problematic,,,,,,,,,,,,,,,,,,,
Segment::regular,Segment,regular,,,,regular,,,,,,,,,,,,,,,,,,,
Segment::risk,Segment,risk,,,,risk,,,,,,,,,,,,,,,,,,,
Segment::sleeping,Segment,sleeping,,,,sleeping,,,,,,,,,,,,,,,,,,,
Sentiment::negative,Sentiment,negative,,,,,,,,,,,,,,,,,,negative,,,,,
Sentiment::neutral,Sentiment,neutral,,,,,,,,,,,,,,,,,,neutral,,,,,
Sentiment::positive,Sentiment,positive,,,,,,,,,,,,,,,,,,positive,,,,,
Topic::блокировка карты,Topic,блокировка карты,,,,,,,,,,,,,,,,блокировка карты,,,,,,,
Topic::возврат средств,Topic,возврат средств,,,,,,,,,,,,,,,,возврат средств,,,,,,,
Topic::жалоба на обслуживание,Topic,жалоба на обслуживание,,,,,,,,,,,,,,,,жалоба на обслуживание,,,,,,,
Topic::закрытие продукта,Topic,закрытие продукта,,,,,,,,,,,,,,,,закрытие продукта,,,,,,,
Topic::изменение персональных данных,Topic,изменение персональных данных,,,,,,,,,,,,,,,,изменение персональных данных,,,,,,,
Topic::комиссия,Topic,комиссия,,,,,,,,,,,,,,,,комиссия,,,,,,,
Topic::консультация по тарифам,Topic,консультация по тарифам,,,,,,,,,,,,,,,,консультация по тарифам,,,,,,,
Topic::оформление продукта,Topic,оформление продукта,,,,,,,,,,,,,,,,оформление продукта,,,,,,,
Topic::ошибка в приложении,Topic,ошибка в приложении,,,,,,,,,,,,,,,,ошибка в приложении,,,,,,,
Topic::повторная покупка,Topic,повторная покупка,,,,,,,,,,,,,,,,повторная покупка,,,,,,,
Topic::повышение лимита,Topic,повышение лимита,,,,,,,,,,,,,,,,повышение лимита,,,,,,,
Topic::просрочка платежа,Topic,просрочка платежа,,,,,,,,,,,,,,,,просрочка платежа,,,,,,,
Topic::техническая ошибка,Topic,техническая ошибка,,,,,,,,,,,,,,,,техническая ошибка,,,,,,,
Topic::условия продукта,Topic,условия продукта,,,,,,,,,,,,,,,,условия продукта,,,,,,,
,,,,,,,,,,,,,,,,,,,,,,,,,
